date,technology,finance,healthcare,energy,consumer
2016-01-04,-0.015750058741331615,-0.02073680676072292,-0.005391262652717494,0.019860228122507425,-0.010084650804534523
2016-01-05,-0.02935100569222733,-0.03213002975384806,0.020394847633848464,-0.02671381395583348,-0.020376996144677844
2016-01-06,-0.008126912190818946,0.00048427793903907336,0.00453879215152726,0.04760693405782287,0.0008928489819221345
2016-01-07,-0.04003147783695677,0.002217662709027332,0.001666276143468461,0.01301545459116767,-0.010632603615134253
2016-01-08,-0.028303477939511348,0.01288394236205454,-0.025841957236288803,-0.005003605244429658,-0.021184326451864036
2016-01-11,0.039571566790347235,0.025620160167562238,-0.0028760021475862482,0.03145923410332419,0.03637797753843789
2016-01-12,-0.027508748931552505,-0.02973908303478289,-0.0008421310372927226,-0.012035158182215046,-0.027011565020041057
2016-01-13,-0.018172076713463853,-0.009939201157090747,0.01124550899132404,-0.0409675566161522,0.003218041068847186
2016-01-14,0.014096753924779387,0.043377806648262,-0.033079814217979626,0.020288645532486136,-0.00035984733479596894
2016-01-15,0.04139082010872917,0.0016019100987380596,-0.0030749342069184295,0.007331346511587683,0.015309929436538172
2016-01-18,0.014403011383244417,-0.016986962152896096,0.0376008730776762,-0.025909195060978996,0.0136769279279323
2016-01-19,0.027314744768788334,0.007318362567035019,0.016180209401332378,-0.03254705059168074,0.007257824230921966
2016-01-20,-0.015022419048267942,-0.036319263565647644,-0.01533813260317754,-0.04740752144626431,-0.0044976170148968864
2016-01-21,-0.022960634507752965,-0.043549701267368686,-0.009139289503535956,-0.0389682048143352,0.01815667789723328
2016-01-22,0.0492785627239178,0.03320911482218324,-0.00473017922864011,0.08195570237214335,0.01863944289775995
2016-01-25,-0.05244205815728564,-0.022194701058763363,-0.04199263526725314,0.025558628429989984,-0.016193997030554835
2016-01-26,-0.03906428655491773,-0.03442354913363542,-0.05471933076072026,0.039089895605386414,-0.020050803394087626
2016-01-27,0.021809186016037454,0.03945116714806794,-0.0022730204039951535,0.01165510210905985,-2.3530832863884288e-05
2016-01-28,0.008998765173158375,-0.014311349409027724,-0.007190365001110164,2.7473613234682326e-05,0.0002796398107034093
2016-01-29,-0.019698500845554176,-0.036515091267772665,-0.020572745042461513,-3.4757194292552905e-05,0.006809111756995648
2016-02-01,0.035326742611678986,0.015115809205692197,0.023548938945280803,0.013525209696320789,0.03363971397967564
2016-02-02,-0.025940873430451643,0.01014083242411865,0.0024433484172770837,0.0005012301568303018,0.03123991762299505
2016-02-03,0.05865465259637826,-0.00018095756059642945,0.01667576220651419,0.017457447693555204,0.03133885180457802
2016-02-04,-0.042860121500412546,-0.010409687727887546,-0.005917507933903107,-0.028382214726740723,0.0005584925998291884
2016-02-05,-0.019177026587200344,-0.009403468400840569,-0.025074526883715684,0.011609820010628515,-0.0020183686985207165
2016-02-08,-0.011304006685680235,-0.022495148844376613,-0.005163796077564934,-0.0058180051936735835,-0.0027204372251274376
2016-02-09,-0.00862136380177188,0.016516815366590415,-0.006845100519353629,0.011378840893199547,0.02296077648249355
2016-02-10,-0.027808627730816948,-0.012312041721439857,-0.002121519118436279,-0.026743596845218032,-0.02982321561749817
2016-02-11,-0.031794472606021154,-0.056717263635449426,-0.013813386398137067,-0.03314670955640924,-0.007878910031745266
2016-02-12,0.06147202649818029,0.03774336007317777,0.021139970292681866,0.03265587094591931,0.013602132134332761
2016-02-15,-0.05605851456445302,-0.04733916013254868,-0.01414502295145662,-0.028668627890735356,-0.017171884300292973
2016-02-16,-0.02445345871827345,-0.01258753931642718,-0.012327877338929238,-0.010330822392715154,-0.028274909443396088
2016-02-17,-0.03328688711601876,-0.018447923388775413,0.018478691493152972,-0.014823893908174565,0.007073619408087667
2016-02-18,0.07069263208619447,0.04422915192080503,0.011423943714461572,-0.01786806769114497,0.007865292996179208
2016-02-19,0.050604925024905816,0.003971407145823603,0.00133426155164925,-0.001654675888529616,0.008664231972235738
2016-02-22,-0.04594621476103133,-0.005278495955174263,0.003165532028836153,-0.02686892445516361,-0.049980549837471404
2016-02-23,0.02553507094778233,0.014457873678446944,0.005300190382683684,-0.035039799734334014,-0.015603172119305028
2016-02-24,-0.01287522604728358,-0.0017181704451331744,-0.004107008316687734,0.02224310854295008,-0.018092795047501848
2016-02-25,-0.05085716820920125,-0.025616369226710064,0.009684503736247348,-0.04875992349092659,-0.03994996461574178
2016-02-26,0.06960835361573764,0.01688205525052306,0.010584052366633036,0.04687081598760319,0.007703698034894842
2016-02-29,0.00324490457188087,0.01041455283649448,-0.0013264088117098613,-0.003783601287374573,-0.0124313685114503
2016-03-01,-0.01907979271833504,0.011136821228293448,-0.03673806377627406,0.022967876606084424,-0.00897281338698596
2016-03-02,0.0008359732899518018,0.0006170038020455844,-0.0010408039910814147,0.016241102077258023,-0.031214076130862377
2016-03-03,0.028953584413770835,0.02413052732708783,0.00703677283558041,0.012049300262274224,0.025868791932504367
2016-03-04,0.07813089285467188,0.06282489691255681,0.04010010207981006,-0.012952724170282143,0.057254679061356624
2016-03-07,0.004446602776263201,-0.01052548211034289,0.004549760433829157,0.02497502082029277,-0.028448117387215144
2016-03-08,0.032260428343562554,0.00593780430453446,0.007639138236672161,-0.004075411545878313,0.02210884387678392
2016-03-09,0.0036339435045435577,-0.011696780461237,-0.01617509822505846,-0.012234192569682941,0.0030848471187617625
2016-03-10,-0.029004286323746825,0.000934412607064728,0.01733616852579335,0.00019219509887933236,-0.0363515555280618
2016-03-11,0.01597855208198903,0.017654280067280207,0.021819949283730114,0.010022950590533337,0.03982654563969467
2016-03-14,0.055685401368860944,0.029268478279734847,0.02785507934500109,0.05180503747328248,0.043316409961599085
2016-03-15,0.019243152637109056,0.04594633765944233,-0.020744542200789643,0.061970987264796544,0.00844466122475135
2016-03-16,-0.07918175242579958,-0.02238791630663603,0.010846176369765207,-0.023135836031078414,-0.008124306539655169
2016-03-17,0.049256037891849576,0.014752209789313173,0.014007004872141817,0.030852496468295812,0.005864235446313997
2016-03-18,-0.0019169593815335057,-0.017247631196735943,-0.020356661245510388,-0.008692500261704436,-0.0031468758861025194
2016-03-21,0.009937975104997044,0.01679907515253961,0.017971133188312612,0.026534796333592573,0.002407878056408555
2016-03-22,-0.01236598697192042,-0.029526773295924374,0.02129589327167276,-3.3872514705318484e-05,-0.007287418877082146
2016-03-23,-0.0019982889534402707,0.01526455590639074,-0.014037753029011262,-0.001202365700364925,-0.015457647674106628
2016-03-24,-0.0010237131201274686,0.0235638425864285,-0.006414480380867453,0.04224813514591018,0.01133138564614197
2016-03-25,-0.009015030040753462,0.011335582571565254,-0.02042540780472149,0.012766052753145104,-0.0021046672537717425
2016-03-28,0.07305115677299147,0.02898101480696473,0.019581106039451696,-0.00997245213763761,0.007136199467465525
2016-03-29,0.026075091471289148,0.04329476365908987,0.030575478054496463,-0.012021359711773575,0.00304303683470733
2016-03-30,-0.04791294573317684,-0.025319844350805917,0.009341482658788498,0.005889541983000185,-0.005353132926825265
2016-03-31,0.0009774927719226059,-0.04543888705084791,-0.07212081256771019,-0.021010198376939945,-0.05651755346291839
2016-04-01,-0.006937152330528355,-0.02971686257193828,0.0018631361678632659,-0.03072424860259354,-0.027878246330007607
2016-04-04,-0.009650652065430445,0.015185478180969292,-0.007485939165238575,0.036648886846363526,-0.017255168862901026
2016-04-05,-0.04735524252337853,-0.036380733094296465,-0.018854830742710466,-0.0054993739058695895,-0.023551025113006076
2016-04-06,-0.008105245370789996,-0.03960117049264149,0.009641631216823087,-0.03642580091299827,-0.007799131199690443
2016-04-07,-9.140965026585685e-05,0.04153152478940662,-0.027714653029195284,0.02539928232733297,0.021827875457630465
2016-04-08,-0.07751212873873771,-0.06276535900593137,-0.025931205746087288,-0.02516471743197901,-0.05341167949175935
2016-04-11,0.026068401818657175,-0.017434391347688538,0.025726422255162834,-0.02024631100927867,-0.017832147556901976
2016-04-12,0.047394404579890234,0.031653409484359636,0.02168854435192695,0.027979929978265126,0.01453776464983262
2016-04-13,-0.022450994499580303,-0.0050509675994335436,0.024769708147957405,0.004113050930838175,-0.005770536798602512
2016-04-14,0.06254874724990295,0.016711730722406566,0.0017538879508020844,-0.0040214164881390785,0.006849627148394037
2016-04-15,0.015616068339642698,0.01987236265091888,-0.012854234129420463,-0.005725955123025081,0.01645614468349609
2016-04-18,0.031922924176151016,-0.003547410385039741,0.02626513740091474,-0.009002669354214838,0.013383907016391595
2016-04-19,0.012085999755375363,0.013700430004520396,-0.004517684969104025,0.008908898975367023,-0.003160068137807567
2016-04-20,0.004924514269581069,-0.004167552799171115,-0.00986527900499426,-0.005975312968008532,0.0025987100632072478
2016-04-21,0.006224423211219977,0.0007073077460569706,-0.006183948943707517,0.008249848700014285,0.02473670407314626
2016-04-22,0.00665062849859286,0.013043921076523695,-0.012292784815691014,-0.00032988633081210275,-0.00233538405335929
2016-04-25,0.054380234786157215,0.04433405041220397,0.02995216370795515,0.016615135419979936,0.030791965101539157
2016-04-26,0.024140247645470264,0.015878663367679173,-0.015044981288061905,0.006260413957331841,0.003024002099243914
2016-04-27,-0.051015141242158495,-0.06601794330807498,-0.02168425779513066,-0.03168627648236605,-0.033998710896709645
2016-04-28,0.007136596218092396,0.014848980419509257,0.024358835291140586,-0.01349570042189848,0.015880435327953486
2016-04-29,0.046573370069690145,0.056548977072742625,-0.003402648671541444,0.030424140046578663,0.025802595009605356
2016-05-02,-0.01668149187172215,-0.03815884267604777,-0.013364559745978938,0.00422785785796799,-0.019471715789750522
2016-05-03,-0.004792628748938992,-0.010297043113091372,0.01838243921864991,-0.0048817675820605425,-0.024202183757829954
2016-05-04,-0.07657528098293173,-0.05726705970250406,-0.028481238393084855,-0.028886876908609582,-0.011406206675670019
2016-05-05,0.04558060118598355,0.03667634293673155,0.028572592429782415,0.037702519845142286,0.022630581075783363
2016-05-06,-0.01698361532124072,-0.0470745300619138,0.003939611554014623,0.006629709598253842,-0.0273836615436726
2016-05-09,-0.018157207828723515,-0.030835464653763776,0.004581218294257229,-0.0178765655584552,0.008942278427630618
2016-05-10,-0.0447969410813007,0.029039632889444753,0.022123284371990237,0.004299945507851403,-3.4458721782330215e-05
2016-05-11,-0.03987446148901634,-0.01828836759051179,-0.006013531740760517,-0.013665717323785461,-0.015075740337184652
2016-05-12,-0.0028706763496884943,-0.006939698159876987,-0.011805659393122043,0.018049766808171042,0.014906297011115243
2016-05-13,-0.005862059301768011,0.008812776983344258,-0.008352865237741435,0.015169886002971865,-0.024937573099893966
2016-05-16,0.008223846604471419,0.014855522031444782,0.004235571781270179,-0.0028178395068743593,0.008502261990168727
2016-05-17,0.0008786959512643755,0.035358037074991494,-0.013618512193160808,-0.015477221223815021,0.00906858192265338
2016-05-18,0.0054163452342347075,-0.0011625779750042867,-0.005350635765995767,0.019777859104660556,0.025366559580119224
2016-05-19,-0.012591631196198296,0.023308452018019413,0.01254707887565792,0.022359504767250835,0.009476141825623513
2016-05-20,0.001150404464763422,0.03239159389894414,-0.005331640871031871,0.015280236403017372,0.01907347463647301
2016-05-23,-0.01458516159389772,-0.027102176459321864,-0.015120349481473663,0.009348288918353728,-0.007972015341748169
2016-05-24,-0.00865924478491962,-0.022479690337094713,0.0054816507138066755,-0.00823531079823979,-0.006470520008777512
2016-05-25,-0.02348683091059999,-0.023789845790949272,-0.019024021219899847,0.004585111990072035,-0.011670741113617452
2016-05-26,-0.03811588289582555,-0.016557886092512682,-0.013153705760729176,0.03212592105193173,-0.00901577580151147
2016-05-27,0.011228793740049097,0.0013168978626649202,-0.0037300400016126974,-0.00022389556142294586,0.0022859982920090485
2016-05-30,0.013808752622051253,0.04829713935558305,0.02107850079210212,0.03732511754303546,-0.0013362647274279174
2016-05-31,0.04676639866638405,-0.013342593922139857,0.011967880463243548,0.007131993846689878,0.00777847123661422
2016-06-01,-0.02749834570049219,0.04244698122007205,0.018644363806613686,0.022801905148517876,0.035557345963506015
2016-06-02,0.07408178531275107,0.020396230610473704,0.01873799622786576,-0.03377065603554451,-0.002363217933137948
2016-06-03,0.004606769118951449,0.04116865668809443,0.02143700111134732,0.08323145469294008,0.0331266071203801
2016-06-06,-0.0689297055401826,-0.04816774430050407,0.004639975103483669,0.011220993769580573,-0.01258109475796785
2016-06-07,0.04432084103324683,0.0419429716028564,0.024297357886237707,-0.036910601430729745,0.015952406301099332
2016-06-08,-0.061930485875388464,-0.06432408784143549,-0.0018155557875782283,-0.020589515283972282,-0.01338137838290372
2016-06-09,0.04261796659388537,0.0013599408835392453,-0.011487387338440716,-0.01451193134313326,-0.0036255352022839353
2016-06-10,-0.020510716768092685,-0.014660313030947392,0.02359349198239214,-0.011456112769680383,0.0007002191875771416
2016-06-13,-0.038187363825481276,-0.039806571708928165,-0.0012501376799697215,-0.01314004501488371,-0.005299432073817986
2016-06-14,-0.017490664152788396,0.02950769794593608,0.03236190797219537,0.01924975768140384,0.03429236737967019
2016-06-15,0.06975050132456619,0.0340025993051005,-0.004345737674717873,0.026670267470725505,0.02283102493528183
2016-06-16,-0.06963605025781981,-0.0885110950944339,-0.03248233588036319,0.007014943915060046,-0.02468257028638827
2016-06-17,0.02220145249018543,-0.03138813454007523,-0.016392284864424622,-0.053669578810852304,-0.029214621986976233
2016-06-20,0.03185617025635264,0.02062608025629913,0.004757833847937567,-0.006777431787515476,0.0002721747883679113
2016-06-21,0.005466718091845176,-0.02172850497338881,0.003122433592270683,-0.021955529871631765,0.01283954294523504
2016-06-22,-0.08945834670174932,-0.05336238131433675,-0.024002174721230354,-0.0012677859787257144,-0.025398212997334375
2016-06-23,-0.0423935429513235,-0.0167390299309662,0.010347057655998403,0.01281044197706426,0.016985463821942385
2016-06-24,0.00661115002108249,0.02749286473185379,-0.0049616755497635615,-0.004754260730908413,0.008733311042045883
2016-06-27,-0.05965731204502566,-0.06255959359106401,-0.011021074074234437,-0.037464158592368284,-0.0034823271225636523
2016-06-28,0.04463179359473216,-0.00871662235993995,0.007232507983487785,-0.025969376202143003,-0.003643595012586389
2016-06-29,-0.011927313726581106,-0.020276899878441446,-0.008694171767940856,-0.02805111880056406,-0.037618232898054015
2016-06-30,0.007269438938728793,0.005411645839780665,-0.009392033050098454,0.010145624659654462,-0.009931823385118149
2016-07-01,0.046556011700187895,0.011555693572624943,0.01634673570855841,0.02021205673082136,0.0348211830201763
2016-07-04,-0.0458797842151461,-0.022899367314352003,0.018904099576617515,-0.04104966341908643,-0.014448445481339221
2016-07-05,-0.037793558331878745,-0.02762322464414313,0.005755762538520178,-0.020656689117169825,0.00295707101935184
2016-07-06,0.019587012281480992,-0.023785381992435045,-0.0011453938359579886,-0.019920732817607537,0.0028852447726068087
2016-07-07,0.027056607309848636,0.0018556378421648357,-0.012261393795471344,0.012353848181114223,0.022900762330735132
2016-07-08,-0.005099212238321022,0.001884584051086671,-0.018331922725131906,0.0635317441589987,0.009877264883778433
2016-07-11,-0.03679240810243605,-0.014806115429461633,0.017492931134460963,0.01402669454599913,0.008468986241693248
2016-07-12,-0.011539687646487573,-0.04074636533947575,-0.023593474973985683,-0.015284036324702056,-0.009362701072351595
2016-07-13,0.003700875453009638,0.008141754902938376,0.011689464137649217,-0.02811775172370874,-0.01460090549494337
2016-07-14,-0.02703510328240011,0.006456796459127245,0.006019254521392222,0.015093809385949229,-0.006250694024088512
2016-07-15,-0.016350677933867887,-0.009086986503448876,-0.015023429055302965,-0.024452436146150506,-0.01170516330291953
2016-07-18,-0.016943661987225495,-0.013275304491637226,0.015927568174501187,0.012982928748676306,-0.004415939070181843
2016-07-19,-0.00043213129281260233,-0.0003584356196328597,-0.008263576737809874,0.011492711749037796,-0.0027189546109864845
2016-07-20,-0.019335813730679236,0.000667883384986304,-0.011557030569275163,-0.0156841370646904,0.0038290197952957896
2016-07-21,0.003231533243856198,-0.006933596355648655,0.010611916431350248,-0.020742767151677815,-0.0004770848824097602
2016-07-22,-0.00022315295540962065,0.001420147041141455,-0.008007671663502908,0.011441693101021572,0.028607256162225328
2016-07-25,0.031452965306877016,0.03021508855381872,0.0089581128787312,-0.010096799021588027,0.03836287183953816
2016-07-26,-0.017382902051707935,0.009168158487914484,0.019346371014662758,0.02363418168865624,0.001877193288335139
2016-07-27,-0.07616678644144642,-0.06422423582165508,-0.032464689412674,-0.04070117394913329,-0.015286645996992995
2016-07-28,0.043268629773860104,0.03937222037828169,0.04068196449660044,0.03176726498016021,0.021144004875543288
2016-07-29,-0.009453181396467817,-0.009348488078381904,-0.009463774280706386,0.016588617980090405,0.015701727150342605
2016-08-01,-0.0191238157699122,-0.0001253464161362464,-0.011652811784752304,0.029601474900794077,-0.0192383331275954
2016-08-02,0.007705388261948242,0.002084381634309803,-0.026273694361467637,-0.04711137820693065,-0.03097991474511546
2016-08-03,-0.016365193276275704,-0.009591473397047,0.01581484881621983,0.017159869557934086,-0.008425864342284204
2016-08-04,0.02142826719249164,0.049667957194137864,0.018484226690085603,0.02674918613723762,0.007750434797940195
2016-08-05,-0.013736773324297805,0.011760056480045626,-0.016977530345066973,0.023059794329976346,0.008704493494353146
2016-08-08,-0.013479628069295065,0.042294691988989976,0.005144352875708898,-0.0028529191140993734,0.014174396087429668
2016-08-09,-0.039996470890887925,-0.01981829600486299,-0.015258388329807741,-0.0071854699912786086,0.0020679227624317347
2016-08-10,0.004458117550791663,0.011684343836178033,-0.005343427584016523,0.003487427054999643,-0.012337299460243267
2016-08-11,-0.01648627252593728,-0.0097058778316146,0.015620543854647662,0.015275786198681186,0.010843736113172528
2016-08-12,0.01074776399631683,-0.014352459572905922,0.008653858763923652,0.012730978527541244,0.030326120251484366
2016-08-15,0.004554608220411124,-0.03089901709805833,-0.0016014882870418199,0.013746352241656355,-0.016322221303361684
2016-08-16,-0.0010136798392070025,0.010423564563877849,-0.002224972723400403,0.022375962914408614,0.007406738417943331
2016-08-17,0.02330057119665313,-0.02318320624638925,0.004642612381755578,-0.007754949748396712,0.004056660232427156
2016-08-18,-0.01690366075156427,0.006675588013262787,-0.01478037904489383,0.02518986614138657,-0.01123337079009598
2016-08-19,0.022156051248362667,0.0034709724882115317,0.006513281913731836,-0.003652743915729802,0.004234404569224074
2016-08-22,0.010921034940898263,-0.02750601674260901,0.023575042289377474,-0.0005776290483412159,0.00683377160686122
2016-08-23,-0.00403920851811667,-0.02977377518990092,-0.0240649574527697,-0.020834145324023487,-0.023243299512288918
2016-08-24,0.01100007268711944,0.02526487872369479,0.0192501545252246,0.012796266377597698,0.0029191422785045306
2016-08-25,0.005353522260631418,0.02297246412412315,-0.004748328096806042,0.03611592299075747,0.012789640221491745
2016-08-26,-0.005785081207371545,-0.0005564057963178241,-0.002199520325183319,0.015994072198944973,-0.0205669606146286
2016-08-29,0.02188347110285404,-0.005628547239147116,0.03394068215131372,-0.004721814213795414,-0.011243790237589707
2016-08-30,0.0415658359503399,-0.0006337970442739888,-0.011280469069016405,-0.015156553907095138,0.008745322531579348
2016-08-31,0.007430536546930736,0.02102060069000742,0.008958421091206493,0.035422153636614745,0.023612977894317256
2016-09-01,0.027044447701125355,0.04158701267712591,-0.0038506024152460566,0.035995437472282066,0.020119176565189394
2016-09-02,0.0009374879598760492,-0.010928727596032485,0.001590918095812434,0.0019720316321936216,-0.03460646471685699
2016-09-05,0.00523321842568793,0.004703891491706822,0.0005703028660196601,0.000795525784886784,-0.00972257437176547
2016-09-06,-0.015475057427201191,-0.023543991881369686,-0.03493984693335554,-0.028271403311055324,-0.01122512954601515
2016-09-07,0.018502438704623186,-0.0006918228480923736,-0.014390257128041107,-0.03754494436077565,0.006750090671994023
2016-09-08,0.011194820219168384,0.014005794900926058,-0.018123870119269598,0.01412826509840331,0.003474847718056241
2016-09-09,0.0029142192914944614,0.0063719264624083356,0.017489595128759566,-0.0319851656912169,-0.0052191845359080835
2016-09-12,0.02508947711526265,-0.007782060147342038,0.012579691394505767,-0.03821926326656734,-0.01762082857130608
2016-09-13,-0.015954921987917894,-0.006404607516245521,0.03051926897916291,0.009261951234266642,-0.0030710058955752922
2016-09-14,-0.021279762627012117,-0.016126224460747424,-0.018543445711063377,-0.021008114464927383,-0.0029817106500022177
2016-09-15,-0.013913352591808812,-0.004176453393035617,-0.014863173138282938,0.030374114748258862,0.014148232652496564
2016-09-16,0.0016054836538408805,-0.024876354567376625,-0.03214834412951467,-0.041691645847113344,-0.023583516036472924
2016-09-19,0.041688756314309135,0.032234585822028886,0.01500296036338057,0.03132697295204662,0.034506288677936696
2016-09-20,-0.01053764783749496,-0.019196075645169793,0.010383772804472098,-0.005498638013905294,-0.0347356832974261
2016-09-21,-0.0032854150473910124,-0.01986668864161742,0.022575768383541243,-0.017623954851186882,-0.029030066470973268
2016-09-22,0.025439169059934087,0.013701664449243244,-8.483982380149587e-05,0.0076376832588374724,-0.002541279487592583
2016-09-23,-0.02597577845860634,-0.03257494727418822,-0.010796348380347046,-0.0042511051072940675,-0.024492963690027954
2016-09-26,-0.016620656262350517,0.029183082261628187,0.013363487837667673,0.01117506663410226,0.0012624993836554727
2016-09-27,0.012928538307650478,0.024871059089607288,-0.011840336413451792,0.018735801371575437,-0.006098445516603538
2016-09-28,-0.00350572314509767,-0.0055930691302713675,0.011714862879938365,0.019164643849966568,-0.003349562399758862
2016-09-29,-0.037041904908041504,-0.010946960063510286,-0.03813122030010412,0.0007173351878128636,0.011276688540776885
2016-09-30,-0.009148842721779172,-0.0016479108679151794,-0.01781449885219445,-0.028338497650526526,0.006460803949233834
2016-10-03,-0.016465753272518844,0.017052285025189642,-0.011745873786408925,-0.0011854210911705762,0.0041367662450791255
2016-10-04,0.003967778683846628,-0.004857900887316868,0.03889108933906947,-0.021686971461271604,0.0020454338660565795
2016-10-05,-0.01643452840930318,0.007173690456964635,0.0008788559150445504,-0.007359664731280415,-0.005136186862723359
2016-10-06,-0.0071376377380351795,-0.006600792057984309,-0.03324528569582735,0.0234027957192697,0.02204378937006316
2016-10-07,0.043376921846776675,0.05813336491590665,0.006659934846306985,0.0033186841780516695,0.021214002377516174
2016-10-10,-0.00023052687764798724,0.021996857797037594,-0.03766990787285673,0.003310677115139891,-0.00824232964311424
2016-10-11,-0.032962262492593736,-0.02946065512413085,-0.031431453073467557,-0.013478716822478944,0.008927502077835464
2016-10-12,0.0009185714940460892,0.005725333044402362,0.011021680965509489,-0.016915483992187983,0.006019755900794996
2016-10-13,0.004833338756318848,-0.0006335268661986462,0.03351670051224507,-0.025294077152441356,0.002407156088050366
2016-10-14,-0.014549485784526861,-0.002589902008004456,-0.03101237964989741,0.00707493300204621,-0.0022444151649940714
2016-10-17,-0.020588804482587986,-0.02337220162004269,0.01675293873182778,-0.015584709770691117,-0.0027791283557081345
2016-10-18,0.009807617560789857,0.025141298204911615,-0.0005520811639732315,0.007562526262338796,0.0010004015585471518
2016-10-19,0.00968314647482127,0.01832677906925797,0.007543762319002241,0.003990208076254825,0.004316576750271388
2016-10-20,-0.014705228632229924,-0.007844232113768656,-0.01467205193045921,0.009738367592560861,-0.0013457301393080103
2016-10-21,0.008184435471610145,0.005944784010715924,-0.025501403121177407,-0.030753010919412772,-0.0241344855059431
2016-10-24,-0.002171118857646994,0.009799204851724258,0.0016027251661812117,-0.00412872788808162,-0.014974046594668293
2016-10-25,0.015316466059161057,0.03886821980403107,-0.008924940742278701,0.05093165745129583,0.004746412145093164
2016-10-26,-0.013848410129704426,-0.04299316246161397,-0.016795713013331673,-0.02821771361974121,-0.017988089700119562
2016-10-27,-0.006557557850244654,0.029470643981890678,-0.0024006827956548618,0.0015568717214717517,0.006626729537643411
2016-10-28,0.0044049835593686195,0.04485306469625658,-0.029636929170776857,0.015822063933593967,0.019360587321617606
2016-10-31,0.010473337069228662,0.018492833651699365,-0.02357761266536466,0.016548206164775904,-0.0040276684231017445
2016-11-01,-0.007758305880506349,-0.01727691533498968,0.01506574855753883,0.00251952256291647,-0.005752592378797925
2016-11-02,0.015927517636650616,0.018168028589577764,-0.017508340953079165,-0.02185515174690067,0.005130264344080691
2016-11-03,0.001740850177825819,0.02848942888434705,-0.011046350293075725,0.022503415659287315,-0.0002545291534382257
2016-11-04,0.006540458334967684,0.018222295196707084,-0.014699371292129894,-0.0017522504708013054,0.002552593869063563
2016-11-07,-0.010078210289420526,0.04095699667328334,-0.04821884457880516,0.029935144771246404,0.00608752199804307
2016-11-08,-0.033714656311373395,-0.023812352391652008,-0.026245530439202375,-0.02592836755315843,-0.007738933366127341
2016-11-09,0.005647412074227501,0.018089266182457698,0.012288876394010734,-0.008129894493593873,0.0006564421581786925
2016-11-10,-0.003965184083394925,0.013885609654076873,0.010712601978823646,0.013546012143457475,0.021951149586516207
2016-11-11,0.012989985656245035,0.02609914136650405,-0.010084702507288983,0.014506427906176397,0.0020868107144465173
2016-11-14,-0.033365740105614994,-0.01653941561512078,0.0037596707479562665,0.008335752304594915,0.015186457798541535
2016-11-15,0.018381112244374016,0.008212763404445569,0.010974613893416564,-0.010159843139825087,-0.006808810386455213
2016-11-16,-0.010244031556792097,-0.02759811615857897,-0.005656439454443613,0.014889384222541902,0.015034794828584549
2016-11-17,-0.000949433743213324,-0.01845238017075206,-0.01564641915050104,0.0005954771457864586,0.011706226280313889
2016-11-18,-0.0070302689240307045,-0.027713518054584368,-0.0022411107397512565,-0.008616617176941012,-0.005817878881624696
2016-11-21,-0.016896407480824892,-0.023290361316040283,-0.010247603890405629,-0.03744285327279819,-0.006184514072641538
2016-11-22,-0.01243694080874292,0.008100013230593967,0.01729750145687195,-0.014264149514694735,0.012644483293384794
2016-11-23,0.03981117182392303,0.0027910908677408306,-0.0192864686780758,-0.007078771908925846,-0.015725178279755052
2016-11-24,-0.03848106366303462,-0.020362804576785458,0.0004504252374751067,-0.006904562111150521,-0.0009581910169476208
2016-11-25,0.0011247890530683856,0.0016242663148808621,-0.015759053741308007,-0.013413147034541896,0.005603345609358082
2016-11-28,0.0029501309947338582,-0.010833302510679209,0.03230065962019104,0.014926021476105852,-2.4198256215002723e-05
2016-11-29,0.002007144984432837,0.009591139297115898,-0.008968050158188776,0.019652427557023663,-0.0012083303868136825
2016-11-30,-0.03399741048746746,-0.025477540718281354,-0.024950262807076653,-0.01959501988954995,-0.014108248376227836
2016-12-01,-0.01081158727124597,0.009797310307038318,-0.00508198901175154,-0.008869344469725813,-0.008574406242824077
2016-12-02,-0.0058896327274943145,0.023001913337291638,0.0063371918041815085,0.016749945762115307,0.009873293501471002
2016-12-05,-0.0030818951373090555,-0.01005065484733253,0.003323638802742941,-0.013916113460049043,-0.002878497754489799
2016-12-06,0.006865798594861195,0.0076643725720691456,-0.011131720188019388,0.008267280643282348,0.0006115998974826283
2016-12-07,-0.026998556140006187,0.01551756684273096,0.003079371629887698,-0.01913497728802608,-0.009105297603997274
2016-12-08,0.0046155546627795726,-0.018420516001428848,-0.015228147083950276,-0.03605941870164855,-0.00682203497979581
2016-12-09,-0.012058463818148613,0.04487946467282275,0.009586144666184643,0.022769072592050705,0.014742880476149493
2016-12-12,-0.0072781169353815945,-0.00026217625422833953,0.014931251703174313,-0.03399050846041846,-0.013497129841678236
2016-12-13,-0.0007853623096670571,0.030819782852424857,-0.0020073104460370697,0.018418419151315008,0.028256380312281764
2016-12-14,-0.010322972853763056,-0.028714654186696085,-0.01342862680849536,0.002220536788680179,0.004589583892320123
2016-12-15,0.021358160709315357,0.02565360475336355,0.0026379080070911788,0.05025333209708908,0.01313087484469093
2016-12-16,-0.001872340568424091,0.008993359760161738,0.024743998973074048,0.020217528930817002,0.017180168858213562
2016-12-19,0.007478514999381124,-0.008948127675606326,-0.000764643432652424,0.009365981169663435,-0.01468252023451696
2016-12-20,0.04056476610156523,0.001996699320528974,-0.018776582773761926,-0.021619703386732487,-0.01036001785845928
2016-12-21,-0.001270620092900384,-0.008912900849574976,0.026336122821109562,-0.013148644686449119,0.015208266545457651
2016-12-22,0.015616934962777733,0.009202460569500316,-0.017420872249903737,-0.047213665998581074,-0.011373283975657176
2016-12-23,0.011580412761503888,0.017551705103563228,0.008674538864153793,-0.0048515652712023,-0.002726188625476598
2016-12-26,-0.039065129226687374,-0.0008698505225007897,0.010996057974689824,0.02419558189686633,-0.005836379493904554
2016-12-27,0.005892964947299078,0.008903514529884663,-0.0006470023574300359,0.034706158677422265,0.014762867969786915
2016-12-28,-0.008707612122736333,-0.0024270584714647324,-0.02954800026801328,0.0007543245484319821,-0.008254142931341394
2016-12-29,-0.01729001300035258,-0.013738472822214838,-0.01028009063177974,0.018169059687909283,0.004061845152160826
2016-12-30,0.01343991824745026,0.006061240431635465,0.002806326699396639,-0.017353965574107087,-0.000588282594534731
2017-01-02,-0.006928402544039107,-0.03717197972172818,-0.00798703590707325,-0.01863087297742555,0.0005370832938771513
2017-01-03,-0.02485695669411014,-0.02152011783466117,-0.013589963268495061,-0.011158607472833856,-0.027391936200075944
2017-01-04,-0.021665107047102967,-0.023254615983572466,-0.01713733657420002,-0.017562006692618863,-0.011449626346989521
2017-01-05,-0.007488644205946949,-0.003651043101898458,-0.003282872490377809,0.0043659309974433125,0.012987281620855677
2017-01-06,0.007119214913362462,0.012886346044151524,0.024353739318673302,0.029391384845340165,0.010207161871372562
2017-01-09,-0.011117740047979092,-0.01407249452480503,-0.013419492968359857,-0.020176614440818558,0.008341778154287875
2017-01-10,0.005966256344760042,-0.0038981140586004646,-0.012351184568403901,-0.016497940470069,-0.03472505073512904
2017-01-11,0.0010815970460102615,0.008065472151843162,-0.02130312711152102,-0.01830019766230553,0.008244964492709653
2017-01-12,0.007658153797854666,0.0012613664756779492,-0.010345471151281491,0.03056590520894475,0.014502729360973618
2017-01-13,0.03737586646179002,0.025695802159070094,-0.015159404682539974,0.03791651605831896,-0.004114595942194049
2017-01-16,0.019369459997471784,0.009457029336662669,-0.013570930764543356,-0.006410365052974213,-0.0041532319681014855
2017-01-17,-0.008098103107206376,-0.013845880590254732,-0.008795596566494734,0.006108081428064045,-0.008397293519268044
2017-01-18,0.020362611018725055,0.014664279009472373,-0.018341671697580293,0.009220541230332962,0.0010018123762075787
2017-01-19,0.04659293857365794,0.026670607482454926,-0.004569982806404812,0.030649544735656346,0.010440560173505937
2017-01-20,-0.0026657446143886804,-0.013964602505350572,0.027436136049034512,-0.030996930313929586,-0.002016238136325139
2017-01-23,0.01754670585898816,-0.009490400979813463,0.016716015645903137,-0.017929187820119506,-0.012962905538423528
2017-01-24,0.04164149293520764,0.022914119553875782,0.004100749048362097,0.008720462865032004,0.0041570171711224095
2017-01-25,0.007048286736631532,0.00300963318518948,0.0017050521342029275,0.012935600166757662,-0.01111546305207579
2017-01-26,0.023775468017467414,-0.016315028667416038,-0.013421703709328327,-0.05148339645558309,-0.017979656975023087
2017-01-27,-0.022543217488852463,0.004257679035037143,-0.03004533382852098,0.04475584301277906,-0.003715903588970377
2017-01-30,-0.01517712541999092,-0.013248448283476797,0.010618097278586456,0.02420707819781083,0.01386574958028363
2017-01-31,0.010357031675601536,0.004221957466248429,0.018456180140628758,-0.02863007537601573,0.009301597335111794
2017-02-01,0.025513613570681343,0.0008206054502683407,-0.00790818262290058,0.008281454127948442,-0.009415480038534861
2017-02-02,-0.007592214983926921,-0.016205586829464234,0.010017794864123884,-0.038938600155601695,-0.003791220729775322
2017-02-03,0.014935246778282974,-0.001803119862535798,-0.03861030636031532,-0.005309287192793989,-0.018674430811478092
2017-02-06,0.006421483562360174,-0.0072867334500488394,0.023174955670148278,-0.018148726410696925,0.0053722941289716915
2017-02-07,-0.008498297116720817,0.005470954967304306,-0.011013026415553823,-0.00664582819119735,-0.012214218973845116
2017-02-08,-0.016148851215109807,-0.023925682222801257,0.0025653671783996807,-0.029200597270886825,-0.016162424770085605
2017-02-09,0.012191337344344754,0.015000143447630756,-0.007370635248884896,-0.004181666008114657,-0.0010697933619423449
2017-02-10,-0.014553769289101166,-0.026282416758747703,0.01628460103565707,-0.03590249965965063,-0.013195617090983875
2017-02-13,-0.0015849646465692748,-0.009904968699228628,0.016377443041315925,-0.051115963341717086,-0.014220981519737054
2017-02-14,0.028962544048618546,0.015625627896132463,0.005779568311647514,-0.004731945826810855,0.008073074595731729
2017-02-15,0.0216733325512855,-0.02322762526759377,0.011489429071082876,-0.05420061940566086,0.00045010277504099435
2017-02-16,0.030733637714832503,0.0015980137908419294,-0.005767391505954056,-0.0004052871253900479,-0.00736682097354887
2017-02-17,-0.01131403500128903,-0.004818259014249982,0.0031250379150386505,-0.017942463408483836,-0.0029572697071445393
2017-02-20,-0.009837164151684931,0.00937718056921555,0.0037373640536484784,0.017518692192308456,0.0032367610714128504
2017-02-21,-0.0007487810147338524,-0.007283794149342172,-0.04274098622236279,-0.030372473911837915,-0.03757493689481711
2017-02-22,-0.0005060719406003377,0.00762025994590913,-0.00621328406993052,0.025568858443476002,0.030880195013244124
2017-02-23,0.007080650283467424,0.006483280519619181,0.05313403397801158,0.02681007652286194,0.030702079723361062
2017-02-24,-0.010409496199490732,-0.007357592237599626,0.006517163904948533,-0.04315225603081228,0.0048523404405687665
2017-02-27,0.003911926803537683,-0.00397016980712844,0.03388812157171535,0.028988889923543676,0.010555579533257382
2017-02-28,-0.010889044289506577,-0.01494816262368446,0.03789630507253647,-0.00895488513870172,-0.0047236946369685106
2017-03-01,-0.025491580507975415,0.005100166447019572,0.0071952278190821305,0.03938072114379561,0.01389754743384172
2017-03-02,-0.024906965280582283,0.008356013559715915,0.004788608486481643,-0.002860705915724557,0.010127243808052673
2017-03-03,-0.01736776110923926,0.008856934966042536,0.004345430053317989,-0.002730692036135551,0.018046758387317258
2017-03-06,0.00572616737608722,-0.005160089419325256,-0.021566962413192874,-0.01906767540895427,0.002019163653903321
2017-03-07,-0.019382494825807884,0.008905123416745977,0.012664379061773203,0.03574508519462462,-0.0018548238387163841
2017-03-08,-0.03668922068815073,-0.027450105242441295,-0.040084026464788904,-0.05442390817234746,-0.017842894880468505
2017-03-09,-0.007543620821598808,0.01275680812236235,-0.026238055072102945,0.021789796819590146,-0.008361790337484184
2017-03-10,-0.03224866008151986,-0.018534599241094067,-0.024461268318199662,-0.042334724436042026,-0.030622661989088765
2017-03-13,0.0129790955506245,0.014354656135680809,-0.040136595332582826,0.03755613024775288,-0.0055465301632984685
2017-03-14,-0.016428353068755116,-0.017231038898491223,0.02371841638759699,-0.07020693152310521,-0.010109458232296618
2017-03-15,-0.015096232795035554,-0.008540114925195973,-0.006867827936296758,-0.008035619120526492,-0.016563394891918166
2017-03-16,-0.0032417990757487632,0.016111699466997136,-0.003053477981151818,-0.005822272785974906,0.005677779219758604
2017-03-17,-0.025104195581436645,-0.006216626559766956,0.0008500537365190733,-0.011963568757425304,0.005257889094953903
2017-03-20,0.0033313519255259924,-0.0053508885759646005,0.0225605735328999,0.0030617776638906394,-0.0012384194177961878
2017-03-21,0.0321067809268633,0.02004420503853296,0.014242950239457703,-0.0017091089390236008,0.029138759069276685
2017-03-22,0.012869269150245706,0.009580905831116666,-0.016066279164821874,-0.012216120105996618,-0.0034228578982252616
2017-03-23,0.0003776606288951842,0.0040740356347646264,-0.007032973028110743,0.016584300773375926,0.0072604986888409224
2017-03-24,-0.012180265354069911,0.008750101294769587,-0.011924274168016747,0.02424260199444759,0.013855911885619387
2017-03-27,0.0009291472696841591,0.005582130217566615,-0.002516196210167854,-0.014673845416507035,-0.007051604384440332
2017-03-28,0.009530620586515319,0.003446747048688287,0.007185313849905313,-0.019441820658765305,0.0003803152106933272
2017-03-29,-0.008054994088197542,-0.005121281447045989,0.04132477884211789,0.0171864893215501,0.009357110786574405
2017-03-30,0.0031728364525888445,-0.007881133473035653,0.006666101752765396,-0.038409716346751895,-0.025273312420224025
2017-03-31,0.021336204135641627,-0.01308809420461117,0.024719310011496087,-0.018128062908485003,0.016852941221220604
2017-04-03,-0.012242745879794275,-0.008259767876091147,-0.023354957845657942,0.011516937756869561,-0.02606973716781366
2017-04-04,-0.007301981876281876,0.019811875410795772,-0.00931299436761351,0.004970499101099919,0.007956437523792305
2017-04-05,0.007593706225437824,-0.013193417927037487,0.06949543909030576,-0.03223167146922278,0.025237319106247633
2017-04-06,0.0017700907086300496,0.025973824852505024,-0.024922111760637012,0.022504857601130992,0.01476005187585123
2017-04-07,-0.0028532383489826207,-0.011227480244082303,-0.0041076664735109035,-0.0038658308038899978,-0.008044141879271157
2017-04-10,-0.020964363770464112,0.002077265095320159,-0.008804511418911766,-0.005751026257006965,-0.00487967352335613
2017-04-11,-0.02250812523854015,0.015486873601828108,-0.026058552324715396,0.060580350263094794,0.016922396878490044
2017-04-12,0.021485730036877152,-0.005726986501168712,0.09187532920445712,-0.06031148048962373,0.034720928518157265
2017-04-13,-0.003710781134964353,-0.02333933578716758,0.010381973566573941,-0.029486289983460492,-0.0038290837890628112
2017-04-14,-0.003554437460406494,-0.014665675969803258,-0.002430192418706212,0.01259439058503136,-0.004648435622344303
2017-04-17,0.017229703004450425,0.014973003250942786,0.03674697591337163,-0.024332464661316285,0.03119381978471236
2017-04-18,-0.011757574532283646,-0.02650118326409752,0.026401014971765405,-0.008396679328765385,0.023088868713796746
2017-04-19,0.0004529588221315462,0.011531267662539226,-0.015444393756329437,-0.010308310149825401,0.00787875193902631
2017-04-20,0.01744384194735716,-0.015469221702228498,0.06035010020423874,-0.042603271390805185,0.03966111247587824
2017-04-21,0.00963889148620148,0.004423867236934724,-0.030206440123328106,0.00782011098227825,-0.025024059303037277
2017-04-24,0.009280419770060205,-0.009733180229031278,0.00021322614389066854,-0.037052411443675944,-0.01860006104912426
2017-04-25,0.02306158918397698,0.01023271721567486,0.047225292777373314,-0.05024225046550602,0.020537393526610888
2017-04-26,0.01611830471238653,0.009430912247669948,0.026676899179747804,-0.04187367683549442,0.01184177006981695
2017-04-27,-0.023165187054744348,0.026971540073786618,-0.049786478380915655,0.062116967467281,-0.015319289559190258
2017-04-28,-0.025007474343180288,-0.04826557511721917,0.011521371283565146,-0.007934579641174338,-0.007893445443084134
2017-05-01,0.003928816079299711,0.03022650429953315,-0.008335732338430742,-0.008548409343047724,-0.0016002171594565475
2017-05-02,-0.01638048599179268,0.014257099554559054,-0.02104983976299472,0.022790795230286882,0.018120297879179608
2017-05-03,0.003500594806815902,0.006455368027726904,-0.01988285025272986,0.04686149991687515,-0.0028790413144515127
2017-05-04,-0.00016043740535217675,0.0030627727904379686,0.01280344899804804,0.010918834077160681,-0.009494187043749824
2017-05-05,-0.06122725036074127,-0.01399707521386014,-0.039513278365567034,-0.003496382469054775,-0.011022412802551774
2017-05-08,-0.03241826309577007,-0.032394887175153694,-0.053801694494494505,-0.0057070881553070735,-0.03590416394026511
2017-05-09,0.026180963154345375,0.02391067748582751,0.007159951459433642,0.021751741069339248,0.005390286830285893
2017-05-10,-0.012560013228840696,-0.03600286043551684,0.03138806281394404,0.01855521459895193,0.008230318294478232
2017-05-11,0.024966221270611884,0.013417190653002778,0.015423819148940584,-0.05312089103582667,-0.007573844124934681
2017-05-12,-0.020436915170998975,-0.01313758607732426,0.014807333756226398,-0.05516769105341907,-0.024030583831742447
2017-05-15,-0.05020171604015464,-0.015993144132294475,0.025655346901117912,-0.017294485437629143,-0.0008136495806533474
2017-05-16,0.046471516753116206,0.00442274728507139,0.0463060835006704,-0.004995842241584199,0.03250425980546973
2017-05-17,-0.04991729435934971,-0.01812069060822642,-0.03288021360237595,0.06074313160592192,-0.002151757619535996
2017-05-18,0.006634141183459893,0.0150745228016948,-0.02756637001348059,-0.06734042545219043,-0.016010381275444904
2017-05-19,0.027365013385441235,-0.014017908492947694,0.04501719577168936,-0.05172108463456629,0.006275546301170998
2017-05-22,-0.025340930383855282,0.012586777718388916,-0.05247229669034064,0.08062233445029109,-0.01574310308590088
2017-05-23,0.028496155818681097,-0.0031220765293678136,0.043505936710771576,-0.07188041736157784,0.020732164347812436
2017-05-24,0.01777033510870424,0.02552025268908576,0.020149843074167232,-0.024787348613451762,0.006482191178346536
2017-05-25,0.009998016824599564,-0.004228209956115254,-0.007244569365221249,-0.043011596298531594,0.0088479449212046
2017-05-26,0.0020173153457564764,-0.0010245525744199562,0.031979516043856834,-0.04830061742193856,0.008542096597261436
2017-05-29,0.029852804428665156,0.004304798654656335,0.045405674123272,-0.036559656416002034,-0.002858672302352203
2017-05-30,-0.009956687501243785,-0.0024554388039465516,-0.04271015582478686,0.05830466447094406,0.011364253620305865
2017-05-31,-0.03741740658907875,-0.02328179279455143,-0.03512607931303691,-0.037776615455609,-0.016569161994809588
2017-06-01,0.049458847669924116,-0.009213235844548796,0.04203578386116435,-0.019311365909790167,0.01437211985748617
2017-06-02,-0.041722041233510865,-0.002151535670087556,-0.03725100426167396,-0.026755543576422288,-0.013226356900693145
2017-06-05,-0.02122798546253109,-0.017025251738128716,0.020893593613427103,0.037106323592854124,-0.004265952115111107
2017-06-06,-0.0037058664459104795,-0.008254449955683432,0.005152172368106927,-0.017686678004169166,0.005115769966105401
2017-06-07,0.03205902847279874,0.03390538806914061,0.008319020649806065,0.027499261907560635,0.013669000924349436
2017-06-08,-0.029126015424338094,-0.020146177049941868,-0.00974542846615208,-0.004911488021635696,0.00024420618015217406
2017-06-09,0.013999371260446392,-0.005738598605092643,0.027714292283884334,-0.009847219339096835,-0.021860373039295583
2017-06-12,-0.0072724751117082985,-0.02503935321516318,-0.014376157520891573,-0.058064826026097596,0.004872645347397976
2017-06-13,-0.03608904264382546,-0.017904426603436177,-0.012338552514019082,-0.015506479802770428,-0.03117130527749483
2017-06-14,0.009082785503843773,0.021715406712615182,-0.007279551660419173,0.028904835554311472,0.003923291208021412
2017-06-15,0.002735282771130069,0.029916823225354616,-0.027512625437230924,0.06600565742861425,-0.013602869647806685
2017-06-16,-0.01445380769232836,-0.022329051426869216,0.028671170933455906,-0.017642869023098515,0.009738280317000324
2017-06-19,0.006490315896560702,0.010515711261887847,-0.027922112885683085,0.07742602496490478,0.013640275667345988
2017-06-20,0.017657897145869114,0.012187353667824675,0.01413578331403433,-0.008885926854583866,-0.0038741922697707095
2017-06-21,0.025032489156029757,0.02907861426820422,0.030319287894086437,0.03772020292303963,-0.011164067572971429
2017-06-22,0.03550643080939011,0.0035867873789562662,0.014874729738055916,-0.07530994185576018,0.010176898073745735
2017-06-23,-0.029887253208060075,-0.012882505680136332,0.0257164634946356,-0.019624642054279964,0.009257232811320154
2017-06-26,-0.004270939263623514,0.027343904194448737,-0.03636716014378179,-0.03971568613009857,-0.00864916823960611
2017-06-27,-0.003185139243097968,-0.013263267639432065,0.023390116240731375,0.0639822523374763,0.0034567485552281516
2017-06-28,0.02701863596862416,0.018479692200485315,0.010354919061554356,-0.0021952250152066726,0.007348250022832655
2017-06-29,0.007535870660778066,0.008759478573773249,0.04912581058740438,0.004705184376284809,-0.0015249950553659663
2017-06-30,-0.018689010422413922,-0.004943175020774973,0.015815892762281895,-0.02752799452386588,0.00996525755019836
2017-07-03,0.014852504038826795,0.012519275293082908,0.021594512333540223,-0.02014681775547992,0.00025751084620861925
2017-07-04,0.020202813642237593,-0.0014327004107862467,0.025392847890378194,-0.03521652304465792,0.034089815828012876
2017-07-05,-0.035722879592841913,0.002461215435195064,-0.008471450396468988,0.008076207512092638,-0.01373206721059109
2017-07-06,-0.0337917938792643,-0.007467215549237189,-0.03166874275699558,-0.03969533737211669,-0.004612264204825106
2017-07-07,-0.015568330948453281,-0.023246503636092493,-0.024557106603112236,0.015982957873235695,-0.03337981012307595
2017-07-10,0.008840236966872717,0.01580358078969592,0.006227848027177913,0.008881017915863086,-0.008594859609677494
2017-07-11,-0.014045746357728714,-0.02693660501991079,-0.00988947165840729,-0.061853104136588545,0.002222050610389794
2017-07-12,0.008798252264581499,-0.009153451530355962,0.01724543864476214,-0.04778821412329327,-0.004069779809065154
2017-07-13,-0.02825961256385292,0.0015760418907579956,-0.012581424410163456,-0.00807682840877394,-0.010494280545108488
2017-07-14,-0.009399621212160345,-0.012605235262503331,0.009216743674379966,-0.0069080749876711915,-0.013014160444003242
2017-07-17,0.003446667561274761,0.0018937495407088981,-0.008018640995938783,0.003430259020179722,0.010402283035106256
2017-07-18,0.023276507397687822,0.002794918792197218,0.013817971414308409,-0.008656317897031718,0.0028129648453361035
2017-07-19,0.030755030869175137,0.024557087313992056,0.013895027182237424,0.012446402653366015,-0.0007018547809314788
2017-07-20,-0.016279240887115923,-0.012280388141438092,-0.018329585817785,0.018524493291180933,0.012002094091392818
2017-07-21,0.056112071234510154,-0.0021258372699773705,-0.0026568511821833643,-0.047914082682562024,-0.0012566288489612983
2017-07-24,0.005686314270694135,0.008913519230068683,-0.0010006754026967194,-0.005203977948538901,-0.004428194856429632
2017-07-25,-0.04289412759036116,-0.00591673952812918,-0.019191383808403097,-0.030030742562234435,-0.02341451811622911
2017-07-26,-0.02464125676740733,-0.02040058261168722,-0.04320058017122568,-0.013491862229583922,0.005043834392798109
2017-07-27,0.010219994348866848,-0.012147488262613084,-0.010902373878651296,-0.03953150874718768,0.0075520408216195305
2017-07-28,0.03713802484468276,0.02489150497566725,0.004268050622161417,0.0031334845725974484,0.021139414606303714
2017-07-31,-0.007467443041213304,0.010272380234849842,-0.0371745058008633,-0.009779148771778927,0.004684770155543047
2017-08-01,0.011301286187061325,0.013570818011347716,0.008082160274994992,0.008565128631351742,0.00221154703345677
2017-08-02,0.0511771794120864,-0.01662212048160626,0.03133998822306046,-0.055966693611868915,-0.00784661886595593
2017-08-03,0.03351260438384506,0.018145421105632824,0.010384720976757036,-0.004997228508816877,0.013427570509739879
2017-08-04,0.024351739879726973,0.003132003589749993,0.0028805136414659887,-0.016653456054452266,0.013883931916026711
2017-08-07,-0.03723252931441822,-0.031855107888679915,-0.009491155207399302,-0.02427331641961269,-0.033787408020728806
2017-08-08,0.040325857015455595,0.020044825565036666,0.01928751586181272,-0.013952413875093422,0.0025616156119225918
2017-08-09,0.010467476191222666,0.006165287672343554,-0.008768204058443975,0.03644042388971254,-0.014799607938461823
2017-08-10,-0.014482083871315008,-0.012938104355433104,-0.03391480791452033,0.016853376327774856,0.00832850496035539
2017-08-11,-0.016518999897394304,-0.030724897453071817,0.014507374314888629,-0.017757422761957898,0.004906771882201055
2017-08-14,-0.023761645867388017,-0.005698212717854567,-0.03663993825361625,0.00211600166535168,-0.01221154227840912
2017-08-15,-0.007067695532372836,-0.008815346761440353,-0.019832917888971388,0.004589360662713289,0.016679909481757103
2017-08-16,0.045380899458216946,0.0065440397407454986,-0.007603216085063369,0.026322092492049136,0.016323030937925136
2017-08-17,0.008818043601440683,-0.014285250100481546,0.010287126609944986,-0.014651615065163756,0.0052613819045617
2017-08-18,-0.03299204187331231,0.024465934655314218,0.015094391139019187,-0.019029249648634627,0.013229386768414304
2017-08-21,-0.049842389521223406,-0.02715955599967902,-0.01986996678633061,-0.0013439813382283684,-0.004383820987163576
2017-08-22,0.012650096648144987,0.009428308567983707,-0.02469253627591368,0.017014954325903144,0.019932198596162323
2017-08-23,-0.03245244241187517,0.008485428981123986,-0.03297382250818013,-0.019506388471727473,0.025144821189053805
2017-08-24,-0.03338112071985681,-0.0022242028603841365,-0.026367137729582685,-0.006855779775827941,0.012029368041150084
2017-08-25,0.001887193991029492,-0.036260362609655976,-0.0037166259527897038,-0.005141287152912307,-0.028599955304575344
2017-08-28,0.029431025436906545,0.03090709434469199,-0.004843943263134829,0.02229152643767515,-0.003963808667108471
2017-08-29,-0.028650430884969703,0.004095045336507006,-0.027496882587890327,0.02636626396566095,0.009478092408257484
2017-08-30,0.017476998352976513,-0.006519353106169458,0.02942754359533152,0.003739647912186095,-0.009069045515814281
2017-08-31,0.06014597051010156,0.018992442687967948,0.042853725289620434,-0.005180872007060042,0.011135855770257115
2017-09-01,-0.011946841925744685,-0.009209392777018247,0.022211149255081514,0.028967136536623535,-0.02444478015664425
2017-09-04,-0.0305943808103956,0.002247949249444301,-0.02271024946601289,-0.008760181443010918,0.016655761539870858
2017-09-05,-0.010072045467372247,-0.020085761669474896,-0.005192532590618515,-0.005630743245432778,-0.003829358462528825
2017-09-06,0.014818467877773881,0.016156258278359512,-0.018515540065506653,0.017330583995186794,0.01360561815383638
2017-09-07,-0.0022828894019274746,-0.021578735827468838,-0.002063012336781009,0.003475771987760632,-0.021217869288010123
2017-09-08,-0.0068557406392500886,0.0006141400534811367,0.009187507793586966,0.005621081558576475,-0.007919531939873596
2017-09-11,-0.01297993533632117,0.0027065567895178354,-0.0007574265437123942,-0.04490238211307197,-0.0045228562372090905
2017-09-12,0.01976213687542214,0.007339152976157006,0.0015534370770777506,-0.0050389718113784425,0.0041760989271986335
2017-09-13,0.013200664752898373,0.003163459129853018,-0.012075297761999932,0.009926600809104876,0.018030765066995958
2017-09-14,0.01020224239024087,0.019354990471452897,-0.0007292401001375328,0.0522875787519036,0.003518720471440449
2017-09-15,0.003992425701757649,0.0018601267775019909,-0.010189150622405318,0.03504768831040436,1.4666715360949386e-05
2017-09-18,0.0031108848743144446,-0.03446240553342051,-0.0036594571919056737,-0.028520845961272728,-0.022561380776183318
2017-09-19,-0.003740490179736021,-0.004697625559419601,0.002905385204823897,0.014850505564632462,-0.005739790048767619
2017-09-20,0.046543810471297964,0.03009437774543037,0.006121307288490715,-0.02950582855025231,0.015600613563111845
2017-09-21,0.002875441557138547,0.035891355806076816,-0.006961441918911108,0.01334405223896874,-0.0015012974452080377
2017-09-22,0.011560873155804483,0.031243066412213524,0.026981631187814867,0.04095984521023124,0.025300799681057248
2017-09-25,0.00776539178331719,-0.019832308780662947,-0.004321375189548582,-0.017809329998626014,-0.0023047108719966543
2017-09-26,-0.007155013300127908,-0.011322148146106102,0.007944510312311802,0.013633761775667325,-0.009696715352152156
2017-09-27,-0.03350571587890036,-0.019721290291561812,-0.0022422368393149317,0.028014998000375615,-0.002004804765027702
2017-09-28,-0.023979476069706664,-0.03255864778740412,0.0033275711052438155,-0.039336687425971344,-0.003329314050919477
2017-09-29,-0.0025024379333922005,0.02088458888323031,0.011642463289986084,0.03152223074120715,0.021501459468171964
2017-10-02,-0.02491156830826092,-0.020441187268790222,-0.0017079364936946244,-0.06175839299642962,-0.008068192471481274
2017-10-03,-0.0027408204558979866,-0.01165406295891389,-0.014857560001288479,0.023587733911551226,-0.002606491599483518
2017-10-04,0.009646755615951625,0.02717701966686228,0.008505524641943082,0.020597248757280737,0.007845826729206919
2017-10-05,0.01288399557159676,-0.020671858896946612,0.014554731926109184,-0.00994017461326134,0.0005512233735551988
2017-10-06,0.02554644827024007,0.010813349324906804,0.011335483054177472,0.00818685474723361,0.014032933698231763
2017-10-09,0.02218114325913699,0.00105922112745928,-0.010226663498266113,0.009228795435004503,-0.0017075711781576197
2017-10-10,0.024593346490173255,0.051638842851029196,0.01971032516811565,0.05811152999353789,0.03790983474217703
2017-10-11,0.025819004179688427,0.019069026933540463,0.01906130450068258,-0.007994784386306365,0.019046808228427654
2017-10-12,0.030606797764441807,-0.007254011286526572,0.0037586265558672474,-0.04251648377063976,-0.0064348948917911245
2017-10-13,0.007414140836887921,-0.020372108925653894,-0.006219940128861448,-0.02332812235879272,-0.005335339426519861
2017-10-16,0.010666621411134912,0.002914117356088934,-0.012632953146814526,0.04471696947358242,0.011887263175961808
2017-10-17,0.022122185826027638,0.015884871720026124,0.0038100519830889077,0.02649884359034765,0.0066679954022082774
2017-10-18,0.013255688028887826,-0.0004230527101921216,-0.022398659267306997,0.0350684861079485,0.016159140816219192
2017-10-19,0.013687727971930184,0.016633683754214836,-0.0005354892698998758,0.07749988801621858,0.02142707396155382
2017-10-20,-0.019251472351703686,-0.015209684418261791,0.0047537528186155685,-0.05851502082733034,-0.03547438591655938
2017-10-23,0.01680688688434214,0.003872599124913574,-0.015174805282351864,-0.026448162468193866,-0.015883139232073358
2017-10-24,-0.002998897835432462,-0.000263900715480747,0.01476280747875622,0.0033388365328732217,-0.008903065568734183
2017-10-25,0.009985530979236462,0.036919644936356084,0.010359043108221489,0.01705775841940964,0.001274989195181695
2017-10-26,0.01865587941402383,-0.016070437437279095,0.009008880051198324,0.007928847086581722,0.0038197091048576782
2017-10-27,0.00539406316620556,-0.019377546749410085,-0.0151795249249199,-0.023769214403046152,-0.02793700883077327
2017-10-30,-0.022613958210712815,-0.02592355063001359,-0.011637742251664208,-0.045205542471111006,-0.02154999209237238
2017-10-31,0.013344154230023206,0.018579426678223702,-0.02428598311684868,-0.010206757745460647,-0.02185355570058821
2017-11-01,0.0015499976057888176,-0.013824299776850024,-0.005750441944607364,0.012280569234506605,0.012798526295722416
2017-11-02,-0.005618509347721769,-0.017476078401971216,0.005790114498465583,0.015354046498267087,0.013728211082635593
2017-11-03,0.005502572929050295,0.01114476109173069,0.02786344394932106,0.009322186144801372,0.009466393041827266
2017-11-06,-0.001400510986629641,-0.01797623775812698,-0.015054830728839428,0.00731287165064399,0.018470012662940866
2017-11-07,-0.001516254319142916,-0.018084886131036673,0.012646771207762642,-0.017326808010026343,-0.0010680361418703604
2017-11-08,-0.04913321163057754,-0.030767575757147576,-0.0006158610455938899,0.006827341412213058,-0.0115474273593969
2017-11-09,0.022136132830016374,0.04862145845918552,0.013972382248583264,0.039211442216800195,0.021104418891536234
2017-11-10,0.006051376273521659,-0.020725502809133493,-0.01483074717388437,-0.007823659526379177,-0.011290316808939684
2017-11-13,0.0161031528079987,0.021955789897032264,0.013309048008540297,0.028706535839293862,0.0167440217722196
2017-11-14,-0.05375146328212004,-0.06030479559198663,-0.0270958734774042,-0.03833069615429366,-0.03440549438057233
2017-11-15,-0.028459847179261984,-0.018950568148380975,-0.02746455406310884,-0.05860250715780527,-0.022813336756134665
2017-11-16,0.005491826301464919,-0.01496991525062403,-0.03178543727250461,-0.015065340829812276,-0.01704991897917735
2017-11-17,-0.006239005875723418,-0.015856590331683795,-0.014429450273568392,-0.02506198059567594,-0.025143605769562285
2017-11-20,-0.019454616308276006,-0.012005365933321955,0.023774876069494678,0.046023336322580856,0.021273649333066136
2017-11-21,0.02811759601303886,0.010982797174015901,-0.0030499687642020113,0.01632383053461554,0.01793315199147445
2017-11-22,-0.020028649640000895,0.00805772221595246,-0.004454286812141827,-0.017989007460053545,-0.02561976539359005
2017-11-23,-0.011889682986083961,-0.005956276648994239,-0.016476286187424277,0.0563511353731735,0.022835379256598225
2017-11-24,0.02290399886718699,0.0487575144032822,-0.008657789400232712,0.033281258041005846,-0.0015060336295819158
2017-11-27,-0.004208020407598564,-0.002514046385135781,-0.013864483632761854,-0.012170280387930346,0.006211339527628104
2017-11-28,-0.011794524986678634,-0.020506674418425772,0.02834562093389805,-0.01715693460998861,-0.004132830750456182
2017-11-29,0.025568170519680303,0.017139421028820847,0.0018442676440583296,0.0037175493732078133,0.000263391335968708
2017-11-30,-0.00970138644054691,-0.015821048289674077,-0.010082375592525296,-0.03184777906908369,0.002698502572699958
2017-12-01,-0.02096661419994828,-0.02949882052902441,-0.007538758128946825,-0.05736289363967549,-0.002535518173280804
2017-12-04,-0.030867392780096852,-0.013760806079895346,0.015796514702924282,-0.013338645552098594,-0.02680160647640987
2017-12-05,-0.01892984918640467,0.002910622388340782,0.013960941417161341,0.027151646732149266,0.0222493740664642
2017-12-06,-0.004211448009927275,-0.025486561990565246,0.0010803677615204292,-0.02620056760606364,0.0075612474158677995
2017-12-07,-0.004433154522208424,-0.025910290448415037,-0.00722268502163616,-0.01319742258636003,-0.009325605019001627
2017-12-08,0.0038874437622291526,0.03830389231124887,-0.007340696249389539,0.034274173942044836,-0.0054470719512030525
2017-12-11,0.009309277013897973,0.019712343934569596,0.022124973765110304,0.03404661368396871,0.02620616073991207
2017-12-12,-0.015449797645006619,-0.008394138972056776,-0.001963100841791965,-0.003564916799999739,0.005854997659752798
2017-12-13,0.014849163611937773,0.028861957433932887,0.00608145311526269,-0.015515352807283443,-0.008831537030609588
2017-12-14,-0.013712057462367587,6.467594253279426e-05,0.0013278635998924919,-0.022922777746403125,-0.01051209810355515
2017-12-15,0.013258722912439772,0.0340888202297514,0.024953412344411882,-0.0037120212322461687,0.007873631867396688
2017-12-18,0.015997069953653718,-0.004695588806443682,-0.021025424760962794,0.01605354301073666,-0.0037020661645561772
2017-12-19,-0.0031425336593778655,-0.011485958473219185,0.016860917082347684,-0.0045240866511802695,-0.017690444481332668
2017-12-20,-0.03822331545808972,-0.002459943973394353,-0.010382054621326662,-0.02150690067985732,0.002922084959587677
2017-12-21,0.025699909739726492,0.01801010914761161,0.03520180155264103,-0.01814434736971649,0.0041213034152781805
2017-12-22,-0.016238565033434845,-0.04472745500844335,-0.005695425502657978,-0.01161317421115057,0.00025461776496370263
2017-12-25,0.004787405853747633,-0.03169230575618298,-0.029028082569504017,-0.013232769937870446,-0.014526144835513616
2017-12-26,0.026113334388787504,0.034832603421945156,0.018857849927850036,0.02022074911716198,0.015369606080066421
2017-12-27,0.0251962319031152,0.021171269923633,0.013703612597334828,0.029103218955980822,0.006273619787500489
2017-12-28,-0.006493520542085185,0.015262898163796704,0.00349846638001589,-0.006579640946665338,-0.010863797310949374
2017-12-29,0.005223597147684387,0.014196923690308033,-0.008838516736270743,0.0024595590470621945,0.003965363995264767
2018-01-01,0.04334050881266161,0.007844170839394815,0.018236341123342645,-0.016385806826592086,0.003403272656480392
2018-01-02,0.006342146950236659,0.012443345196068274,-0.0008326404901123877,0.024315647978301016,0.010632750327794456
2018-01-03,0.027731864485911504,0.016013217272125114,0.006046504699260103,-0.0036986573255093002,-0.006478622018324457
2018-01-04,-0.004509470520097806,-0.005518538036183986,0.004088047831868369,0.007411448799662382,0.0015338699422198536
2018-01-05,-0.0076329674196633545,0.029602151400021447,0.007893552092182182,0.018938466693363097,0.02135144646280368
2018-01-08,0.022907771529044493,0.021848824842519196,0.009801688804811309,0.02538120717549736,0.007721077552316412
2018-01-09,-0.025174246722093306,-0.027193360363725272,-0.03203321914637728,-0.029634001278482716,-0.028374459144481737
2018-01-10,0.02056096720926641,0.002516973284415977,0.004804229193463415,-0.0037501090206028802,-0.0009570412160820983
2018-01-11,0.023683441682813604,-0.0055841052626396685,0.0013208766989493482,-0.009463792829242092,-0.01510249734364121
2018-01-12,0.021503868560345397,0.022992153224669503,0.02444715609147266,0.016647548637628514,0.02416006820292515
2018-01-15,0.041035661438601226,0.04935075286577407,0.015152601158775198,0.000652069822574676,0.0011094480028791707
2018-01-16,-0.04941958198163811,-0.02557996139367592,-0.009576685138583105,-0.05353973480700442,-0.010088834044273812
2018-01-17,0.0002018873768460051,0.002202381914672292,0.012618553561522725,0.03416317805771908,0.009688047536551614
2018-01-18,0.027895940179430437,-0.008238614728767465,0.0033905885846321334,-0.019274930667584345,-0.013473117621828967
2018-01-19,0.017262974699275454,0.015791535088961407,0.016382149408369857,0.005506942293692557,0.0009107859126856514
2018-01-22,-0.018034597361432442,-0.016796311120704194,0.018875703072410297,-0.007135017944959113,-0.0014367279857636275
2018-01-23,-0.011167766388815772,-0.024722356916659815,-0.017740498434425513,-0.0470723642809717,-0.01574146489010521
2018-01-24,-0.00571132291966502,0.02514503127189427,0.0014182168414689225,0.04198788065886927,-0.006356501328541204
2018-01-25,0.006399108877641809,0.01206877571932889,0.014618764429610973,0.001250903114203984,-0.0013778924935625803
2018-01-26,-0.021846178199620054,-0.019734528366781485,-0.022821611551152882,-0.01594430991134245,0.010496271514278172
2018-01-29,0.026155917910290417,0.006283130071144436,0.008087718725284179,-0.015223293516820655,0.0023511392022297333
2018-01-30,-0.013329407132159361,-0.013464160576495458,-0.0062588476075606855,-0.04653128373778751,-0.020708997004209764
2018-01-31,-0.025861886610894388,-0.038205132070918,-0.002661016125410736,-0.0696633128859496,-0.034593384307631474
2018-02-01,0.024865755378172726,0.04675963673203654,0.025151085112569322,0.07802596537179005,0.029666944598150728
2018-02-02,0.019176729650128566,0.028922406068790832,0.0092042629137227,0.06265649698063681,0.03381478238601138
2018-02-05,0.008947539137577369,0.060381540965628824,0.03376356994343847,0.15125988011512706,0.04538718303833926
2018-02-06,0.02257411484591262,-0.01913208748057586,-0.02272617834368095,-0.08193371987784173,-0.016851337933672644
2018-02-07,-0.0007286095697763566,0.024750590893532258,-0.013168216393992882,0.07735232294258258,0.004989690766893418
2018-02-08,-0.007359092411916098,0.010514836358154695,0.0015196123910282667,0.031109080875349453,0.011291742391726778
2018-02-09,-0.007589937451594529,-0.0038574586188416383,0.0002516529056611267,-0.09838119382895327,-0.013819798093287598
2018-02-12,-0.0002029000174408321,-0.015807639740315595,0.007810584015989985,-0.023866104768823372,0.020333549053563653
2018-02-13,0.02987163830527576,0.009939534335396145,0.019839407910809508,-0.006747750231360529,0.0041870253360189276
2018-02-14,0.017910524135471274,0.019823581196561198,0.015226812751956708,0.02793872305345794,0.032745299090018845
2018-02-15,0.0071631911045834246,-0.00986563122407226,-0.007208072310213035,-0.011688750598728172,-0.014500629591642585
2018-02-16,-0.026859697842951853,-0.03621124964133328,-0.01329374966088838,-0.049622425050600376,-0.0030813728930201676
2018-02-19,-0.03927805383895943,0.009814753584577363,0.012359396610839053,0.01345349687358365,0.01922689296122808
2018-02-20,-0.020847761220821284,-0.012741234779515382,-0.009971011062494728,-0.053058740367367754,-0.014692593428886106
2018-02-21,0.04341132511614472,0.05284469524337833,0.007977259342430175,0.06519279315212513,0.0297922044847092
2018-02-22,0.044843274157292626,0.035719087893833594,0.016148967638723918,0.05470514608068565,0.022464047673073022
2018-02-23,-0.016716149604128275,-0.03585172491873379,0.00318103156977701,0.012910265365671908,-0.022102813407095762
2018-02-26,-0.03126588652281461,-0.008553610355298936,-0.013202993479148844,-0.00715302506123792,-0.02697241586524207
2018-02-27,0.00391406983288874,-0.03122395787857974,-0.0072719418030202385,-0.023803943764004666,0.011239962645511643
2018-02-28,0.0010873781580643615,-0.005286199036342556,-0.004592895301761478,-0.023771724121625887,-0.027687042969920257
2018-03-01,-0.02155913708136377,0.016862249608694237,-0.004572106989675106,-0.014421022593105091,-0.021367144644929555
2018-03-02,0.029714795304160834,0.022114734298374333,-0.004104886507226857,0.009875534608027195,-0.001460426518175924
2018-03-05,0.016614010567036874,0.03886222326989669,0.016350715774931832,0.05694517191764664,0.037234289946055626
2018-03-06,-0.015969073860222435,-0.03153151869406044,-0.010406448588359402,-0.021372001970779833,-0.010726810166848177
2018-03-07,-0.009700635384867639,-0.028090212929411593,0.015927446320436207,-0.030289946401663798,-0.010925668252613673
2018-03-08,0.03993978970530505,0.0284667030132249,0.032038488541288775,-0.0056871966688158086,0.011083782571012377
2018-03-09,0.004842341162697291,0.025734016468430154,0.007195713369319482,0.0469862473711054,0.012936673630457559
2018-03-12,-0.027453778488504162,-0.03642544080584588,-0.009011035150308952,-0.050086349826696186,-0.02225101727072804
2018-03-13,-0.026056147428024992,-0.018013069001552227,0.005164489105581306,-0.03261486040353966,-0.0021131146297707396
2018-03-14,-0.001595955132818155,-0.004665622764058227,-0.012089689994899474,0.04663398647504935,-0.00855569925954839
2018-03-15,-0.003895792049586934,-0.0014589307053817664,-0.02008999595461612,-0.01011767826636121,0.010248373044353328
2018-03-16,0.026497504679437196,0.05323518822859815,0.018293664486713903,0.08587256306323662,0.049819497204288736
2018-03-19,0.022373146244622867,0.0007559759338869354,0.017313100425134394,0.05857896073373663,0.020563744065392003
2018-03-20,-0.0018947779029529629,-0.042284959614052,-0.010322054073219391,-0.10271777516626826,-0.015381416091963463
2018-03-21,0.025787294298646495,0.013760490978219733,0.035306772476953574,0.06526422728944312,0.025312745612344274
2018-03-22,-0.009559323651013965,0.0018518041135904633,-0.011730889874193988,0.027798908930590376,0.03984109495385493
2018-03-23,-0.02548211345665996,-0.0352525966702604,-0.01910234356441159,-0.03627794504636313,-0.033379008699923364
2018-03-26,-0.03433334763299788,0.015255663689791825,-0.014859641536671039,0.07272064354450868,0.008614399954384316
2018-03-27,0.024991091136733416,0.007677405690381543,-0.0032995801435239027,-0.03886673829733683,-0.013172483708354162
2018-03-28,0.010202666559479167,-0.004134528545863718,-0.0026557898013116516,-0.026478169178635116,0.007606041238781056
2018-03-29,-0.004967223463729437,0.00010745352995192752,-0.018258996082440943,0.03022735981461377,-0.016761386440461757
2018-03-30,0.03188573212761751,-0.0031365834364872735,0.006174767587329778,0.030321179903871887,-0.004943026974899048
2018-04-02,0.036560377159543675,0.016198070971564248,0.01884394414644033,0.0014031898120217344,-0.00021388076115357198
2018-04-03,-0.0019989961792335805,0.012047761076754253,-0.022368993784213368,0.021261952669407086,0.004593804485133294
2018-04-04,-0.04628112894217346,-0.026169197783769457,-0.007337567836508896,-0.03059863524622154,-0.009306192190721431
2018-04-05,0.02304790958113999,0.037231668105158995,0.004646708906503017,0.0565548412339808,0.03675041956202474
2018-04-06,0.0160765855428585,-0.00795057113490758,0.005705634550565483,-0.035086835181296586,-0.014342148058233584
2018-04-09,0.018653683651112092,-0.016137287052868116,0.00035701578273043496,-0.043508697362743855,-0.01882578673469337
2018-04-10,0.031595096601120004,0.01685571583855009,0.03356655940692496,0.0393484255777398,0.03080842113554785
2018-04-11,-0.015228664268444124,-0.02645925777899215,0.015805269307284323,-0.035874056418684346,0.008902911874369115
2018-04-12,0.035119734410832146,0.0020073468108567916,0.009687861062916565,-0.0214457852584106,-0.015539894112583257
2018-04-13,-0.014593077716662664,0.013398518888180598,-0.025786693287716045,0.035364648458873556,0.00436158317377193
2018-04-16,-0.014689620850803196,-0.00379957709636291,0.0009371312484565012,-0.022386950553428132,0.0076143085110948255
2018-04-17,0.03134605569742066,0.0011130290300738492,0.009001308786574532,-0.0021835251358552,0.011876329123330321
2018-04-18,0.04674946440766474,0.05405828206685482,0.009311686081608312,0.02510050686537199,0.010854808001188938
2018-04-19,0.022504699599395238,0.024991322244053878,0.04351450602112258,0.08596626371847507,0.04363721588272951
2018-04-20,0.010187442548408828,-0.0032930785237792947,0.01674473430768812,0.0053508544731570035,-0.0011261377680453913
2018-04-23,-0.011673366694223652,-0.02303522734154318,-0.03388908728723645,-0.013668021187476715,-0.02213099483045475
2018-04-24,0.05219857161850813,0.024946181324060856,0.006866713024101839,0.009775150223176779,0.011777253651108707
2018-04-25,-0.03184899144166046,-0.006351282407419369,-0.0035325017613463835,0.03635839687060754,0.003456910819712168
2018-04-26,-0.007055015021657368,-0.0020207678401709494,0.006844919280402879,0.03751893202933542,0.01150354158351114
2018-04-27,-0.010661657264151731,-0.011038811285980554,0.0032367887257670038,0.02489477699981788,0.0006312711114962017
2018-04-30,0.029954367455178255,0.016930863468449846,0.02451416500764315,0.0012253936585089145,0.003357506609617798
2018-05-01,-0.04831290036387853,-0.04445825420798051,-0.03968938013446538,-0.007198196790491426,-0.023968549989530692
2018-05-02,0.009418847489930814,0.00867737800706255,0.005506971566315409,0.013935359063576378,-0.004066337829252587
2018-05-03,0.013483536847352472,-0.00188774195794076,0.006723054800747586,0.024669351953420373,-0.007709350483766565
2018-05-04,-0.02737082711689224,-0.01425378788142987,-0.001023469059303383,0.02237081703514789,0.012373828284303785
2018-05-07,0.0289565383318145,0.0029023886561146297,-0.010188883791954317,-0.05105105964042773,-0.004319744641163944
2018-05-08,-0.012166399988997753,-0.008696889551326671,-0.010693152191981142,-0.046347747690647194,-0.013463765567005315
2018-05-09,0.017226787368364003,0.03200758086896076,0.02331327499206525,0.06533869559814831,0.048748995322166915
2018-05-10,0.004437581352245764,0.014541692606871815,0.01811448697226709,0.018101801146611633,0.018120930083495693
2018-05-11,0.03260596723409377,0.028385933844067672,0.03838284529364174,-0.031926387166877394,0.008514557819205558
2018-05-14,-0.015617629156000132,-0.02808510488910973,-0.019191479039147325,0.0009004085360055426,-0.0050518154811683424
2018-05-15,-0.03807667263610549,-0.01391825899446779,-0.03899139684800785,-0.03295911640241795,-0.0009074962906570526
2018-05-16,-0.01749740288800015,-0.0013918140326373485,-0.0006550270525312455,0.003152339978020026,0.013855191589054522
2018-05-17,0.025722048467416516,0.024942421494928375,-0.0077804463425568526,0.045522804443760265,-0.011352772380408098
2018-05-18,-0.04158418495330432,-0.055079755273736354,-0.03164323680840716,-0.05553460279008996,-0.015710873627656524
2018-05-21,-0.017401447121456786,-0.016766664426112982,0.005346057439543256,0.036616695227288124,0.004526086483047993
2018-05-22,0.0038289661626584744,-0.014278556025349005,0.0041512998060317455,-0.04571483087038229,-0.006559150418246277
2018-05-23,-0.021106455826425032,-0.0007840867192964309,0.019603127446933422,0.01635591642537753,0.01322402834128855
2018-05-24,0.014012331694367079,0.03897738840525213,0.012509119860648992,-0.01336209639738198,0.03275753529874532
2018-05-25,0.02101543854705939,-0.001505033172207015,0.008428929341106417,0.002528064078083446,0.006381648357635389
2018-05-28,0.013649857595813063,0.0073387627859367284,0.019512781951429005,0.0380381865068234,0.016309811128479765
2018-05-29,-0.014132104682197218,0.005543601562251692,-0.03865828020282516,0.015536888416595486,-0.02887711101295149
2018-05-30,0.024056512549167682,-0.004706465619594768,0.0005656650053065357,-0.02243777567989692,0.00708694460207741
2018-05-31,0.028497898655903235,0.03766724635561129,0.017209109099257734,0.021306931097465103,0.007205066948328944
2018-06-01,-0.014494989795899332,-0.03556958978614003,-0.00325642953442249,-0.07256853632896956,-0.023249356542921863
2018-06-04,-0.001863276601626391,0.018102444721385474,-0.016452806672808268,0.046587280770494,0.00894581879551227
2018-06-05,0.007973921137535919,-0.0028953555978563712,0.013116432624570639,-0.0014251483235035675,0.0025399516394956586
2018-06-06,0.01495975011218906,0.01901180709624087,-0.0025490717312324235,-0.012281230512313161,-0.016965982025283436
2018-06-07,-0.028928392379066303,-0.0234586515326739,-0.03918532725506451,-0.021589024444030696,-0.028118538720987254
2018-06-08,-0.01538641721696784,-0.02751515567825713,-0.0343660051373799,0.018601263263180914,-0.02453487307599749
2018-06-11,-0.010129122001098488,-0.018424317674367252,-0.016557780701489524,0.022544371704872432,-0.01397628349515886
2018-06-12,-0.011125323790277463,-0.016156255272521184,-0.01103307773861206,0.007865326442867337,0.007351691050595151
2018-06-13,-0.01062550306728058,-0.019633541972028986,-0.0008798387928793221,-0.06023679160574119,0.006125139711302924
2018-06-14,-0.035249285993736036,-0.00955275306427054,-0.03427917155401981,0.04495499595511858,-0.01700686824495494
2018-06-15,0.027295081065586722,0.01166907624736949,-0.012021191094310235,-0.021712876518394267,-0.009562425060433463
2018-06-18,0.017557584439410405,-0.0016993970271129586,-0.010405590075816784,-0.0002853978964702581,0.008574744222113613
2018-06-19,0.0019115989931717914,-0.012736879321781526,0.006711930406749674,0.02138372387305462,0.010632514855739888
2018-06-20,0.0031948388472571787,0.01150835543248692,-0.008671597796692226,0.003717236210063104,0.004649448053001045
2018-06-21,0.0041517218746816,-0.0011896395774213967,-0.02150320928060032,-0.048538166966986554,-0.009308765002930607
2018-06-22,-0.020617444118327652,-0.004846075655499135,0.03252999811237765,-0.012257020891332399,0.025592389359095098
2018-06-25,-0.0032853979421895324,-0.0035036698240978126,-0.010386787865525328,-0.0191622053954546,-0.0051339275813245214
2018-06-26,-0.003099246490274303,-0.009474957667814254,0.015353542372197972,-0.03410322802573424,-0.005957014726015207
2018-06-27,-0.02538547404367842,-0.010980329029352589,-0.01399309709473281,-0.05028358112608871,-0.011319098564613963
2018-06-28,-0.010426601018555963,-9.745731404365982e-05,-0.0014746942604463038,-0.0026243596973922296,-0.018789709617384947
2018-06-29,-0.03566776380857596,-0.0018298641609226592,-0.005979020393621463,0.031038026927135535,-0.02014579238481429
2018-07-02,-0.02498936340929914,-0.02321487167180713,-0.010673452046572577,-0.016207415562555144,-0.012061453007809968
2018-07-03,0.010468969765250304,-0.0012929891621248748,-0.010884763542768586,-0.040920022051447236,-0.010526798642372541
2018-07-04,-0.00644653991533765,-0.002452289709064486,-0.001420084316609538,-0.009863650298226096,-0.014684140933185937
2018-07-05,0.01309594416614836,-0.0068601540568320775,-0.008012536693810409,-0.0388462783142356,-0.013128634854885865
2018-07-06,-0.005261083351609988,-0.0071715607868875295,0.006030550554543073,-0.0248257588473775,0.008745385029190806
2018-07-09,-0.007724771775290616,-0.014693139085883369,0.007444721950317939,-0.0018343137883452482,-0.0021522719421365574
2018-07-10,-0.0018189835569637997,0.007507576969115292,0.024107481710885,0.03352005261126705,0.018438146462241504
2018-07-11,0.0095922203764691,0.014905356747547336,0.014671519437730861,-0.0038341218461232745,-0.01060192572013529
2018-07-12,0.0014545333603163606,-0.0004517473981699402,-0.01558868528421219,-0.009691668908068917,-0.009847681642689975
2018-07-13,0.027686969918693207,0.03476679601399842,0.017559847196140094,0.035102869680617974,0.020500972284969405
2018-07-16,0.020401783289319932,0.014644002277003413,0.005164173200877727,0.018543514704728606,0.007702321623690072
2018-07-17,-0.011496118906382198,-0.005252613854017245,-0.007716746773069503,0.010537338611345209,-0.005324456278460739
2018-07-18,0.010682289201599257,0.010253315561582117,0.029232848146005685,0.020977499767808206,0.006332599555833524
2018-07-19,-0.00370372456424887,-0.008654332411503379,-0.026769559235515387,0.0010744249545207763,-0.003397169965385163
2018-07-20,-0.020890159244919194,-0.013487786833789442,-0.007592976765292194,-0.0237442212351249,0.0006362389176018529
2018-07-23,0.0050726711416094125,0.0025184969411738,0.008738705007608434,-0.00393368468657384,0.0009674009426098835
2018-07-24,0.015752278115108525,0.022929653390318966,0.028378245607611655,0.004192017496545229,0.026902753939303213
2018-07-25,-0.00215687406744998,-0.0075734280828687415,0.0013823487787576185,-0.04022466822561136,-0.005347600672059949
2018-07-26,0.00975627352196199,0.011102118525315617,0.00906836244752697,0.017410485386904342,-0.0004746647606234497
2018-07-27,0.0015251557558915029,0.021957814394425384,0.02310837837066209,-0.007260782139045223,0.0014556625814897662
2018-07-30,-0.008504417293806714,0.012538444633327457,-0.005185017122358504,0.0189418663857667,-0.000702188113901119
2018-07-31,-0.006950822543204128,-0.008258952748739098,-0.003548320041052622,-0.01960388211828922,-0.004847991158768553
2018-08-01,-0.0022868732449609517,0.0041667129974661205,0.0022455947706686774,0.019314442836756353,-0.0018855424984862308
2018-08-02,-0.005666956076521381,-0.01254311388500915,-0.026309506056489778,-0.0400909512453867,-0.023144058977579544
2018-08-03,0.035250818947921626,0.03668081508636117,0.030028607635824257,0.03708942976237965,0.033466479156112346
2018-08-06,0.013125515686879917,0.01696968941272135,0.01597869093478909,0.02754175656090865,0.0015193059637029084
2018-08-07,0.013734197678964626,0.025369880112456944,0.011169918665043528,0.023709850919409595,0.015185124453969407
2018-08-08,-0.009425807488974002,-0.03936097851358479,-0.026690412555732252,-0.04878098363401485,0.0046595661285514746
2018-08-09,-0.008269045003874213,0.014512893402462698,-0.0016800565981299645,0.03751764361247898,-0.01820506549465658
2018-08-10,0.0017297892631787833,0.010548349084980976,0.0014469893001749395,0.021570572636939102,0.011379555495409562
2018-08-13,0.01610491590293176,-0.006950134258327364,0.010789319210398385,-0.013529168258456235,0.007320465825792203
2018-08-14,-0.02381478663848959,-0.008064603591099239,-0.006548075354714187,0.016986085587286724,0.003402093368672546
2018-08-15,0.005655711191584004,-0.00013028747897968974,0.022559714122646755,-0.013032187993548983,0.004286360753415702
2018-08-16,-0.022525916281120068,-0.04732726140492451,-0.019425093562963194,-0.07065835827910763,-0.01970084481860986
2018-08-17,-0.005567350752129797,0.020276735694633258,0.0024563472700298173,0.005596411162037054,-0.00232441255294629
2018-08-20,0.02713104168286647,0.025661027513765103,0.022392619841063353,-0.022473560672208882,-0.009186283872299354
2018-08-21,-0.00496411586969278,-0.02243190543338439,0.0123810607225195,-0.007938693622239753,0.008945804504556143
2018-08-22,-0.014154792035156589,-0.0019315191134211568,0.005626729006625306,0.018343013531156555,-0.007430208642938441
2018-08-23,0.021340836929922835,0.03799134849420309,-0.00744776162500117,0.0147591753070246,0.007701659663420492
2018-08-24,-0.021684032860569406,-0.0404369344458803,-0.0009505438242148116,-0.043524374980835126,-0.023345614325929458
2018-08-27,-0.0013354435443319655,-0.03062194503580346,-0.007829552842941295,-0.04455143904689648,-0.019210909124150598
2018-08-28,0.004539415971330033,-0.007255276641352692,-0.0071887347872596685,0.01315029647498123,-0.0040720143896974545
2018-08-29,-0.005327393742278788,0.00428285340896026,0.021128451055788484,-0.012531186397358755,0.004918731574522978
2018-08-30,-0.009956800487317757,-0.01058164848477337,-0.04955484514238743,-0.004410747947660922,-0.03381810775087401
2018-08-31,-0.015298493322750645,-0.020230340241158336,-0.018691893606553118,-0.016223341865926177,-0.022462785194005182
2018-09-03,0.029856200206040708,-0.03090920049153927,-0.018530314908911487,-0.056728979700931874,-0.005261218521555875
2018-09-04,-0.018842643939080472,-0.010157499201992179,0.012986725244461164,0.03531163040678852,-0.00923429592366349
2018-09-05,-0.03046723151302302,0.004964460570714042,-0.030591068350399146,0.03746741357096928,-0.010982401940815555
2018-09-06,-0.03270331518611639,-0.038992107543586334,-0.03207251629334217,-0.0584825540603495,-0.028899215806427705
2018-09-07,-0.010314872839641586,-0.008516676819340444,-0.017790449404055497,-0.04154666729185878,-0.006194558864428821
2018-09-10,0.026246666506173896,0.02028374434638507,-0.000668432561863401,0.018518408909497804,0.009735320067826504
2018-09-11,0.009544485703210176,-0.0013665697216225612,-0.03282830989824658,-0.053322208907107906,-0.02273389010758584
2018-09-12,0.04679270557828256,0.02381756699025062,-0.006992399610339507,0.01979000440763242,0.00829228257808197
2018-09-13,-0.009802543868691475,-0.0010291781570524869,-0.0005817463390172799,-0.04201595721870232,-0.018357263402155505
2018-09-14,-0.0210911434138312,-0.01912061245521366,-0.001955461937168344,-0.028885762095259903,-0.011558403140983841
2018-09-17,-0.008922474648779538,-0.02716872892698602,0.004399459416831258,-0.021247640392046713,-0.011175727129749577
2018-09-18,0.029457050337796758,-0.007241651116100096,0.006443266756536823,-0.08117417855794472,0.005626200719095269
2018-09-19,-0.0054031613661761355,-0.013327690458968852,0.00026105505785816265,0.0031848334617230662,-0.021301777769021292
2018-09-20,0.015426937791311907,-0.02511136474573448,0.02764687074246683,-0.040507333857545784,0.004346527700995017
2018-09-21,-0.00022654183433641395,0.008939716858506402,0.02899282174914166,0.017097751254015657,0.0060486062964253485
2018-09-24,-0.0015700093227673834,0.024693045247056802,-0.009471338982001885,0.029567570889051122,-0.0007876324608685628
2018-09-25,-0.013234418730247319,-0.006343812127594924,-0.028306046376919126,0.04250803057521688,-0.0038243093698473846
2018-09-26,0.011185274781951316,0.03658320454285826,0.0064034840337699895,0.07395780921631204,0.002322815717704943
2018-09-27,-0.004605151644173879,-0.004468495925979911,0.003371810453735091,-0.056876408684322456,0.008394211034127838
2018-09-28,0.02344464553924891,0.008028706920719133,0.018426129433937947,-0.01600122796782447,0.02452893280502168
2018-10-01,-0.02485536159441969,-0.006024550670175427,-0.016784483681579473,-0.02816213653892467,-0.028342422505752314
2018-10-02,0.006899386896652242,-0.015048275497924663,0.020673904753469603,-0.022724410679939418,0.012293840190676423
2018-10-03,0.01127948241349712,-0.007506150395843938,0.005395693234435662,-0.0040726121228296846,-0.010748613945059937
2018-10-04,-0.026193329368362883,-0.010954850027175365,0.003446816940361812,0.004515108381965556,-0.01788196572572184
2018-10-05,-0.015854347581281725,-0.021914852258717046,0.005973115711819413,-0.011401283974210204,-0.0026164579480525145
2018-10-08,-0.021164153700600465,-0.034111210054119545,0.0009183417534081938,-0.03946770850704751,-0.03116409106206269
2018-10-09,-0.0435247109464819,-0.015496822138760873,-0.040158523630838376,-0.020870892055178857,-0.017355024617462928
2018-10-10,0.0088091251933016,0.0018887930805739314,-0.021815022137195317,0.0293926316560859,0.005070958475821305
2018-10-11,-0.007913341815897557,-0.005238832328239744,0.030529006841709255,-0.00809631010949086,0.00793680592561064
2018-10-12,-0.023338396443723076,-0.024113386548092777,-0.01189658514921049,0.03320321380002763,0.008378454454986353
2018-10-15,0.014439186962650268,0.03780078804821336,-0.012893703916946764,0.02810385640512256,-0.010188243960989031
2018-10-16,-0.010783787037386883,-0.015295172216868005,0.014763049639835784,-0.02897113456523877,0.0014163621137460577
2018-10-17,-0.0016230427497901092,0.004964135389721996,0.014905456335547004,0.023113483819707098,0.0023262206113653463
2018-10-18,-0.0004938413471391386,0.0042254625684227855,0.013884000955175743,0.011550447102048623,0.006526169083811505
2018-10-19,0.006633555786887617,-0.0022475007826262077,0.012144317517083917,-0.009004587830355085,-0.015160891592508866
2018-10-22,0.015664589379606256,0.007276699011800915,0.03296396116895697,0.04105401485163303,0.009898280237355615
2018-10-23,0.026845909992208084,0.028030673804606044,0.014667932847469894,0.027374149143344042,0.02347561846485254
2018-10-24,0.0016134910411109789,-0.02131342954305528,-0.00620256008434307,0.004081376147099974,-0.009876394958264544
2018-10-25,-0.035754880069399426,-0.04508766162473014,-0.021994595610965888,-0.010466255692550226,-0.03726981979908302
2018-10-26,0.022929515158697837,-0.0023104358263642934,-0.008571681694758445,0.002154416676096892,0.021768521323299896
2018-10-29,0.010045017838042871,-0.001993409285538696,0.004389404219085062,-0.005369195726328293,0.013050785132656601
2018-10-30,-0.01842519369309879,0.0022944622255099125,-0.002572555032227207,0.015245394557479867,-0.0006587582695438626
2018-10-31,0.00925785378272893,-0.004014232484344807,0.002584219786603333,-0.017190365160272784,0.010264495067298204
2018-11-01,0.02158913368732697,0.01163414759922884,0.01821688257635544,0.022245957793836264,0.01046749381926684
2018-11-02,0.05725742686859715,0.03009643579954865,0.015521162225574463,0.014590992492431698,0.00034176848145813426
2018-11-05,0.039721821876418664,0.05270013788723053,0.019751004843657754,0.023666058320979514,0.02527565705356855
2018-11-06,-0.025504476488225226,-0.054050854524829495,-0.005576741696738305,-0.01875627712364103,0.00814301930142354
2018-11-07,-0.00891509716815822,-0.018639757828025585,-0.009048372286578513,-0.03487221398306589,0.0004011098432286678
2018-11-08,0.04449576306406214,0.06245454294718261,0.01003533519121608,0.019654874502113267,0.02575357996250222
2018-11-09,0.01459642791704507,-0.0020444758788661687,0.013487715454953695,-0.0024390056997164395,-0.008559319745060218
2018-11-12,-0.013027591373516311,0.0062381529722988355,-0.008685697874096104,0.005087961645017423,0.009734291024256264
2018-11-13,-0.022740894057213676,0.005750434697580689,0.006427061320061374,-0.004442383014064372,0.000581269655334125
2018-11-14,0.03469921204774088,0.04236365979924912,-0.005426787598125595,0.025411521880958875,0.0032098443590984588
2018-11-15,-0.039424418369043444,-0.03671330745600593,-0.006569843131503892,0.0067816225908593,-0.017484807202099873
2018-11-16,0.005707136762806678,0.054170815043348586,0.02801985385274351,0.005791875545094434,0.029863741189107024
2018-11-19,-0.04276033392703941,-0.04585798692010954,-0.01086219109577248,-0.023585561604600336,-0.016499336330918952
2018-11-20,0.0069403717247263725,-0.02004536385604824,0.0013475970985805724,0.01648864361229474,0.013548035320323826
2018-11-21,-0.009953752710770942,-0.020716728425040673,-0.015259525172962104,0.018297073298404857,0.001006203422435034
2018-11-22,0.00837022457242749,0.02484741501976153,0.014377521751015677,0.007367186967382683,0.025201686130640947
2018-11-23,0.03488211260069837,0.019031685497395836,-0.008014592184499833,0.0012256345223591685,0.013200956470582084
2018-11-26,-0.018721928655069442,-0.036861896979200046,-0.02769529263179231,-0.0127002436436777,-0.02169410403493938
2018-11-27,-0.05859342597409587,-0.02347481819885621,-0.0016374376628352197,-0.002402552286443818,-0.012744319143730563
2018-11-28,0.029603396454674875,0.023110994101248866,0.005537919144732864,0.020787026151272685,0.019909934518511866
2018-11-29,-0.006004802884998789,-0.02989941444238647,-0.01707113403909302,0.006751540882164251,-0.0064896574042978775
2018-11-30,-0.017859444020727526,0.022114616460159175,-0.00369913788705782,0.011982118374290994,-0.002772422497657695
2018-12-03,-0.011118874970264555,-0.03211976014203308,0.0027470146158956755,-0.005495844618973455,-0.01758984872272437
2018-12-04,0.04948970428190268,0.0014259466653627265,0.003351321326636662,-8.601991030674175e-05,0.0030332391691558036
2018-12-05,0.03285039300813675,0.002559806161527126,-0.0029613232277762146,-0.021082922626313526,0.009867192469042605
2018-12-06,0.017550979481758513,-0.01993334424217065,0.0033071847871298013,-0.004334860567232317,0.009657920468098317
2018-12-07,-0.03104464305877802,0.0011359468968680823,-0.00922497424599847,-0.006307879073455476,0.0010031001337879786
2018-12-10,-0.02960590183728995,0.0198188414217669,-0.009990757069617176,0.002882947058221185,-0.013414784113416558
2018-12-11,-0.00023495663989797592,-0.009241826312607662,0.0038331340733969168,-0.009205389119783651,0.002615782495014683
2018-12-12,0.010959994992173226,0.010621342260916431,-0.01144958732918482,0.0074847397376226745,-0.0007623757015042593
2018-12-13,0.03290755464787695,0.03555988069470692,0.03678496791811036,0.03978938250739091,0.021065990393050005
2018-12-14,-0.013182243619441321,-0.013114775547434964,0.005627805571793074,0.021840532788049177,0.002605744125064979
2018-12-17,-0.04443312777344064,0.018732244291698674,0.00834337609789842,0.023584349649188614,0.007735099940104081
2018-12-18,0.0011598388794809404,0.0029997045418591363,-0.007553612999429442,0.028292019569836204,0.009061165328959559
2018-12-19,0.02393059588585767,0.014557262084110855,-0.006890655057011993,0.021001094513206666,0.009521151682775427
2018-12-20,-0.010383348961750373,-0.0025438632595297756,-0.006527569853248727,-0.014238089385735009,-0.011863673132332681
2018-12-21,-0.01450344523978316,-0.0017722331985541586,-0.006029213814431055,-0.011991568284427774,-0.0004660634638405503
2018-12-24,0.055652800625862794,0.001244367828102075,-0.0029095971932817113,-0.007206805116639573,-0.02094911577675714
2018-12-25,0.011752776104021338,-0.004807635006579434,-3.0102671744448732e-05,0.0006078507439061681,-0.008856549166800811
2018-12-26,-0.026197089583397157,0.012195226118596306,-0.012531483526523605,-0.0005576932124318691,0.003991692373937562
2018-12-27,0.02358378856464995,0.011692130242400489,0.0009139471132904509,-0.0025988771634180316,-0.007936398523424175
2018-12-28,0.019218383341576967,0.021660718295860634,0.03648992252298123,0.01299606831935521,0.05896767737452071
2018-12-31,0.03552007030913721,0.03828471564173037,0.017752728815549713,0.040683923858541415,0.01712241621169042
2019-01-01,0.005702297522983716,0.019842625699293383,0.012718269682424484,0.011180258020673748,0.03361108971861042
2019-01-02,-0.01499957910753638,-0.02845689481007148,-0.000712902950726368,-0.03410845878027942,0.004717452785502715
2019-01-03,-0.038160462937524724,-0.042812748692193744,-0.0090297557782848,-0.03941320083229085,-0.02338239882914096
2019-01-04,-0.009355458623559323,0.0002908236565143802,-0.003553934321895497,0.0028568287368958417,0.003448389577827232
2019-01-07,0.025855506542808136,-0.019626168771776625,-0.0034727523307798297,-0.00011303843835230303,-0.0003052528349032195
2019-01-08,0.007998376573106675,0.006754054219685551,3.1801789562860035e-05,-0.003134088746612812,0.017374261497839324
2019-01-09,-0.041291866629992034,-0.002090082298829914,-0.014804123101698246,0.006989467552210851,0.00879169728087341
2019-01-10,0.029959818983655,0.02775086377517938,0.016172010561933015,0.03044758660166388,0.03273152114967224
2019-01-11,-0.02826923049557846,-0.020623470701129343,0.0168803158952497,-0.020377503865629403,-0.011829983671888967
2019-01-14,0.032008807165287194,0.03361599483465833,0.010161477325333408,0.05895512685639439,0.019170307411117884
2019-01-15,-0.03674396867756232,-0.004437014492650513,-0.014659838715943615,-0.0016040342097102401,0.01328711094264568
2019-01-16,0.026223739358523387,0.01868881242001689,-0.00639245025787882,0.036961986720721485,-0.0026912018672951483
2019-01-17,-0.03691170192822119,-0.02010424418783304,-0.009585296302648108,-0.017077821376898623,-0.004002281996590707
2019-01-18,0.008597560021324245,-0.002222537475217022,0.004152782099806708,-0.004909449692850206,0.016234907924195005
2019-01-21,0.004099701235173103,-0.0060163125398563595,0.01669939876946978,-0.035337091885359176,0.0137336416985185
2019-01-22,-0.0034841528629222804,-0.004327157881433694,-0.009894841683289265,-0.0068284566230738634,-0.0018638288888652246
2019-01-23,0.017661730396872008,0.012916866237760146,0.011930615198356417,0.038334328874792135,0.029953931685300392
2019-01-24,-0.0012710127285528335,-0.0232261218796118,-0.03318433854783564,-0.007141695842545993,-0.02638852971812397
2019-01-25,-0.0204699636021224,0.0020823233219675512,0.002439745199646669,0.014105922260438997,0.008847860440345485
2019-01-28,0.01795219604694294,0.023197958666190892,0.02101211605548438,0.03847142188101658,0.01375460769568557
2019-01-29,0.012357050929541515,0.021784692972578686,-0.0005537772165832027,0.0136839904754015,4.172462359738966e-05
2019-01-30,0.007410737842291803,0.020263077846340325,-0.013875351789597989,0.02787509309472675,0.013943335761742058
2019-01-31,-0.01705406418152868,-0.01743258337374392,-0.02090517001219972,-0.03654425916129337,-0.011292245575777219
2019-02-01,-0.015117450772881198,-0.03861135410691836,-0.02973535533670592,-0.04258964463386873,-0.007110683410323466
2019-02-04,-0.005002760376033717,-0.0040988826493574635,-0.011077046196316678,0.010969826868023952,-0.0036767162485694437
2019-02-05,0.02830218929712494,0.019469304205555836,0.030249129521396446,0.021871564901397737,0.005465239190854267
2019-02-06,-0.017747787337095724,-0.037583113416299205,-0.030848326561056218,-0.00656206035531507,-0.021614683885489278
2019-02-07,0.010940480437288957,0.011562475387685386,0.013657669498301012,-0.029220424693841774,-0.011664679465897524
2019-02-08,0.06180353902674515,0.06588385154545705,-0.0020172302470017724,0.0464028739807056,0.02274419721399207
2019-02-11,0.005002535198699475,0.028344470309850836,0.007335903192795741,-0.010743504370766661,-0.009423553521623862
2019-02-12,-0.041821202653749785,-0.03229456984997799,-0.030257514337250897,-0.003596505393743559,-0.02898947501168353
2019-02-13,0.015380494001279403,0.011788797978771488,0.012018845303666354,0.021891516726098764,0.01248690032803502
2019-02-14,-0.042073543868967174,-0.010343598765249835,-0.007052132743901097,-0.01438191969801242,-0.014738189703369792
2019-02-15,0.03177284552922508,0.01884638328323081,0.016255088122448177,0.03086161964637784,0.018841322710294855
2019-02-18,0.008231723419800515,-0.007081612032175286,-0.019696838428497905,-0.0020705068321182907,-0.012876568093980257
2019-02-19,0.03884461006060645,0.037696934649251376,0.0215386287598106,0.05642476047995234,0.009549510425126235
2019-02-20,-0.01950813012169751,-0.029440229371062457,-0.008813585260891224,0.0201081940084438,-0.0177340668464913
2019-02-21,-0.005760619482963779,-0.0340265875082985,0.007782719788020019,-0.023658879739310752,-0.003865455691389312
2019-02-22,-0.03233745570558835,0.015097448409645954,-0.009698936432389544,0.005878670599572429,0.005432170773470943
2019-02-25,0.022631488453435884,0.02783290923759732,-0.014399937341122063,0.02038263272405579,0.008442616328177182
2019-02-26,0.04314499393551641,0.06186908383246127,0.004178838232874093,0.04128742362098222,0.011849661911646204
2019-02-27,-0.006689456263608189,-0.014515934178092067,-0.02429343632770008,0.034690630589648504,-0.007977178198418838
2019-02-28,-0.0006645386466346898,0.0176887571267417,0.012140675505357376,-0.007816622356023897,0.003008996424082764
2019-03-01,-0.015176950126025551,0.018278318833460094,-0.010924457447578159,0.03650246850972827,0.0041980445590418065
2019-03-04,-0.017760579283201502,-0.03374062700922311,-0.004489340948033735,-0.015162787029207068,-0.01129822017586229
2019-03-05,-0.0056453224146190565,0.014000660764640873,-0.020226936789691854,0.02664969952609405,-0.03219880861268435
2019-03-06,-0.01788135463926507,-0.019503296707015567,0.02685887109007977,-0.010747948592035447,-0.008967675189757683
2019-03-07,-0.04159756459407779,-0.05098906789581834,-0.004108016511624079,-0.04456095053207758,-0.02112521430833643
2019-03-08,0.02871079619096852,0.027705341511568646,0.009873923855709033,0.0007694064229026561,-0.001679230588859486
2019-03-11,-0.020999532163153103,-0.03688792759917675,-0.008518692682447277,-0.00869890686260562,-0.004513809207089788
2019-03-12,0.013420307626976637,0.01380351155955743,-0.006169470924728771,-0.008337768584792779,-0.00903355561828995
2019-03-13,0.04124027717236275,0.033963317792175846,0.002635271529233951,0.02063740911405155,0.01102200470756699
2019-03-14,-0.03540759612076716,-0.058721181826255055,-0.022611403195305746,-0.02616302122640994,-0.0012569433839836116
2019-03-15,-0.04177354855873198,-0.027129989301366075,-0.003119905398939894,-0.020958567920419845,-0.00031907065400667376
2019-03-18,-0.023786228705267982,-0.041979930568140485,0.006042080646452324,-0.07945123452513063,-0.010809386894095661
2019-03-19,-0.01113540705858064,-0.018194623740558632,-0.02138809988670874,0.033924162655284605,0.022314503999198293
2019-03-20,-0.04938355916176244,-0.048477235358500764,-0.027934808699051433,-0.06576460645295934,-0.014852671733715543
2019-03-21,-0.04616060094760316,-0.06826389619268494,-0.009373066874096735,-0.034840065488888725,-0.017190897738111895
2019-03-22,-0.043998341405738446,-0.06139464021160677,-0.01614191993247596,-0.0109372970270507,-0.015569545308878014
2019-03-25,-0.019355300101594093,-0.02253875615852706,0.01717110890118509,-0.05091846970410279,-0.01717981918923877
2019-03-26,0.04742927300606245,0.034851262690103274,0.017216009671891314,0.02085183473676146,0.016922330688133057
2019-03-27,0.053545689271451154,0.02761409613277063,0.006661315261158071,0.011042224487386766,0.017997367908482758
2019-03-28,-0.05295212250126603,-0.03086800583662909,-0.024226041673085175,-0.03025472403986055,-0.008192436001182291
2019-03-29,0.0025307366261624496,-0.00019325878520100757,0.008311016989710875,0.016421014032244427,-0.008993210781819123
2019-04-01,-0.014863470583762004,-0.02422217659302925,-0.007985802487838544,-0.04748413712603671,0.0032041189138212003
2019-04-02,0.008840627324543134,-0.006841442414464153,0.0070424954137687104,0.025978877028617366,0.02284297232594987
2019-04-03,-0.02586829483160336,-0.016334604849776543,-0.021305025583380464,0.028685929334590608,-0.013638835827410926
2019-04-04,-0.05157599406720769,-0.03379737567447478,0.004038509625616134,-0.03161976277461993,-0.010930758925734956
2019-04-05,0.0031213952435220314,0.0046251063924522854,-0.0006096944407011969,-0.004019190616540131,-0.002410126710375257
2019-04-08,0.06600798190059658,0.045114835818478485,0.01169349977453043,0.0618386017827974,0.014935407411186423
2019-04-09,0.05804815150612935,0.053256507153642614,0.007740222329929682,0.0595098363559439,-0.0028014284384827335
2019-04-10,0.015521193268671163,-0.006005890593013466,0.0077397086204356235,-0.04140062929344536,-0.005730971018747197
2019-04-11,0.006521085767256422,0.033743834122157576,0.003093803659958487,0.045713369453487106,0.017900107440360573
2019-04-12,-0.012281401484649693,0.004438663027828102,-0.0012141838031377943,-0.03387109449029557,-0.0005981875169479644
2019-04-15,0.007147340979145621,-0.00238059490481206,-0.009330964133050837,0.02762176733527546,-0.012535688487548149
2019-04-16,0.015567707919694687,-0.017009970961407998,-0.00843429302694544,0.030287097274848494,-0.00035375299521122456
2019-04-17,-0.014789187564875534,-0.03309519461709142,-0.014141151787827693,-0.042897601700281486,-0.013562349945723024
2019-04-18,-0.003906472148177486,0.02313298114434131,-0.008998515633546535,-0.011897077274188733,0.002862552197645356
2019-04-19,0.01543446823444173,0.01152683216842916,0.008898480021373547,0.014716230843100269,0.022104363269365396
2019-04-22,-0.0028339202027644035,-0.0014854021434555311,0.006133249478543711,-0.06289230697419629,-0.017904999384642812
2019-04-23,-0.010396942321968914,-0.01538194201453003,-0.004304152648038989,-0.03251543413994042,-0.008530810696844566
2019-04-24,0.0714839706266765,0.05822732483010248,0.01846538749510151,0.10864068076369963,0.02120941450796235
2019-04-25,-0.020769634138903034,-0.008105407288418104,0.004683814120429731,-0.051676892368150866,-0.0065088446101582995
2019-04-26,-0.00044614731495154676,0.022353187062822,0.006388648942206931,-0.026388146561152157,-0.006011865189891714
2019-04-29,0.07426372894315197,0.07850272666634256,0.015688112654785105,0.09569915453185181,0.023026639720054302
2019-04-30,-0.01879740291596194,-0.02295266135729796,-0.014831511190522102,-0.009259165825264194,-0.014744565795709577
2019-05-01,0.017276529993998334,0.008817847512865275,0.009888270529006768,0.0022082923568184755,-0.010808921474102078
2019-05-02,-0.0009454940494642897,-0.001964835022107824,0.014265588727678327,-0.013368099164120963,0.0017252112213619285
2019-05-03,0.04439826546868085,0.038489801948068565,-0.011220454908138184,0.08348285975252483,0.010840599142381583
2019-05-06,-0.027526084287389525,-0.03524883384267616,-0.00436755588396462,0.016201779045199777,0.013274513543139868
2019-05-07,-0.031757529833189926,-0.04956028111768325,-0.015466318526962447,-0.02736683300594678,-0.017578362530319837
2019-05-08,0.03567123604816843,-0.021181160785228453,0.021471055542711236,0.015145179025388445,0.010734017580967637
2019-05-09,0.004115783616636301,0.01686579943671507,0.025663677059323736,0.02439954136566792,-0.004843950392185663
2019-05-10,0.013263200251928385,0.0022418548828374587,0.01967311988635516,-0.004307579939756938,0.017980319581568965
2019-05-13,0.012108451621978962,0.007517326849379461,0.014538730408389799,0.0159786111911126,0.006828172042748096
2019-05-14,0.003732244776973152,0.00600526906150962,0.015611025280096868,-0.013012828148945154,-0.011933070138728121
2019-05-15,0.020858712443024723,0.0219799118848763,-0.007573363749495917,-0.02262018798204279,0.0127766444581201
2019-05-16,0.004276267478415647,0.00482035659095202,0.007516546601131535,-0.005948042730176003,-0.0025900415200561795
2019-05-17,0.04342883309299514,-0.011549139081672674,0.030350683190457913,-0.009354574609843014,0.012708382983118372
2019-05-20,0.015381377128071498,0.0048063486768470925,-0.005074871858886701,0.006104005156937498,0.003100289749029594
2019-05-21,-0.024138579506077038,-0.03597625911982717,0.0011813635497761497,-0.03652125379801857,-0.005362290621333139
2019-05-22,-0.04207773834640124,0.011448098506046736,-0.02066103659888203,-0.02616284781722982,-0.004307993829110921
2019-05-23,-0.004896623468296906,-0.0042129033837459895,-0.014015009261793596,0.018055060409373325,0.014229342897408348
2019-05-24,-0.03750835811467296,-0.005763509615053959,-0.014438128906209817,-0.0016904344803595178,-0.008212751196981928
2019-05-27,-0.04037367037356446,-0.014703401426873866,-0.01565300676066082,0.005852180437336833,-0.014048156297568387
2019-05-28,-0.04730715640506832,-0.022056278318737993,-0.00419091633450517,-0.003522713069803222,-0.00867671633476673
2019-05-29,-0.034898667650843686,-0.00365780592552973,0.00992659673333808,-0.013451381362080093,-0.002233645922969994
2019-05-30,0.012572485029494738,0.01810328742116209,0.0188503565914919,-0.012733199409050268,0.01027001564203308
2019-05-31,0.05242903547665115,0.008706816228988485,0.02397484354707826,0.008183725598731692,0.011994286441476435
2019-06-03,-0.0002779928205288486,0.007185744418568224,-0.022271944861799675,-0.026991486394851282,-0.014204664189038532
2019-06-04,-0.04408414411531255,-0.010155013306708767,-0.0053987005778092,0.005688374408130615,-0.01678035208438577
2019-06-05,0.017507201258910574,-0.01957641604926396,0.0033721915730217846,-0.024385857509680992,-0.012702447628523255
2019-06-06,0.00859183467658573,0.011871027943656886,-0.00025067392486619267,-0.01347164036108706,0.010507172013759114
2019-06-07,0.019753827798114364,-0.003604023301857779,0.015190828567930446,0.03154800964113386,0.007426733236174706
2019-06-10,-0.04911219582727645,-0.004369397519498747,0.011201172212091123,-0.025044118683079184,-0.020054381151555167
2019-06-11,-0.004977306926031656,0.0019061334080742126,-0.011081552741528366,0.046729596537274445,0.0019642283390080397
2019-06-12,0.0552628635768847,-0.0035979309591985587,-0.020014445739220416,0.021566447941119393,0.007267534265574421
2019-06-13,-0.028936416955943813,0.021938138851419448,-0.01275980921471432,-0.005623559909869825,0.0022487169978676865
2019-06-14,0.02077061269787884,-0.005253788529223374,0.006160630033174973,0.00821452482376855,-0.0005404945400119439
2019-06-17,-0.017584925845945402,-0.022920423907647394,-0.010715961844175906,-0.004365956004847639,-0.0007181799548947502
2019-06-18,0.013744347318972285,0.026144430300781923,-0.016451821696900633,-0.0035731980344122813,0.0004058207647231707
2019-06-19,0.02915769087648926,0.047514572935616416,-0.0020230350596059355,0.01876515014347748,0.013857865177529311
2019-06-20,0.041420890376726124,0.02684814104520266,-0.013295630444880734,0.00022514306818345747,0.011372050675254201
2019-06-21,0.04423860209877787,-0.021495847936441867,-0.02548457827426328,0.0002747285704072799,0.012107643857638626
2019-06-24,-0.005585372224328641,-0.0092028927458692,-0.0015488565089877917,0.0011398908576244666,0.0042279755715720875
2019-06-25,-0.0014001278084320526,-0.0023027583567204043,0.0022920657258317357,0.024765489440471564,0.007560755516073472
2019-06-26,0.0788427355469067,0.02740541165496915,-0.007110255995283739,0.060392190768497646,0.032110022331673
2019-06-27,-0.002290743041026545,0.005417430156360195,-0.014602771263450871,-0.04372688300142314,-0.018409324240772084
2019-06-28,-0.04913455821798864,-0.026821247791652226,-0.020751949109449882,-0.010810504901251466,-0.0012355987985113055
2019-07-01,0.00359388523994371,0.015282476831581217,0.008137066017148864,0.01432628463429956,0.004980528211782759
2019-07-02,-0.03650302878970395,0.0005770547238799171,0.019865679210903212,-0.015025849980258733,-0.0016362464095174402
2019-07-03,0.009861464902727156,0.014223986340432265,-0.0054345743405767016,0.026206728555915257,-0.013636790739723278
2019-07-04,-0.03986038896864335,-0.01699009092349721,-0.015224013045277995,-0.0006015675902394309,-0.010504953059136006
2019-07-05,-0.002301742791210384,-0.017232543139856442,-0.011765975251314438,-0.00142769369406622,0.013632293743265758
2019-07-08,-0.03645653369650361,0.0015004761761639182,0.0076289003710434,0.017320003310350322,-0.003452983140061381
2019-07-09,0.018365340244088087,0.006280622872806998,0.016540679785390616,-0.00870980835695587,0.00479825191011423
2019-07-10,-0.02407806807316704,-0.015029577674911627,-0.0014617402879507693,-0.04021795550693695,-0.01743364482407099
2019-07-11,-0.007444700797532043,0.02581800425491819,-0.016427211541413148,-0.0026374472657502966,-0.011346750077282511
2019-07-12,-0.021036654516132,-0.027094596072385332,-0.003983266811890808,-1.733770679324108e-05,-0.008457972130656653
2019-07-15,0.00028631723595714295,-0.03378086753821857,0.005439996865199717,-0.023644802506296938,-0.0178596006042045
2019-07-16,0.03125349890425244,0.058498927632852686,-0.0032612748451929493,0.02535367835151487,0.007378466839168913
2019-07-17,-0.042561116296001934,-0.017337644532954243,-0.009208554108799697,-0.01388225401911241,-0.02753244922493126
2019-07-18,-0.01760999061080378,-0.031000521272924117,-0.0034718586113510596,0.005155387633992828,-0.004319966431040163
2019-07-19,-0.007206077977542048,0.0018990459014946112,-0.002678994612763994,-0.0076413136752971934,0.010129303215351746
2019-07-22,0.05236958360584554,0.03769437951797675,0.014372054784220534,0.015464762150528551,0.016235878212120972
2019-07-23,0.009083433973916567,-0.05224365884147037,0.024181219843995957,-0.002993081141560427,0.0048354680201200305
2019-07-24,0.016115059392559392,0.0009486067251615528,0.0056152394273733175,0.017780046087601056,-0.014861228928906515
2019-07-25,-0.031471014125576735,-0.000652844732827654,0.0024769091034516455,-0.06584325847799113,-0.0160739997036457
2019-07-26,-0.05858818042365816,-0.023964388572656332,0.002486239202994619,0.017701062615012714,-0.008876624605217332
2019-07-29,-0.014471858406933331,-0.010746216663290342,0.008615718011616667,-0.018368464873764416,-0.0022832279527418295
2019-07-30,0.012022033723985949,-0.021155318482361372,0.009571217498700388,0.009968895443908297,0.015342685991821202
2019-07-31,-0.031764655946670446,-0.03207603558503173,-0.010470122591438601,-0.025458299819366783,0.002686511460816961
2019-08-01,-0.008023565298489577,-0.01876789472200581,-0.011994090188211437,-0.026252226881902315,-0.002465572924336968
2019-08-02,-0.03128112985602086,0.021160985052056776,0.01301805858998997,-0.004336476286468488,0.0011918131737570362
2019-08-05,0.02367802073430666,0.016822066191234046,0.006379413783581596,-0.022502559839778714,0.007886354116953997
2019-08-06,0.022190225722457664,-0.010953067318837849,-1.3333250776267319e-05,-0.028774710050825582,-0.014933246818004986
2019-08-07,-0.038985617589108956,-0.009167228017612912,-0.01328996000617798,0.017483653611928177,1.0905155475278757e-05
2019-08-08,-0.034568585274687584,0.0009314190510322772,-0.01231139173885488,-0.0069097599275231405,0.010385129764190622
2019-08-09,-0.0009019258367371395,-0.024601721431014908,-0.007411218074323467,0.009403092038936911,-0.015088884827638241
2019-08-12,0.02715213814513598,-0.004956521572907371,-0.003499098027888943,0.01332170743483913,0.015470810847464302
2019-08-13,-0.012077023329274208,-0.015281137880129648,0.003751420729906841,-0.019804302828367728,0.00710759736952929
2019-08-14,0.016208245598274103,-0.022904827760766775,0.02371978941730933,-0.014532853321696097,-0.007291431722327351
2019-08-15,0.047193097837090366,0.0037164207054768738,0.0063247334281127015,-0.015138015104847493,0.010565123402343416
2019-08-16,-0.02643599968703128,0.00046095152866216984,0.002347701426178251,0.004203984532107641,0.011928478344335023
2019-08-19,-0.02002836428905161,-0.016251197862402603,-0.004511942053065073,-0.011384737951730384,-0.005353684206955637
2019-08-20,-0.023996203621491866,-0.0006872592662784189,0.0036150611187223073,0.014519381596471146,0.0029622532930961925
2019-08-21,0.008818425371939219,-0.0006001609778499428,0.012930712752148051,-0.009432251951008294,0.014345173739578217
2019-08-22,0.018103753788156658,-0.030885887199660702,0.01578930938541569,-0.01970797247832959,0.01683545262580038
2019-08-23,-0.028452829532558975,-0.02953057848567233,-0.014190198948456334,-0.008818033218385262,0.001118435626256688
2019-08-26,-0.01684560009214103,-0.019176993956345614,-0.015777743249363985,-0.016956230041491865,0.0045390629929927696
2019-08-27,-0.016691437829434014,-0.009706696572162863,0.007545762592200763,-0.012307670630606846,-0.0004901615912707311
2019-08-28,0.034816736163232484,0.00028004551864947616,0.003858462616675986,0.002716230801797244,0.0028244604536601455
2019-08-29,0.00565915652345114,-0.02101682623471323,0.011132046308184382,-0.010867541390964647,0.0031971104017871677
2019-08-30,0.03240600906394304,0.014299269398110753,0.010990618426062386,-0.003697376914645542,0.005129877504435051
2019-09-02,-0.0165530849497504,0.014680508170967884,-0.009498717627869595,-0.0019511898980693178,-0.005641999020614742
2019-09-03,-0.0032790631768803945,0.0018661179429331975,-0.0004455842825009659,0.006598299299979552,0.013251437835678486
2019-09-04,0.05737911018963643,0.04293484438882319,0.014836060928864756,0.006183046465795889,0.007632419736839
2019-09-05,-0.012669013449303296,0.029913566639223628,-0.022688915990040758,0.023390549149004694,-0.015140104755127783
2019-09-06,0.008101277786457976,0.002356773821566125,0.016136604951180092,-0.024131364041121504,0.007491633738531161
2019-09-09,0.01458354142032366,0.01178245275190011,-0.0010601256495577072,0.000614132468883958,0.0047052260138531025
2019-09-10,-0.01847376968519136,-0.04158082291080442,-0.015930688636806554,0.0012640178068320973,-0.012734631995184539
2019-09-11,0.048051509814271816,0.014934773726957899,0.006040644564663744,-0.021852050266559928,-0.008023906377138451
2019-09-12,-0.0056390965560022795,0.00826237940010678,-0.03861942856552789,-0.03317505875048068,-0.004186897996995136
2019-09-13,0.004908976527327176,0.028836556292384682,0.011692040372718124,0.04063639435757942,0.006506420647308208
2019-09-16,-0.002522472236165084,-0.031053988005037798,-0.003847702689481933,-0.02462961827662302,0.0039111218911191585
2019-09-17,-0.005857650674157592,-0.05293286264120503,0.00486146115458214,-0.023401341980923952,-0.01191570021125938
2019-09-18,0.052271180273196764,-0.00873676160788021,0.01886755412772161,-0.01621924563879754,-0.0019504704861811567
2019-09-19,-0.003851884936232006,-0.021644116943519948,0.00024001683127783854,-0.01934752389753436,-0.013648128623418385
2019-09-20,0.012671259532036447,0.04425273431574539,0.03597313608068858,0.022967188944532972,0.005055787799860141
2019-09-23,0.0017438020644422296,-0.034082871313190134,0.006480229479888965,-0.007366124271940006,-0.005177323767764375
2019-09-24,-0.0040769935314243855,-0.024504656209508802,0.007024258714818962,-0.015047366172056025,0.0037070396110977363
2019-09-25,0.030180273608180812,0.012912650454586977,0.01294318533088636,-0.030631953815663807,0.011492842342252221
2019-09-26,-0.00510354204869394,0.0075886395743464865,-0.042359201190945044,-0.01775287081196969,-0.003456914486262136
2019-09-27,0.016480458063198686,-0.004004869566472192,-0.003602081746875888,0.008757009733196328,-0.011480281941254122
2019-09-30,-0.018009267161078167,0.008847863046922273,0.00027976215326145634,-0.0027476289217949145,0.030624957904233346
2019-10-01,0.005965201454319918,0.006116493032494841,0.0037198027760610066,0.0009919952985997028,0.012165697855005741
2019-10-02,0.023725402268195316,0.007599982235069461,-0.014338148916832664,-0.009628168063263267,-0.015178101415126193
2019-10-03,0.0330697467117169,-0.022086601367369462,0.012502565913350763,-0.013788726840464442,-0.021352369753148092
2019-10-04,0.033630744894807246,0.030815906865488712,-0.0025029817052133314,0.004325552972046834,0.0015390431791351118
2019-10-07,0.05935211263611668,0.023134278795346075,-0.0013060405998824355,-0.007159979028263529,0.009494140697276216
2019-10-08,-0.02649762651146081,-0.03809025168636702,-0.008186554393149498,-0.04073359194654874,0.010136457254804101
2019-10-09,0.023274820700297856,0.049281649535101446,0.02251888469993898,0.04555380848963622,0.0031245046161207297
2019-10-10,0.011078150636194526,-0.0023099306339628527,0.005643281815536688,-0.01162954514684529,-0.002771372111637488
2019-10-11,-0.015295012758279214,-0.0016349219304576668,-0.0071134979657825744,0.017895469864667456,-0.005553535098611119
2019-10-14,-0.034625905976149535,8.677947706432803e-05,0.0011675214314771927,-0.007791210178783978,0.01648352779747987
2019-10-15,0.035143670293261216,0.03544515674740569,-0.00010113037652276436,-0.003073726712420784,0.014950642860639848
2019-10-16,0.013986090110452527,0.052664427375557196,0.006769916777696135,0.029820672522480544,0.018970098102275144
2019-10-17,-0.033450385684425724,-0.04909987093883089,-0.00517830210365868,-0.02636820465340601,-0.023753345497993295
2019-10-18,-0.023377288104601806,-0.01631698665168861,0.005989779641510662,-0.0073366737767580174,0.005960671506677525
2019-10-21,0.01777546159832735,0.02829930714078363,0.007862400067492593,-0.01069507050048213,0.002695633759856316
2019-10-22,-0.018871380087692825,-0.017848521595410023,0.013769714678768509,-0.006867527982321154,0.004605255365647466
2019-10-23,-0.011577160506648079,-0.010328442520093238,0.018194114996355055,0.015556779793672329,-0.013571693734112222
2019-10-24,-0.021328988065536108,-0.01342593727884305,0.007506807162082977,-0.021476007410537127,0.003181716459047072
2019-10-25,-0.0028553026398426013,-0.0053369309445772785,0.004830170791045956,-0.008777086888048199,0.011687670869819058
2019-10-28,0.013581025714102595,0.05679298376696293,0.016350337756301018,0.015473692069328839,0.027567636958270473
2019-10-29,0.020638235305419906,-0.016489318702491783,-0.02283011469787057,-0.022579054519357163,-0.03504209990136268
2019-10-30,-0.019871464198619036,0.015312365001242627,0.008727969002776576,0.01884640842650603,0.028037755640286755
2019-10-31,0.029132733026146915,0.0195737794744287,0.009480132052874799,0.0006018021834796644,0.0005251443461453194
2019-11-01,-0.029087577098641272,-0.013232594542893357,-0.0010265737543784803,-0.012658982419548409,-0.012840409838132458
2019-11-04,0.0008824308129883738,0.006600448864685348,0.0005897433024201907,-0.024484105455949333,0.00943804211017995
2019-11-05,0.04165149702518523,0.01514934687118518,-0.017939000202036752,-0.0014864513606995134,0.0005171664607642583
2019-11-06,0.08767760398408307,0.045442128975675684,0.01228768735343149,0.021745228268877766,0.016267420974730176
2019-11-07,0.008139736328585652,0.03704552274237417,-0.0005217203079140939,0.005802436584486713,0.023836918668281887
2019-11-08,0.0766253129358089,0.050183142048542954,0.003633058845985101,0.027811644769480868,0.006545077046099771
2019-11-11,-0.04319169913532805,-0.006999842776691019,-0.0008570224025172037,-0.0006274737015148316,-0.012750843008628106
2019-11-12,0.04575461828984388,0.0009995494900860728,0.018210371479251516,-0.026207306075209023,0.031487288722004556
2019-11-13,0.012014921440805676,-0.009424938848136227,-0.024981334405007015,-0.00872111890774744,1.548650773243571e-05
2019-11-14,-0.019517234841433823,-0.049121706472523126,0.0139729090031977,-0.03688655171879083,-0.008298142941488163
2019-11-15,-0.044917498206608716,-0.017337834659515935,0.015616980501393513,0.012350328335188029,-0.00918172156086143
2019-11-18,-0.07471206074250283,-0.008221427551767394,-0.0307165707562721,-0.015157518576660188,-0.019637244360417968
2019-11-19,0.005225036801231458,0.032713468895426555,-0.009221358016899068,0.014325082114275212,-0.00040333851415228877
2019-11-20,-0.055618576715593566,-0.04825967745749176,-0.025585947408926266,-0.045874006649640274,-0.03398278912896545
2019-11-21,-0.009901169796020435,0.009149916948019145,0.011494414623152172,0.025099777348383118,0.00529537751710238
2019-11-22,-0.002842191082808888,-0.007309676890129105,-0.002148267156299582,0.019509331773121596,-0.004696241242313847
2019-11-25,-0.008276598236277946,-0.011018647826691734,0.009922355386034339,-0.008639004671725075,0.00691614893279815
2019-11-26,0.04190082475886643,0.03894793655491449,0.0028814413634280192,0.017278177682130788,-0.0015105789792659295
2019-11-27,0.05039735474005903,0.01960347576559869,0.009474243797666877,-0.021871038524500726,0.026539674736831116
2019-11-28,-0.036156562718081195,0.04350526114816971,0.005553405608497785,0.015845226618115646,0.02164018475742023
2019-11-29,-0.020109480876645047,0.015868273737777744,-0.007986036827528952,0.0025704566954630192,-0.01913875678977907
2019-12-02,-0.011601838543691947,-0.03187696296838603,0.019015719397768405,-0.006842098997130998,0.024686848956575958
2019-12-03,-0.055641504397398504,-0.005583239221066129,-0.02183944709503039,-0.01341414416364619,0.005072138247431281
2019-12-04,0.005456332591860233,0.01916882239012679,0.011362720634027223,0.010098363848339694,-0.006634708604367435
2019-12-05,0.05564271822749157,0.025730909013534958,-0.004893223383504697,-0.010537755826164778,0.011938050188093739
2019-12-06,-0.07283755734662907,-0.019205762245387153,0.007335022310304072,0.028666433325883478,-0.008644801734364773
2019-12-09,0.054269989655450546,0.010092166250927776,0.010291332218297929,0.0071480033414843885,0.022397908560797028
2019-12-10,0.048795360641865,0.02679138104894414,0.013435530886321354,0.03344968162149282,0.031617652276262474
2019-12-11,-0.025556370301483555,-0.02161791994844316,0.009039954338618891,-0.03049313665492232,-0.008717962126780457
2019-12-12,-0.007536364629601995,-0.017918346426408674,0.010822564969262167,-0.00919747381410103,-0.005171321303601314
2019-12-13,-0.02799826014404008,-0.02656086203281976,0.005680396665831166,-0.01294956793152404,-0.011899841891794598
2019-12-16,0.019019384463454997,0.028673791119959914,0.030119757316107058,-0.0011239626291687339,0.023957372083234556
2019-12-17,-0.0765986475751294,-0.032508030206753025,-0.014286977677614018,-0.022018180228020347,-0.031366670636434946
2019-12-18,0.0025819229083777493,-0.018698780447665007,0.0008213940147139735,-0.003349922111934701,-0.0010660763162210814
2019-12-19,0.003167280982409674,-0.011849144464565357,-0.004945585327546834,-0.04810217326517648,0.03295419222235456
2019-12-20,0.009989502138217666,0.018946904714216416,0.002864812374873531,0.018789669765192325,-0.002938313006148167
2019-12-23,0.044606838408585384,-0.0014685350728016002,-0.029530704432213742,-0.010316896651590999,-0.028641561548267483
2019-12-24,0.013490438561232722,-0.020997708094200224,0.027433756957536255,0.011505537411318848,0.003255829509147385
2019-12-25,0.025149872044834418,0.03360056709434039,0.0006210605398944138,0.03241858245996679,0.018869710295864275
2019-12-26,-0.0593816432722177,-0.020757415980406188,-0.025985508432972638,-0.03882308959908476,-0.005209642300559423
2019-12-27,-0.006172818904846587,0.00877704765757994,0.03996211246162704,-0.013940844954890404,0.016308681140015
2019-12-30,0.04183948508684554,0.029857959806035384,-0.01843483215076745,0.0007868061973922421,-0.0014845953744027191
2019-12-31,-0.022168461256526818,-0.03243076279088566,-0.0034879732791358625,0.0037127134491117667,-0.01952260226723075
2020-01-01,-0.004520350913718299,0.015475295521376747,-0.007306657548419616,0.006418486848694516,-0.018554445346157324
2020-01-02,-0.0650079751905455,-0.016458842460828474,-0.01940004708082693,0.007537770775211619,-0.016390807489017254
2020-01-03,-0.03668005981628029,0.02564177888992743,0.0004160629030011652,0.02140488453443291,0.016684772646466402
2020-01-06,0.08063884491043401,0.036649111275267335,-0.0032907067494391115,0.012497387889990084,-0.013745492733995382
2020-01-07,-0.10346587715315204,-0.0021835797488377108,-0.02687245779550015,0.012862306221486972,-0.012786544599297841
2020-01-08,0.04109813860154559,0.007775911742549685,-0.018787726081935505,-0.0016383007247306603,0.010688222880416919
2020-01-09,0.028195832799167236,-0.0021221089375565616,-0.006708351894990049,-0.01001694579165245,0.017810800892083496
2020-01-10,-0.03417093490507563,-0.027727949865178077,0.01587180550984133,-0.027219687428561585,-0.02440747518286567
2020-01-13,-0.03686082595623598,-0.007532727520274513,0.007961907792882889,-0.018151055093285406,0.01152142149425446
2020-01-14,0.022841825379541197,0.03229100140225749,-0.024472861722621732,0.01727436010350344,-0.006358474139868396
2020-01-15,-0.06390722372883507,0.010827764344454123,-0.026132700120488263,0.007642342960342822,-0.008331032440836505
2020-01-16,-0.02903915526869505,-0.010212016274537853,-0.013071812749377973,-0.03583624341030038,-0.007231954514561415
2020-01-17,0.04999464735524564,0.008173182999225509,0.009742245916177956,-0.04076661146807189,0.0067447532364279745
2020-01-20,0.018737946433361477,0.011862064508047488,0.005034795054113815,0.029250533977743572,0.004373747617012522
2020-01-21,0.06450554551882222,0.02565739338430707,0.021499510543570185,0.00818707506307727,0.01509212200230086
2020-01-22,-0.03087843094462077,-0.017542049164997978,-0.0013367372727382048,0.015900418525797214,-0.007118780047374912
2020-01-23,-0.044370410381208224,0.002588592664679027,-0.011456863670785715,-0.0093802896556835,-0.004706944216891765
2020-01-24,-0.0067882173734980285,-0.01953251914431789,0.018732982892854962,-0.023021692640629345,0.014324299700186971
2020-01-27,0.019439767097381922,-0.01824100385191022,-0.01162790786330572,-0.011315416674356019,-0.0022411306360650965
2020-01-28,0.0002664665708844551,-0.00617048554989993,0.0026176062768887417,-0.006981261874647071,-0.010102693850162396
2020-01-29,-0.012566223564224885,0.022891435535690667,0.013884757741153164,0.02422549193721193,1.4951834454661873e-05
2020-01-30,0.0391197142958422,0.023055919198817058,0.012623501000673224,0.06751939166928168,0.002232288859273941
2020-01-31,0.022700554500914703,0.018968124517981456,-0.0009180583655748354,0.006431931323607582,-0.015398547325920879
2020-02-03,0.006890525379138553,0.002789825770449594,-0.01769666834485628,0.012625594439069465,0.0044089002629492165
2020-02-04,-0.013579412211588806,-0.001383286783432402,0.0012233186182888888,0.048181258543741265,-0.029944149306594618
2020-02-05,-0.02530210300560242,-0.020214605180124492,-0.0028301895257788366,-0.027149551611133336,0.002547421730978772
2020-02-06,-0.015986051711421676,-0.033414805329443895,-0.0028821922868577854,-0.031190532176777756,-0.004777424272437176
2020-02-07,0.05012756134144618,0.026488161958346156,0.003049278420411648,0.02966308619498279,0.0032856307337522333
2020-02-10,-0.030548374244552905,-0.026195336792009114,0.006856725077229875,-0.0372356810199032,-0.011724945662811785
2020-02-11,-0.018855091233749052,0.004109339506895153,-0.004777024358880281,-0.05250211646694822,0.004566290581792255
2020-02-12,0.01571223253883581,0.02777897270614299,0.008038409835359733,-0.0052608794628095975,0.009565964420779952
2020-02-13,-0.03218957219325789,0.02003940068829344,-0.005552961050924228,-0.018808946184660738,0.0037942673718715262
2020-02-14,0.00013623702256852,-0.028964802700953182,0.00435352203851823,-0.005634532160832144,-0.013337204365216657
2020-02-17,0.024797320098108755,0.025046670889556245,-0.006752813852009619,0.07204092223731869,0.012433149702451718
2020-02-18,-0.019333029115112383,-0.04922980875963232,-0.0038784580103809786,-0.04608250413118654,-0.013749148204652038
2020-02-19,0.0189193930653296,0.020804059156837692,-0.01233315256703512,-0.01479522651444492,0.0008036246310932832
2020-02-20,0.07273524799811167,0.08540636939930192,0.019616854194611656,0.008457688180073452,0.026365345540382886
2020-02-21,0.015529109773689754,-0.04173143966948937,0.0039308699474351495,-0.039709296106670205,-0.0158694113440791
2020-02-24,0.03372812892895954,0.05970182656441955,0.018550678302202837,0.05210330140991612,0.001837515043689207
2020-02-25,0.03889254746119184,0.009311377896565914,-0.006957670543344278,-0.004211443841113611,-0.01626265226066266
2020-02-26,0.04725121214518022,0.034063122065889066,-0.013943319057010437,0.012021763311555633,-0.003312143258318537
2020-02-27,-0.0018023833682015804,0.046453603203482206,-0.004169592427976764,0.004356921044808781,0.0016605121251662257
2020-02-28,-0.04491691202592333,-0.03000772984056759,0.014769333845946274,-0.011785094590918803,0.01679637932033884
2020-03-02,-0.049416955802563514,-0.04549642381827783,-0.027854189295402745,-0.02284122143390172,-0.023523181395054004
2020-03-03,-0.07653947683603948,-0.052625456062681326,0.03338175433647462,-0.0010786050872333278,0.018736070587645415
2020-03-04,0.00028522223800066243,-0.015981998410976424,-0.007021341267430694,-0.0015905497314681648,0.003993350545635986
2020-03-05,0.037170430145972946,0.012252574691277432,-0.005875284379774099,0.014615834762957034,0.001024726907831958
2020-03-06,0.007983264686637133,-0.016606335962185293,-0.018615569519402308,0.003425451960650645,-0.03036828147419206
2020-03-09,-0.040662563256296316,-0.04228811645187119,-0.005408112829176144,-0.007833847574053298,-0.025101040491995043
2020-03-10,-0.0369148055092708,-0.053026537942421584,-0.02634260931472284,-0.04045816870499844,-0.00175231701619131
2020-03-11,-0.053595882745578756,-0.05735521746878534,-0.0146135349407622,-0.05933764455559748,-0.026835666879469783
2020-03-12,0.02214935898122449,0.03498175794921171,-0.009083768417727534,-0.009541758931705042,0.007538718602394528
2020-03-13,-0.023471974873234058,0.007259582287750424,0.0017961950209444482,0.004573700994669417,-0.011304629849604933
2020-03-16,-0.04685574755200891,-0.010991076018060974,0.012264641745734038,0.004749100261145441,-0.008046225373453128
2020-03-17,0.06696197924865951,0.07594386752946558,-0.010841568535071667,0.0453278411510457,0.004384952448101533
2020-03-18,0.036674033448880455,0.020489367891145662,-0.02183200361723568,-0.008135400642791953,-0.009891061214167407
2020-03-19,-0.030926501847062686,-0.065497891380752,0.0044163048594333685,-0.031633381513263156,0.017415425311855852
2020-03-20,0.037663027534144765,0.04028803164734718,0.020034307206371,0.04858018035495417,0.024763487395318515
2020-03-23,-0.01600555895763551,-0.012675828720599415,0.0030415381147941116,-0.015148352215389717,0.016610229288189473
2020-03-24,-0.03973045207884867,0.0122925171354483,0.010644753456835621,-0.00877783926189256,0.014823200063661685
2020-03-25,0.03435997349890442,0.013662602993762098,-0.006404619412972614,0.01774769985839564,0.004839169427370005
2020-03-26,-0.0020789226043330276,0.0001046993866437652,0.011785630001074349,-0.013050868234400494,-0.00849405866157252
2020-03-27,0.028360209665458377,0.06931280416665907,0.02924714967187946,0.02212962698299374,0.014890031667081293
2020-03-30,0.026639642182706837,0.034417465032993706,-0.015269496036544622,0.04432385259702362,-0.010045241416875612
2020-03-31,0.016495984604898782,0.012720284670570603,0.0212273326869052,0.017309303559781445,0.04557591862514698
2020-04-01,-0.01067327279161311,-0.023169713914816172,0.020919536632520608,-0.04338089222235739,0.010722729147935166
2020-04-02,-0.06308321257282444,-0.04936596899254519,0.006206227483756424,-0.024332709757701788,0.0011477622787654184
2020-04-03,0.021353506497823097,0.012878858642704903,0.019885923794418094,-0.0020197647831939605,0.002400665387779817
2020-04-06,-0.010523381270990045,-0.03472991662185217,0.012469680845992799,0.009262698903004844,0.015804008105004173
2020-04-07,0.0011953638673412766,0.015100754980478207,0.016159449905912303,-0.0002504979476533575,0.029716367004668457
2020-04-08,-0.006665057101343105,-0.00042198943526596585,-0.0323143189897469,-0.002221846092223087,-0.011791499609919012
2020-04-09,-0.011136444280640829,0.009062438832678543,0.01909886761204414,0.036030521547578055,0.007008919066859974
2020-04-10,0.01974290625677869,0.007053177846430826,-0.0037440816957271684,0.03919873855191867,0.0053244741649289
2020-04-13,0.034901826900815065,0.025338480553214287,0.005101644697751556,-0.006005959039369217,0.038405007310040255
2020-04-14,-0.007736167656097117,0.02136454901613676,0.007461109238257976,-0.015236681463832098,-0.0021831116937418363
2020-04-15,-0.04349250078202832,-0.01752467285752562,0.00285759265617099,0.0207694627543113,0.01711054468197668
2020-04-16,-0.014911747014331988,-0.035272664178104506,-0.035688378150556616,0.01903527728718283,-0.018309365181108143
2020-04-17,0.019745898455954224,0.01924945356906177,0.01824991314548832,-0.016159848653936944,0.01872284429232321
2020-04-20,0.02474770405657408,0.04427393053165809,0.0024126356751935935,0.08971438797948933,0.02886886435735392
2020-04-21,-0.017491003460676106,-0.015067199263768313,-0.01678564989743987,-0.0015181848723556557,-0.02085177659128981
2020-04-22,0.029345864112950443,0.02991652038637831,0.007581318117104017,0.010406601231581856,-0.012100493395300976
2020-04-23,-0.0208291514832651,-0.008514545142692167,0.02702712002556106,-0.03278658574276189,0.020306303703592814
2020-04-24,-0.02488240676991358,-0.027206633253143223,-0.023976093427179396,0.01382508596595813,0.013184774853368138
2020-04-27,0.01806755218843297,-0.0013214722516077496,-0.018136345730178468,-0.019137066735179942,-0.0020795291060956875
2020-04-28,-0.010325680017575126,-0.0634465003669246,-0.01674641043144367,-0.036165329569705945,0.02058913202585413
2020-04-29,0.04798582232904985,0.030695166534314908,0.018464203623085224,0.04122033497421345,0.03660952522196315
2020-04-30,0.0015875146541127895,0.025616750284304608,-0.016144536756351555,0.027325220112374305,0.0044457075376166345
2020-05-01,-0.037830260203071196,-0.023118273601860143,0.005968084005205562,-0.004474856511385411,-0.004791508997289565
2020-05-04,-0.061033671280289595,-0.06228354855517195,-0.022694082380293457,-0.04036204476916617,-0.038602765803712726
2020-05-05,0.03904062911010666,0.023534545730398655,0.010195404891450278,0.014440995811551501,0.010849511034838145
2020-05-06,0.004765624044452918,0.018402693393280118,0.02961990766649947,0.05013946704497068,0.027220930189908687
2020-05-07,-0.028482253152634977,-0.0703351228834456,-0.026449016107346568,-0.032125931904679474,-0.012388371298370221
2020-05-08,0.004932939431632856,0.005571482347183414,0.02185218229670994,0.010801336335358779,0.029383137325802198
2020-05-11,0.0317009624294752,0.0008311069790283597,0.028036239038158245,-0.030573985670081568,0.006586638422037588
2020-05-12,0.03741793470063956,0.023723054431715872,0.0393958668516673,0.0020250108746824864,0.016113560599808948
2020-05-13,0.028372799124416995,-0.010465073682891525,-0.004433531033615717,-0.0002033479082950954,0.007185225650963247
2020-05-14,-0.0033230876568326553,-0.05000648712149907,-0.00170078805840064,-0.038401760721456145,0.004054723778145068
2020-05-15,0.024480276436018716,0.021814885191428424,0.012710301015965752,0.03761881607361395,0.02199774285653279
2020-05-18,0.00038056573424431473,0.003122690165655017,0.004971078666497119,-0.00810554150914719,0.006658089966712487
2020-05-19,0.020238076091564017,0.05413301792990796,0.03237027430276556,0.02388456920129397,0.01671900951415001
2020-05-20,0.01223055601540325,0.016062598934060892,0.022591310324258637,0.01969292419933189,0.019073013414038553
2020-05-21,0.04681824889014561,0.0533791486955624,-0.02308604785796325,-0.009426446798387693,-0.011068141287589652
2020-05-22,-0.02157436677998803,-0.020639088926959075,0.013301404729218615,0.039057835525358645,0.030842641693611842
2020-05-25,0.06606843186811942,0.053961850140292346,-0.004661551083475867,-0.009173273184539288,0.016653816202269835
2020-05-26,0.04985700457488309,0.02802002017233011,-0.0080407695147943,0.01611974105122577,-0.006025834726519581
2020-05-27,0.035312653021209464,0.02608591313793863,0.013906206994142144,0.021238734380848053,0.020711421985472635
2020-05-28,-0.048987268376248276,-0.02343804162581084,0.011487846062469376,-0.016746860744742104,0.02258658149737676
2020-05-29,0.03551361373971207,0.03675078797266699,-0.023669944158828768,-0.0001140666473722471,0.014065390765564073
2020-06-01,0.006505619837251034,-0.0327384107730862,0.009311336979695986,-0.01961170605142909,0.023748919892210067
2020-06-02,-0.08372205533871695,-0.05146000393120534,-0.015080131951230103,0.014066756400973997,-0.042423451161416784
2020-06-03,0.0016395534517528,0.027030287125760763,0.01248546861359942,-0.012257729769380681,0.01750546699984875
2020-06-04,0.017518105861665068,-0.03268215299295513,-0.027340041648931262,-0.027049048335105543,-0.015243570936014823
2020-06-05,0.03201823528817247,0.015934630329647315,-0.006496331878889593,-0.011950006443768705,-0.009609464950236252
2020-06-08,-0.015608838456952486,0.023353666043425533,0.0009433409948690449,0.015159452503177639,0.0065237277209130055
2020-06-09,0.02402094869003102,0.020002241827270548,0.008880573683113749,-0.014148732796080681,-0.00017481289062301668
2020-06-10,-0.03460310479762231,-0.011400361668921258,-0.008728806937664809,0.05153307807246407,-0.004015251795803945
2020-06-11,0.051036597116268144,0.03521324944482914,0.02540648759426766,0.0049454302507923814,0.02280586787397406
2020-06-12,0.03838873107819414,0.022621541251101572,0.017806483404133253,0.021838862891776556,0.008261599871054752
2020-06-15,-0.05925757257672183,-0.04514473916303425,0.03346019284315199,0.04225019774297605,0.01789888338796965
2020-06-16,-0.0008306184258820767,0.020195678428522285,0.008486896080746154,0.005271514376316375,-0.003347216573748052
2020-06-17,0.025041634026497336,-0.002187700109890506,0.009077513336931861,-0.008767792778322063,-0.008518438887624382
2020-06-18,0.013993732307270208,-0.004001944395590592,0.027406229978740735,-0.017888162007873534,0.026173625431552102
2020-06-19,0.05065627835465289,0.03179536347263307,0.01084223507611613,-0.03632845981129135,0.017473882138629944
2020-06-22,-0.013829971265133098,0.0007530433348757243,0.015102011889298895,-0.02566693501850796,0.009229893339538064
2020-06-23,0.04334184515482173,0.03293982469034789,0.005139916342327767,-0.004240424666208243,0.02290302523628104
2020-06-24,0.05926198172046984,0.03752486598462893,-0.005169617947035213,0.019277694488984025,-0.01461329297321395
2020-06-25,0.05369496528219459,0.04908435885726637,0.023107260695553397,0.05337982967264311,0.009513833050193975
2020-06-26,-0.01800304330770232,0.013230660505977784,0.03195349568201,0.04951576134417624,0.011726033475226924
2020-06-29,-0.02299180188264189,-0.027510811637229033,-0.03353592220876834,-0.014502960931137582,-0.01724834198416656
2020-06-30,0.006946961108190443,0.014636650122153481,0.0009791398242333883,-0.016315239477273022,0.009239739964880927
2020-07-01,-0.021993119350504582,-0.004773375400747752,0.00967366540722781,0.07284684714198938,0.004775858799154189
2020-07-02,-0.002632714724005521,0.007116894501533295,0.018552075451580236,0.040877100443658915,-0.0017848491013790551
2020-07-03,-0.012278723041703316,0.011172060644794571,0.021324485181357232,0.045801462443475896,-0.01807422970157054
2020-07-06,0.03697432736779488,-0.015960855450587445,-0.0003060120812462995,-0.03523512336972674,0.014673895925333103
2020-07-07,0.00789147959636448,-0.008308458188575972,0.009750247769133408,-0.05585027316209133,0.009482621248822345
2020-07-08,-0.022862967695021517,0.004157201614814318,0.006899081360589543,0.04274217148900122,-0.008614690096733038
2020-07-09,0.023953437272488696,0.007395824651447945,-0.01833943337096066,0.01804831786527585,-0.004064046074059451
2020-07-10,-0.03157965042305281,0.0013943717445400394,-0.02169340315225282,0.06210411360970894,-0.04031511175217972
2020-07-13,-0.00809866669149037,-0.0005899611375993905,0.018309101809437314,-0.013078339945854249,0.011601524081973638
2020-07-14,0.007001604010554882,0.012428605108856999,-0.007171772774451674,0.09737211522762529,0.004911381816819915
2020-07-15,-0.000491361632361714,-0.06201954970475234,0.004227101281819522,-0.08507658609876366,-0.01076515310861426
2020-07-16,0.018305171420695644,-0.01158923218502569,-0.012351304694481936,-0.09092283438057108,-0.0021641328999363585
2020-07-17,-0.03960674996067865,-0.028238564266485286,-0.03088652190451406,-0.060077365059357554,-0.012433224792161553
2020-07-20,0.006790333283000285,0.01674894274350924,-0.011761117928991375,0.026037519322758083,-0.004215996563673
2020-07-21,-0.03583513510122849,-0.002702637745949827,-0.0020602495983276493,0.06678894569014186,-0.007943983948050622
2020-07-22,-0.011382545604954459,-0.012509934183245659,0.006274991889808558,-0.04324839147989226,-0.00839547146651793
2020-07-23,-0.014860181364911866,-0.07061749146128841,-0.013734920596752832,-0.039811293216825874,-0.006996776697074405
2020-07-24,0.027466139465701492,0.014921494233218032,0.009649916581856783,0.04646058263407656,0.002637582070538799
2020-07-27,0.05364954794339459,0.01550241340752737,0.008442581639331773,-0.06143319268111759,-0.0060575134003739125
2020-07-28,0.02766268847020306,0.01476059390622269,0.030132123502074212,-0.011977140681685585,0.010048497995676161
2020-07-29,0.014558912613951563,0.05093683686424806,0.009634117814289122,0.026895500020059287,0.018291757885594527
2020-07-30,-0.01764981077812981,0.0079755737244144,-0.015123470917068707,0.049356617013286565,0.005644190528743996
2020-07-31,-0.04437404352144338,-0.02246425092737399,-0.027922815260393682,0.016084358841774022,-0.0415243053347344
2020-08-03,0.03574198671184532,0.012028059342640372,0.006287547611536536,-0.026928201065007373,0.022432697435534756
2020-08-04,-0.010431222223537819,-0.009450472154860973,0.017681312590935624,0.0077644841241673096,-0.019198408241983562
2020-08-05,-0.007136839852103575,-0.015141814744778983,0.020392014129499977,0.031915685474541905,0.0005294974477221779
2020-08-06,-0.016727448341894983,0.012887477550018749,-0.011185600711143245,-0.0074616995515575605,0.016941095399639197
2020-08-07,0.029328534437669557,0.010747417887450707,0.022461740501009974,-0.039198471823069236,0.00733752999343195
2020-08-10,-0.03245431972384,-0.0302584041110391,-0.02686294102935666,-0.04320711286765798,-0.002953516436184194
2020-08-11,0.012309778354545583,0.010006491328344566,-0.015821886560375923,-0.0029982559781739004,0.00037977372773486485
2020-08-12,0.0035894446909142054,0.0216457341217955,-0.007558550916891759,-0.013900995870724343,0.0035317097027981995
2020-08-13,-0.01370089663221041,0.018162502098544045,0.026637839338745146,-0.031118648369564114,0.005572530027941703
2020-08-14,-0.005366408945412125,0.014470105569607285,-0.0009326394719625214,0.01260538316777398,0.014751027729814854
2020-08-17,-0.030478377421316177,0.005949067965772023,-0.02988638358852685,0.015367638020743335,-0.001917834328404794
2020-08-18,-0.012154870586792542,-0.014991216281995687,0.001518933968403608,0.04340780341088312,-0.013517611923223254
2020-08-19,0.00495160897942208,-0.001389656651242322,-0.03052974688252013,0.003259496027477733,-0.006747475933827005
2020-08-20,0.0059856405498573345,-0.0027935252837189067,0.009798564401452478,-0.007204157024720506,0.0007779921819240967
2020-08-21,-0.006811183269065465,-0.04045496081954499,0.013187574275546145,0.006270050714634294,-0.02136715366124489
2020-08-24,0.03867719810911953,0.0321638224104123,0.011638530642981778,0.015768171896683617,0.013883573791871818
2020-08-25,-0.006199641508078552,0.0033178676074573535,-0.0032032311674004966,0.0009153853896638732,-0.014154964505658615
2020-08-26,-0.005682673639417984,0.03540153784766834,-0.040219307002712285,0.04764150201203078,-0.01882424510044789
2020-08-27,-0.02038373374098525,-0.03104489745554638,-0.014009095142605597,-0.019649462083273936,0.01804492265403528
2020-08-28,0.004367178436603613,0.052815819694204784,0.015274287278984751,0.046269802224583934,0.010725616905226287
2020-08-31,-0.024528656256431188,-0.029381471337440995,-0.013584749344118636,-0.043306322474264726,-0.0035177693177095163
2020-09-01,-0.004084411643550648,-0.010330527638813694,-0.006525790028818226,-0.00621809716600903,-0.00922317859159148
2020-09-02,-0.021573578409549703,-0.02239146163886796,-0.011515215387782005,-0.027725842353575246,0.014096853436767469
2020-09-03,0.01072372614309322,0.04516928043434946,0.009148897083959374,0.06214394745175295,-0.02089934560242271
2020-09-04,0.023751413406178826,0.015734058946706146,0.013506410438591162,-0.013845707703936418,0.007681482938141722
2020-09-07,-0.018811572288017005,-0.02722381649223101,0.0020437786844516954,-0.04337332559100417,0.0003805487426244019
2020-09-08,0.004484478636698829,-0.00034427080414481154,-0.0011048713223370929,0.02359825702378461,-0.02378536375132749
2020-09-09,0.011849029845231906,0.02083611287343724,0.0072918220277189095,-0.05604463995827763,0.025529097214150257
2020-09-10,0.040252371959598535,0.03233428329515892,-0.013466639162314779,0.005623015568550927,0.019714009342342326
2020-09-11,-0.02611276338258912,-0.003967776724071111,0.011244178363200217,-0.011191964822416266,0.015977615332287733
2020-09-14,0.040280730552737495,0.051260038231376995,0.017860219389170973,0.06603100127243264,0.0064582748062205035
2020-09-15,0.01738672095878746,-0.030396690965709943,0.018832091019313466,0.02730701896824472,-0.028160462158737815
2020-09-16,0.008239820489721635,-0.012173724397577081,0.02493550446106622,-0.006744095909371268,0.04200338471286929
2020-09-17,-0.027352389547574164,-0.018927934382188358,0.013728108272444693,-0.005004087411016478,0.01057700644988284
2020-09-18,-0.011159888415754849,-0.030384844306403237,-0.009038386477723804,-0.02046997677841822,0.005238985597559721
2020-09-21,0.0022975064647243904,-0.00996880810134565,0.007223799825508385,0.010774102152788591,-0.0039045504633233572
2020-09-22,-0.02009717718730255,0.006845714926071356,-0.01975721731717754,0.015180540349658113,0.003999513929765195
2020-09-23,0.02455662126308075,-0.005026508888856383,0.015324529351815787,0.019900873531420244,0.011143606014665944
2020-09-24,0.0012182421753728992,-0.008707068599164855,-0.02472703221288655,-0.01139745591021226,-0.0020782640511392385
2020-09-25,-0.01299520551261476,-0.02021679828084315,-0.0100767499440425,-0.013290774498238378,-0.0004024187418505198
2020-09-28,-0.015282270608827272,0.0008471945209810171,-0.014429150192984177,0.05042218185513572,-0.0027844269446271616
2020-09-29,-0.009053090245833232,-0.016707956319325597,-0.0007684070675430333,-0.031257898618965364,-0.012919482439363725
2020-09-30,0.03452733193836746,-0.0056963335017809575,0.021917180760730227,-0.015476482779857673,0.019630483458881864
2020-10-01,-0.017155273195448288,-0.022091495175262304,-0.008987159060743542,0.023685075325450788,0.005904941350280772
2020-10-02,-0.016890819808654676,-0.013385797695007187,-0.02687961791167567,-0.04136722264170455,0.0022779209365448427
2020-10-05,-0.022633469232061235,-0.06806749654067913,0.019164108456087108,-0.011977894201248535,0.004376315880559397
2020-10-06,-0.04655265605762809,-0.024750959331558825,-0.05307183664224831,-0.016489458721484263,-0.012624621194562674
2020-10-07,-0.031246480985758236,-0.007111877596578442,0.0023440384857504443,0.02025983146476961,-0.0005082500057322681
2020-10-08,0.013920641136121719,0.007413710574866698,0.03857248123632905,0.0507704293091795,0.0005344800002592341
2020-10-09,0.012731978652422348,-0.00988705977103597,0.0003965648596630075,-0.05208456978765073,0.007558638396777951
2020-10-12,-0.013663864254226677,0.022771956630051826,-0.006004594036701335,0.029315730332279893,-0.0050857648904752825
2020-10-13,-0.06841248928282381,0.014325335064989154,-0.0180739873101467,-0.0017057691483048617,0.002949315599180469
2020-10-14,0.033358554945344114,-0.0016024887880456442,-0.005047831978028116,-0.011370072878469957,0.012758042658505699
2020-10-15,0.020010081999433497,-0.0035760236190750345,0.011205642535358171,0.026194972215378243,0.00846139393852374
2020-10-16,0.011149195814255575,0.018040271683617267,-0.02588839255076804,-0.04189491173722932,-0.011393141761142027
2020-10-19,-0.028293298488343537,-0.003606556660566479,0.0012405137545077626,-0.00881429688980281,0.012850894765334426
2020-10-20,0.0530126791221899,0.019351306427654008,0.01998771558820195,-0.016181691125997353,0.0016804448583071202
2020-10-21,-0.011144757790920504,-0.004709905911416265,0.0001837161162471802,0.0199654741932306,0.006423233057227218
2020-10-22,0.07697808197964429,-0.010192276971578915,0.045638822941913314,0.013695026065671544,0.021853559488057426
2020-10-23,-0.02291395897345974,0.012181405802398728,-0.0004670148184368241,0.030501258027362147,0.0002466790724166161
2020-10-26,0.0353039721026778,-0.021384415320577034,0.052267809281390215,0.0015343278876440215,0.020481464674357523
2020-10-27,-0.01738375184596148,-0.00444084247240537,-0.0038014972628546057,0.04308423389522508,0.011885921256950061
2020-10-28,0.025725949435245348,-0.02271021244291302,0.018971331133650477,-0.0051152763826411395,0.006216166348612879
2020-10-29,-0.0017314666627293342,-0.00309345559909744,0.0012210705933399413,0.011709197029290297,0.0035641796347770575
2020-10-30,-0.002045712331355863,-0.00010703232434210144,-0.006865484655756026,0.01925352307501228,-0.013792369297990114
2020-11-02,0.042390524928385014,0.012196777671222715,0.02093385082179377,0.03989059476994324,0.0005620224769245687
2020-11-03,-0.055436864497060284,0.01879086842754763,-0.0006165870336776352,0.026667515549831707,-0.00016409744280002162
2020-11-04,-0.06310091717813057,0.005509794619348902,-0.022359286677043733,0.007445286999161359,-0.0011518373580930916
2020-11-05,0.046719177991228766,-0.007547846499737811,0.03944456623500843,-0.017450666711954322,0.019485072439177673
2020-11-06,0.011541050768532712,-0.007915257940738264,-0.007296182648237306,-0.023876867020643865,-0.01584016278827521
2020-11-09,0.02344347831687946,0.008545721173350942,0.01990033093432455,0.013999583848972496,-0.009069571372448886
2020-11-10,0.03218339727962116,-0.02032415614626988,0.051590186111460976,0.005082635706830255,0.024230377594617755
2020-11-11,0.03297374898118996,0.007177266007501305,0.016375719533155735,-0.014628763625961015,0.009269754238321753
2020-11-12,0.014088356757322331,0.01488762420387871,-0.002971714513444602,0.014658138141876354,-0.004040522636167507
2020-11-13,0.05793799310639925,0.009701716138814702,0.04634235306011348,-0.003355568033541506,0.03532190976276809
2020-11-16,0.03925733259661855,0.012845471910539578,0.028845912827960337,0.028025892384414438,0.00859323288825395
2020-11-17,-0.04106616866106937,-0.0017522799694343605,-0.021080527145541553,0.011758043966524336,-0.0037920959232787
2020-11-18,-0.029682571712094253,0.00036097024754705773,-0.023892475246355942,0.015279954634665464,0.009720676080560448
2020-11-19,-0.05301776067133139,0.008869656541225,0.0017661097175869522,0.0264653126822343,-0.001722640973717268
2020-11-20,-0.006044412195670314,-0.02517348009393831,0.02563432364714766,-0.0033414634029407023,-0.007121286268351054
2020-11-23,-0.0029070313719821964,0.010534610189026595,-0.018927024540038348,0.02446939627272269,-0.012479736717684075
2020-11-24,0.009600774022133576,0.017812322864855082,-0.042320552825891374,0.014744241666339445,-0.004716076320583795
2020-11-25,-0.00939200736842708,0.011246799351000524,-0.02239805066531433,-0.017415012283920818,-0.0037984786645899843
2020-11-26,-0.0190320133332937,-0.02113449799288555,0.01835787285038171,-0.004538721860433971,-0.0034389004322609553
2020-11-27,0.0897734038460637,0.03584055989919208,0.0099781251601553,0.009017625538646136,0.01639463784214492
2020-11-30,-0.059973420429999154,-0.014395380242005986,-0.05573760388302092,-0.028636636383623307,-0.0043346935128620164
2020-12-01,0.021650457715989845,-0.007123225710714684,0.017228475638288426,-0.00676196280689774,0.013306158516024914
2020-12-02,0.05744166569122001,0.012490177172538924,0.00523879077033008,-0.004526697077889222,-0.010082333921804206
2020-12-03,-0.04741390786689188,-0.018100970437158432,-0.015201200074144612,-0.027210285852160013,-0.0069628723852416426
2020-12-04,0.06817528072090012,0.054989208510436455,-0.009329709619523629,-0.02204236242203792,0.02522582367631972
2020-12-07,-0.0029099965210894812,0.0037780065312954503,-0.023118017189468255,0.013727424174798032,-0.013484798928053543
2020-12-08,0.06933005330723857,0.010399508276746686,0.015498693654327659,-0.0019515133398668129,0.0025125738346059743
2020-12-09,0.00660838756093962,0.0018440653384472656,0.002462353421991582,0.0017843362370866445,-0.0029648321484996663
2020-12-10,0.005913144176949991,-0.016092193788184755,0.007255265661905181,0.01577748755484785,0.012932739550267231
2020-12-11,-0.008227274357151489,0.020936516884766682,-0.006856496696995072,0.028655424693768767,-0.01705271813081025
2020-12-14,-0.04952329948908798,-0.015019647029686174,-0.001839336795211464,-0.009527540475967315,0.010100866175328975
2020-12-15,-0.050726805567627216,0.004559055803752203,-0.011899365858953776,-0.009670209417814858,0.010813899787406638
2020-12-16,-0.042467991182006504,-0.0070455796742916466,0.014284069729582115,-0.026507165499702962,-0.0027096876438250134
2020-12-17,-0.002745642820844856,-0.019931116268270998,0.005567464742556612,-0.013689948031896914,0.013071226769273341
2020-12-18,0.016143864547959935,0.005775428383074256,0.01062327273449,0.01289765622544166,-0.004558444801520201
2020-12-21,-0.08326203529509066,-0.012064787216307929,-0.02231963258271962,0.007387967198549078,-0.02167382951961285
2020-12-22,0.017888206740351496,0.007890812097409378,-0.008671221000367085,-0.02545149687792048,-0.006698432138235058
2020-12-23,-0.013366010843516764,-0.008863432296263182,0.009240057335367391,0.017032616167616324,-0.004737581043160591
2020-12-24,-0.019139759632368098,-0.006742632007753713,-0.006548058109061522,-0.02193611682042495,-0.006296093745338955
2020-12-25,-0.015500662212129356,0.008926000091394503,0.0077859534068728566,-0.018172059770996573,0.009737435948954138
2020-12-28,0.0017256306724840514,0.006711361577224316,-0.007615867581444193,0.01962476077826066,-0.0012214156075743073
2020-12-29,-0.07011224083429492,-0.02743564481369832,-0.029455449979964948,-0.03768173710121651,-0.01662547896804241
2020-12-30,-0.0398627379385135,-0.017816627127976763,0.01053663032220599,-0.009486769230620794,-0.0010559381540777748
2020-12-31,-0.008711596409138133,0.0039478180218736995,0.0011773384363474196,0.005023948827889404,0.006675431975448618
2021-01-01,0.010742740901676507,0.005786734411486952,0.016011936845845717,0.015627301852202093,0.019675145920697537
2021-01-04,-0.03104495105517456,-0.026233145483106738,-0.0014843565840716218,-0.024676608914287083,-0.005405000227527238
2021-01-05,-0.024203976485468782,-0.030225358888085054,-0.003929235017280175,-0.007623068790600217,-0.017414513932005136
2021-01-06,0.004168836047423507,-0.004458371563945467,0.01124219289643635,0.03523426598650938,0.015802189861700552
2021-01-07,-0.002414679348810478,-0.006046170292001143,0.005470449047491545,0.014252889646825596,-0.007869718418301237
2021-01-08,-0.011260631796209442,0.002937017362205431,-0.0015632456076548962,0.0006734336596806869,0.0026886802341255715
2021-01-11,-0.018784519892766343,-0.006877430222151811,-0.02945896551705848,-0.00999511314735604,-0.011596546809993483
2021-01-12,0.08806534957342994,0.031617982517332756,0.022066074918188964,0.013901056380654921,0.018450779019763403
2021-01-13,-0.021838200591109087,-0.022948260854636707,4.43565104708725e-05,0.021710301378065275,-0.027186086772660222
2021-01-14,0.06968453212656199,0.013742003849317128,0.026809451788506793,0.014974978307361003,0.012115064357695646
2021-01-15,-0.009562266798960245,0.009510020805338004,0.01344901574049388,-0.012316794455315899,0.014116536502648248
2021-01-18,-0.023184026984127158,0.0015505470639884022,-0.00022781424405096605,0.003681195186115664,-0.0072273179547321
2021-01-19,-0.03025129360082038,-0.005949341873066791,-0.006663454016171578,-0.018179995909494578,-0.0034372332228828385
2021-01-20,0.011044940092362723,0.004500948331638144,0.006307951776748779,0.03601080838333846,0.00028860516015673037
2021-01-21,-0.018374533913973725,0.010520034593622189,-0.003599790251641149,0.01981575822727079,0.013474685738961285
2021-01-22,0.015449266141145139,0.0026216807383626774,-0.0032847101067075995,0.03773633638599092,0.00756292144910851
2021-01-25,-0.026334042483047652,0.004208758127042821,-0.012631485515474676,0.019281693987419066,0.00024046374418600024
2021-01-26,-0.043807136851718234,0.006714066247106467,-0.02515283708917786,-0.024608384956856657,-0.00595489320092363
2021-01-27,0.02094736808892908,0.02633070003959338,0.007811085920408414,0.0019679767401012656,0.015931606697960513
2021-01-28,0.0025913863264355125,-0.02135831630476779,0.021334552106421947,0.01220175364591546,0.004414257478876521
2021-01-29,0.014416265217329232,0.024278255926026726,0.008575166269621015,0.029253198937387963,0.03193318007753144
2021-02-01,0.006344971410551686,0.009838850749837359,0.004318494836713632,0.0023766421733621207,0.02651562445195872
2021-02-02,0.037075518912536486,0.011392145945361469,-0.01689915235594038,0.01973528079833989,-0.024586305240379976
2021-02-03,-0.01370826535322198,-0.004108488404222894,-0.007496282918409379,0.029806834498594306,-0.01574282747538147
2021-02-04,-0.022309254354000156,0.0014835330190951965,-0.00555429926163876,0.005739029862265522,-0.0006592166679814701
2021-02-05,0.07196916853364467,0.022955448979096783,0.05600397163122639,-0.019827978710487536,0.02502964120968605
2021-02-08,-0.02073185591416668,0.009572820289983061,-0.009771908923310452,0.024872252834236885,-0.0066985991253681
2021-02-09,0.027997408895948782,0.010588824652371836,-0.008187616529726416,0.028596457362804698,-0.014150941666025004
2021-02-10,-0.05975410123444204,-0.026499218103146205,-0.033737542534560794,0.04661551441877158,-0.030032622792529145
2021-02-11,-0.01853856631319568,-0.005106543093173446,-0.025287966346045253,-0.011241674918944558,-0.0004748647537258523
2021-02-12,0.07280743805013842,0.012769528788616263,0.029160683874044427,-0.018800454319933737,0.00834114430914841
2021-02-15,0.014830739467516917,0.008975295257114373,0.008604024679853599,-0.024201145441414152,0.0033472545433475965
2021-02-16,0.11777186291892766,0.037067404674255296,0.01724628672546947,-0.002401776976965308,0.02265576115716642
2021-02-17,-0.02304631873707704,-0.008257066364474382,-0.015619112001892668,0.022513185583349162,-0.0066305482761883725
2021-02-18,-0.004500399330533276,-0.01146222465182948,-0.00021536286025124296,0.022543795314998463,0.009092840966677803
2021-02-19,-0.039812821375452286,-0.0171034389648809,-0.021418552020519215,-0.04729805319030891,-0.025824034575471836
2021-02-22,0.03297127743691892,0.01683128146498931,0.008914784928613334,0.014768141119428193,0.014834677924172932
2021-02-23,0.038384107802441274,0.03412141174372209,-0.0020131206361477037,0.012761683294190525,0.0022787775576447447
2021-02-24,-0.01865194325744303,-0.018877355575963265,0.00022599087693883754,0.004431289841208454,-0.019062785222021726
2021-02-25,0.005703752062154709,0.001748318419719795,-0.011647029863600665,0.01250786222040477,0.002519423533940646
2021-02-26,-0.004188082744914797,-0.01406642951759488,0.01125107084641842,0.0238304678604071,0.013126226789971345
2021-03-01,-0.0604722686895376,-0.023681120103876723,-0.0249946598745642,-0.011498644271494336,-0.01093292011541857
2021-03-02,-0.00526277045988548,-0.012109767263051657,-0.004194733269885889,-0.018126518779778694,-0.01943762250322412
2021-03-03,0.03911847358904276,-0.012956544801462055,-0.00168165659814987,0.02898653323990288,0.0026343152556041853
2021-03-04,-0.014879204999122628,0.007301542052176582,-0.017725477206312727,-0.013744369589297836,0.003178533627265213
2021-03-05,-0.04453419018841762,-0.03396165038386087,-0.019887213245783825,-0.01647711710161652,-0.03289128749192471
2021-03-08,-0.01735770723163784,-0.00301072369902029,-0.027819021361107248,0.010123892796771682,-0.014480266696392782
2021-03-09,0.011377841317954622,-0.011304790212331895,-0.004627765782908272,-0.0069502846795065154,0.004332443075745113
2021-03-10,0.023921063475482833,0.00042449957897219837,0.0035415646862865862,-0.005621733762652403,0.0073840680164106885
2021-03-11,0.018681258083519094,-1.0057057346876802e-06,0.019975260893688243,-0.007577134098151986,0.016517422511646965
2021-03-12,-0.012278377150327787,-1.7368512106958853e-05,-0.011309708837580068,0.029013043333392493,0.011157589344820246
2021-03-15,0.003396755162439509,-0.004132680826329875,0.004143683011282131,0.025462705477826825,0.006879838596764707
2021-03-16,0.03647377713417719,0.010337360109641319,0.008632984997151455,0.00768613546988043,0.0018234955118987988
2021-03-17,-0.058663610690021496,-0.041065736325067305,-0.023268789878476394,-0.02763795690565811,-0.006086925831050575
2021-03-18,-0.074678055836853,-0.039138919926730756,-0.006727698249358826,-0.00572562002686142,-0.015538351720203819
2021-03-19,-0.03179933253312045,-0.014649967321597497,-0.0057445088190565,-0.015312005096193342,-0.015828449660888276
2021-03-22,-0.001289430339850463,-0.011357426601548802,-0.019395102170936138,0.03199708852729674,0.004340581770145097
2021-03-23,-0.0014824060514595009,0.0035960021596258287,0.032134137374867276,0.05759663636943839,0.0237139992709051
2021-03-24,0.004805465464588226,0.002261557684888991,0.03411105224393628,0.01718620659888506,0.018576261941814696
2021-03-25,-0.02012042896804496,-0.006286884595436262,-0.024158371438734057,-0.00803825625390775,-0.03293513779661615
2021-03-26,-0.033517298629560176,-0.010324209424053259,-0.044914757103083486,-0.02189881885877239,-0.026402993715721072
2021-03-29,-0.04539022538653314,-0.009015899323857284,-0.01810327434981359,0.03590973795711086,0.017672294357568282
2021-03-30,0.059342226870081276,0.012359116705489791,0.019459148621113937,0.03495116576181573,0.03313045255550458
2021-03-31,0.008629205131860669,0.009248731923006836,-0.004019401050423802,0.059616263947920745,0.006856598109633681
2021-04-01,0.06401617017526443,0.026858533851369343,0.04607116968543194,-0.010366654752410196,0.030158907616739374
2021-04-02,-0.04778697412826577,-0.011672795704556952,-0.004848030639355101,-0.004553141301663187,-0.000791500818475587
2021-04-05,-0.022492331485242597,-0.014448435054429004,-0.0028147532145854164,-0.010794690116378238,-0.008774313397929473
2021-04-06,0.004230757018872162,0.027926119335377992,-0.030052885024251384,0.010064017118184894,-0.002711950680631433
2021-04-07,-0.033287922878353186,-0.007796202713990331,-0.007845125024820754,0.014048230268343224,-0.005543882712565129
2021-04-08,0.014552666486397027,-0.020466411079374934,-0.022447492916201982,0.027507422999687857,-0.02137185539024619
2021-04-09,0.04199184711344452,0.012551510727198801,0.03405972364653574,0.06566394009882488,0.017006104669630373
2021-04-12,0.026841917724433072,0.01571365461200024,0.019841123965222206,0.005390266717888287,0.014625466145154793
2021-04-13,-0.07191122098961539,-0.034496777125797566,-0.04046457067041088,-0.012888693536945002,-0.03468721296021416
2021-04-14,0.010906491468958914,-0.00247351201335664,-0.030412104695320553,-0.03863567003089947,-0.019284666246785858
2021-04-15,0.027649853278516875,0.024651572125886922,0.007523146148162303,0.012294073706825424,-0.004360166998912723
2021-04-16,0.04101559109001253,0.015357825189428836,-0.00745162617868409,0.010964381135050463,0.01940215126013936
2021-04-19,-0.022097772798324953,-0.006183196919973235,-0.013688778003860222,-0.03408345792694782,-0.015167556023078036
2021-04-20,0.030067468809869127,0.007129012195422721,-0.009613746947503684,-0.0010741120145422243,-0.006652990595503785
2021-04-21,-0.05322305372293508,-0.020832624758016217,-0.00276869532579354,-0.01305295981775141,0.02764836686605761
2021-04-22,-0.0007705637959430269,0.02061366495094518,0.0292921374626235,0.037376469278524636,0.04482046541657744
2021-04-23,-0.005675569943226444,0.0027587248869916166,0.0013002849750398339,-0.0497018989158057,-0.015592755229807468
2021-04-26,0.07060952256496442,0.027009887416634487,0.025494425698184775,-0.022237381753348745,-0.007977469905744133
2021-04-27,0.03055507775394615,0.03091077848849969,0.001805956838489002,-0.01775608808926689,-0.009656972526198983
2021-04-28,0.04397928747534852,0.010981676169258102,0.008059794380811336,0.013392709044660889,0.004408863519490875
2021-04-29,0.006945908376702342,0.0054994729083826235,-0.03192423262269223,-0.029239817636631825,-0.015233564600228119
2021-04-30,-0.011982686990103944,-0.012776830504924862,-0.0020580786943163653,0.01462670205151227,0.02004370891700872
2021-05-03,0.04415159218415654,-0.000984595330367273,0.010142835745514044,-0.016668635125786705,-0.003698048139088628
2021-05-04,0.0005320286016731279,-0.03978155775547266,0.004414885148393943,-0.010323179954616315,-0.0035820028030079517
2021-05-05,-0.014500705331874654,0.006675183745167601,-0.012482791112489892,0.006499590793185393,-0.02315951024689014
2021-05-06,-0.0319465258694819,0.010092916673363853,0.006973611211586254,-0.022164299501537955,0.015501535603989773
2021-05-07,-0.03549668436075621,-0.006031543601904002,0.00932109749971547,0.028833812539706603,0.003544908429128294
2021-05-10,0.043698138181026386,0.023446036381509907,0.020865010310302096,0.016161707236532704,0.012728692649515247
2021-05-11,0.0794440722715679,0.034318472878807786,-0.021256459608020705,-0.02158629490724414,-0.005849472739086663
2021-05-12,-0.013849904027971522,-0.02007451789043151,0.03737608902808587,-2.777376883505592e-05,0.02203519972729975
2021-05-13,-0.007861940108452073,-0.004365601036199628,0.01790591061999141,0.010125143351387145,0.018783552461733674
2021-05-14,0.037348029476352,0.022270237362177165,0.017498329696587076,0.01608023546878841,0.01352781407075379
2021-05-17,-0.025732150543669213,-0.016607060198802707,-0.008935699506433846,-0.03375946108126356,-0.023284175031269616
2021-05-18,0.04111510396533061,0.04627665357425639,-0.011216861734861167,0.011706944778933316,0.011499358306573448
2021-05-19,0.0346307773606996,0.039998005647866285,-0.004970422643115316,0.017323411916475698,0.01905540630366913
2021-05-20,0.027204767565920704,0.025108265890333718,0.0007109635387001121,0.0018011204511447186,-0.0004610262102186794
2021-05-21,-0.021562972279440106,-0.0031288007871696673,0.031611143298617,0.024142244695278006,0.029107922007715413
2021-05-24,-0.006782974533259274,-0.009007372951274212,-0.003744125898293837,-0.009611360828993793,-0.013495736855212097
2021-05-25,0.03301369917893843,0.03140104336742337,-0.0025233759922640947,0.015032955875497541,0.02850157354901839
2021-05-26,-0.0013775042570743346,0.009324200778477159,0.004434474596400558,-0.002959319636826333,-0.0021976444393070394
2021-05-27,0.020158751950139903,0.026059325344548252,0.021368997933681765,0.026263414309505104,0.028149158345324554
2021-05-28,-0.012881965196901433,0.0005872837215863369,0.01333103837330355,-0.02651967985817374,0.015072518499343166
2021-05-31,0.01461309928776586,-0.006274140856963358,0.020243777614007672,0.02478673711822833,0.017952961485915863
2021-06-01,0.04341786930805194,0.013585701033728357,-0.002906016922350387,-0.0068566693633016085,-0.015956211717750666
2021-06-02,-0.022764350832851138,-0.02417792086243898,0.0016805721647730723,-0.033092581373376506,0.008360435071186103
2021-06-03,0.03078368342353222,0.010248306844334615,0.01863223491793235,0.007957698556665067,0.025039573601217575
2021-06-04,-0.008811072256854456,-0.010271980342100912,0.010472605463951989,0.016440000853405124,0.019050745303821115
2021-06-07,0.011434191619337725,0.013315784192125202,-0.013613977683697823,0.010491784334225967,-0.0063623509719569794
2021-06-08,0.013179827682011303,0.034180982496667255,0.02094732169776177,0.03844143511947001,0.033244529998100014
2021-06-09,0.018766095662791544,0.003675900598793997,0.012005862285187777,0.028479990140386765,0.027329709543674408
2021-06-10,0.0014826782940419996,-0.011131050733980142,-0.0232534023356759,0.015022112781956079,-0.007439355533303401
2021-06-11,-0.009685286014419578,-0.0016147193019605134,0.014769364881561449,-0.002877071998335453,-0.010187635389195161
2021-06-14,0.03324325889256177,0.009588730107787935,0.017719283474715963,0.010263651990960066,-0.009882907643236398
2021-06-15,-0.01261096488258456,0.0006733761888003839,0.018633766593022332,-0.002875678196778033,0.011301024125874458
2021-06-16,0.027803117331019696,0.01862723005606408,-0.006219605875018728,-0.0024149456023840913,0.014089944461311142
2021-06-17,-0.03721500743325232,-0.010947059549223943,-0.02865398096831105,0.015347265818504489,-0.010320751245070961
2021-06-18,-0.022192612974700286,0.008425287177015574,-0.01006400344281497,0.02172312647854955,0.015168900555730024
2021-06-21,0.01364532902853346,0.021273869982874314,0.021600044160593506,0.002280511532426543,0.028453727369918507
2021-06-22,0.03366834502492208,-0.003885903493555724,-0.003823894263579459,0.01587608005621932,-0.0019138488468204019
2021-06-23,0.020881473546289168,-0.004204197559026426,0.004511468549528715,-0.024743544802626048,0.01033552083313072
2021-06-24,0.012641623201457827,0.007173387571479179,0.0001378854155381702,-0.014173577220882732,-0.007133383225640536
2021-06-25,0.011343170031999573,0.014833932082816402,-0.007884795671476683,-0.008748284330658888,-0.005230989609380449
2021-06-28,0.011496282465711044,0.016007024100844234,-0.01520674936791994,0.03844066248909206,0.0009090255515107147
2021-06-29,-0.022131031885207732,-0.017031393365901957,0.03299291821325968,-0.023647113918527845,0.006658681355941497
2021-06-30,-0.004941074594274008,0.0054956418356876474,0.007264808151055744,0.035859432130696374,0.005208163639940103
2021-07-01,-0.016943054643813883,-0.017183370830682398,-4.5995126349645105e-05,-0.02586254159116638,-0.009046349765565497
2021-07-02,0.007358289927603253,0.019828274825502177,0.00615785972403077,0.005098641303801119,0.011476294118314401
2021-07-05,0.019038478817379186,-0.0012664605247661835,-0.003428877030073415,-0.004920943974374897,-0.022418590222336617
2021-07-06,0.002942516768933026,-0.012858799419575498,-0.00897530621684226,-0.030399650339789055,-0.018314455337608445
2021-07-07,-0.015040278075391123,-0.007764261907056794,-0.00146926446539297,-0.009881850895874959,-0.015534566691886421
2021-07-08,0.012317211081447146,-0.0009844590147912024,0.020226592430515274,-0.019539825024412583,0.003459526039390818
2021-07-09,-0.0073638055072791425,-0.0013601245401244763,0.009165179514630589,0.0008448359472183878,-0.013515143632923438
2021-07-12,-0.019867513721993548,-0.01287078234401517,-0.023968959161930585,0.004148945694662517,-0.017178318770178162
2021-07-13,0.01023836253011406,0.0026076803475696703,0.00019449822804749748,-0.035041931802214155,0.008732062873648203
2021-07-14,0.006383949550296014,-0.017528751420273582,0.015103624922320893,-0.02718119020099225,0.012616921041034077
2021-07-15,-0.021890647536360816,-0.03100071010105118,0.023520102609034914,-0.03418182353477548,0.009471504088940727
2021-07-16,0.007979040958251376,0.0146635972931287,-0.02085939785612358,0.014837426671328287,0.006068474900421626
2021-07-19,-0.030711482194685766,-0.015743180087883172,-0.008830498892452177,-0.02051763239513339,0.00975080312696652
2021-07-20,-0.011042580493181351,0.01036547611353959,-0.010110108691510978,-0.00023055309227834755,-0.01672400072760591
2021-07-21,-0.006166697153931974,-0.033423307754021005,0.001252434260405336,-0.016693106961281904,-0.010371673511272632
2021-07-22,-0.007710004351578159,0.012352105560176884,0.006370937382226739,0.024820063609242934,0.0012400124804413486
2021-07-23,0.009842032945228913,-0.006484439396117876,0.024650349598501254,-0.011330281590289306,0.002982885903591015
2021-07-26,0.006214148413823388,0.006622054816075713,-0.009322486693062921,-0.0009306086477771679,0.010800878293214423
2021-07-27,-0.006925479680598267,0.022912061674767382,0.004275430806127197,0.010469895114588457,-0.017362702283218418
2021-07-28,-0.009600273997263925,-0.02427780143088394,-0.020673526162512508,-0.013899529713803756,0.012599551105022248
2021-07-29,0.0038550231423057674,0.009048802000311187,0.00013814583233720236,-0.004556494301857508,0.015872314675580937
2021-07-30,-0.019010276361063227,-0.004024601528353054,-0.009551156433767917,-0.0019713982079326217,-0.005047314791219056
2021-08-02,0.025044219238567946,0.043567147323557175,-0.011360382254554168,0.01855246025584618,0.007497903757949099
2021-08-03,-0.0041181292846688335,0.0035700580978609685,0.0032438211191451213,-0.01073998328127419,-0.019508100366443907
2021-08-04,-0.01208053585357986,-0.002959605036744302,0.0018438390545734496,0.004124177489325445,-0.01579924881514152
2021-08-05,0.007920086513090311,0.01263522051780942,0.008514362074853319,0.0070734507863214335,0.002019417245566203
2021-08-06,0.009899556231682113,0.03217119280744571,0.014809092643031535,0.0005242041460653988,0.0027966325843911347
2021-08-09,-0.013697116469096398,0.024115655897189357,0.009993819066463395,0.006905560488100678,-0.002096838747455848
2021-08-10,0.01856650533580274,0.025546837544387566,0.00919727199737909,0.023517247332309768,-0.003914687760738232
2021-08-11,-0.014986962308954604,0.016944019998805675,0.00542422737568459,0.009292972481352947,0.0021524951261905397
2021-08-12,-0.0050837346496563195,-0.021328552701386838,0.021712121588874707,-0.014736648473973527,-0.0032727245708307636
2021-08-13,-0.016460211585973432,0.01325759248652149,0.0233170980319009,0.010094001084635632,0.015487401223769563
2021-08-16,-8.216281532654833e-06,-0.018792254032062417,0.006271008583056421,0.010777340772782761,-0.0101420132648066
2021-08-17,-0.006695936101309315,0.01600715687740975,0.03176736447064127,0.001746247021005237,-0.0009557797239252637
2021-08-18,-0.012118551362448157,0.015782183493934804,-0.019813038293158714,-0.0068487177023915545,-0.015205750444390055
2021-08-19,0.02080152046656643,0.005659721643697921,-0.005077515422348783,-0.003272136458903981,-0.005068760167209517
2021-08-20,0.011874732222309572,-0.01881021354383101,-0.004349267254027288,0.007467843928676172,-0.006788128815713383
2021-08-23,-0.016561567733630773,-0.006199331083933343,-0.01511829358388286,-0.032594709710146524,-0.01214688729229459
2021-08-24,0.00780374771339204,0.02845387487600513,-0.02139866763853896,0.017245343703432597,-0.005441193290292083
2021-08-25,-0.012237809303194893,-0.028263814590979656,-0.010792908163487209,-0.018556640765488262,0.020086823917128672
2021-08-26,-0.008104840347579008,-0.010326821703345916,0.022420014430722373,-0.019085360008154553,-0.0075870489567603835
2021-08-27,-0.018946500737927346,-0.009328988893328392,-0.012412677106156775,-0.023701281666683872,-0.03638144085438498
2021-08-30,0.008742766654130181,-0.006327012417827756,-0.00789650113005761,0.0005244133587481252,0.0012602715349266185
2021-08-31,0.010204683034698528,0.02122254164829085,0.014514679858155563,-0.01840182627264262,0.0021191588255738423
2021-09-01,-0.022008629841866065,-0.009820897936324504,0.0012011090112060098,-0.017171159814007082,-0.009535862448022852
2021-09-02,0.0021417343848351244,0.0009219022740409699,-0.006999688493580738,0.015088799277131868,-0.0011654567684289572
2021-09-03,-0.010297154137715264,-0.007068422044748566,-0.0009888913821556559,-0.012991369259674358,0.006321660995448764
2021-09-06,0.013615541576113823,0.003746722538872234,0.004543237867578634,0.027550295522668994,-0.011203909603667905
2021-09-07,-0.017798778500780817,-0.007338122555775563,-0.012493568983658242,0.0043718889815856,-0.014737895376897873
2021-09-08,-0.030226742526688204,-0.014414594109906557,-0.011976046947890992,-0.016101023931661348,-0.019752462562598792
2021-09-09,0.010484651691589481,0.023712977126619954,0.02496963711871234,0.03403576465905043,0.013521466405208914
2021-09-10,-0.007004723065552874,0.020781978859174387,-8.28679056281941e-05,0.05677251750664774,0.01616409262938645
2021-09-13,-0.014597099214975665,-0.013910753378333345,-0.018308877959685072,-0.03379883068512378,-0.035067657529853205
2021-09-14,-0.02341012360062904,-0.003752873531977521,-0.002557495404686725,0.02848446725198982,-0.018122131713600685
2021-09-15,0.027509692740588298,0.040148890993876335,0.015733590241015324,0.014902099017879176,0.0041248228721432
2021-09-16,0.03152581024129207,0.007896528161662248,-0.016998562500573557,-0.04731421148970968,-0.017882305752966846
2021-09-17,0.005639648622941776,0.017462219165543445,-0.005925105625210453,0.0019709343575417724,0.012230798647522502
2021-09-20,-0.0204650488963625,-0.005933855532618694,-0.006749693644772356,-0.009805086271854295,-0.0043679662691988065
2021-09-21,-0.003240341426720666,0.0071824987012643095,0.032535515767622855,0.01006751721885998,0.025091759682395718
2021-09-22,-0.01902872219104548,-0.01981385938870923,0.021874186513950695,0.009323914182863605,0.01629245243270393
2021-09-23,0.020579660038861462,0.002770714119733566,-0.015015274779336474,0.010269133551529622,-0.012922540921385697
2021-09-24,0.021182142771810013,-0.0009803091942090709,0.024442763767333384,0.006353091723084894,0.0021238913787969523
2021-09-27,0.012516041565113094,0.015999280813011798,-0.017347049958695248,0.03298888572302766,0.015789572568422536
2021-09-28,0.037748104027192836,0.05079750618802026,-0.004220373432981561,0.021885429555952463,0.004205102130349046
2021-09-29,0.009796741825782837,-0.0030379950117353357,0.003508317340057634,0.008715528455147172,0.02721666710686357
2021-09-30,0.013668767260390409,0.004217032653032346,0.004674318599368619,0.01853420716893555,0.006819729759707234
2021-10-01,0.016291416340396058,0.006898792751806701,0.02606571084222401,0.00015090370303391215,0.0014447890634193819
2021-10-04,-0.02968939893300924,-0.03645809807295945,0.00024022335321249825,-0.011760721462316746,0.0060450881338575515
2021-10-05,-0.00476615373730473,0.015066406633351645,0.01043966404239544,0.024726911801156787,0.015153088917441132
2021-10-06,0.000661318157946086,0.01812972656895625,0.02039202046669665,0.032061042499379896,0.003496331446608502
2021-10-07,0.0009696129933949913,0.001264300969090873,-0.015461279820245455,-0.012597346929186182,0.004887219517225897
2021-10-08,-0.01680798867129876,0.008143343463432519,0.00014235714815607337,0.007056542799490423,-0.00433418007579454
2021-10-11,-0.011336602179474325,-0.010394349086176653,-0.01869993685204916,0.014033616316184024,-0.00811216146164563
2021-10-12,0.013891920085037184,0.01886509685966934,0.004189163688973844,-0.006050691004643909,0.000560140064623929
2021-10-13,-0.003124784355049868,-0.015549148375276328,-0.021734104470350693,0.006296288047467216,-0.020581333827328473
2021-10-14,-0.03233890234494915,-0.037924087791680654,-0.02222690787791523,-0.045965206364905066,-0.0019403604894803188
2021-10-15,-0.012137071091916151,-0.03407026397859328,-0.007203928575829583,-0.029991756125749874,-0.009025900725582006
2021-10-18,0.00886328743041538,-0.013591792282743802,0.024988009301461844,0.00843964079206724,0.020617829956974556
2021-10-19,-0.013034272616681773,-0.014290994964489179,-0.013547967898768535,-0.014926479308122666,-0.011692910561247681
2021-10-20,-0.020303964896226226,-0.035833632191349066,-0.015570305084996613,-0.016438275782993735,-0.014287087736807846
2021-10-21,0.025154936137958443,0.039011513985987886,0.024895401518558492,0.0010130332025598927,0.018129373714099766
2021-10-22,0.021858861276514492,0.02915583331737985,0.007001769747971408,0.007410682229243294,0.007624079287267881
2021-10-25,-0.005679450267954896,-0.020649521704778417,0.023182892091844168,-0.023874845392445776,-0.0028177708874656785
2021-10-26,-0.004114648153132655,-0.026827490190430906,-0.004592468322925943,-0.05147653668581728,-0.0026467122117141075
2021-10-27,-0.015397598678709738,0.009303708335118585,-0.000170318769749379,0.021745686493033146,-0.006751483604819063
2021-10-28,-0.0063901933052906215,-0.02593771023228721,-0.005031391520414276,0.02008933018977146,0.013746169160720079
2021-10-29,0.007931864867158252,0.002442891640774293,0.004675794095356145,-0.0012378067317452314,0.008395669518199615
2021-11-01,0.017848641541168848,0.02573534725545623,0.014056285800277409,-0.0008145862280392566,0.022528574023702726
2021-11-02,0.008864958976040054,0.0005336128702308769,0.014596584184144541,-0.012658392934073365,-0.0036220783261271088
2021-11-03,0.0009136249780902992,-0.02157701261554723,-0.0006207974227578542,0.004955962268595097,-0.015314224621052464
2021-11-04,0.011541195927684133,0.028460868540664003,0.021506438087927553,0.0375332458102453,0.013206689994868641
2021-11-05,-0.01851291618826274,0.015926064973111356,0.011688506589298498,0.02354935793617911,-0.007346056366708987
2021-11-08,-0.006287431152499362,0.0021490892485410942,-0.00773232547497173,0.013884312664517937,-0.007423004506111098
2021-11-09,-0.015553040936398328,-0.013831962886425006,-0.006938189370926173,-0.0059974382972126875,0.004618357362433187
2021-11-10,-0.025928290757085627,-0.019828036380472217,-0.011285182171882525,-0.013033919598555172,-0.020459124717193602
2021-11-11,-0.011343990087958255,-0.012123605590373942,0.027345020039351325,-0.018618704539225397,-0.02194820709485595
2021-11-12,0.031158275759956448,0.04056935521278775,0.0038824696604934325,0.006234644308476091,0.018742911191569414
2021-11-15,0.007053540998464952,0.008307361689759804,0.029920548008278116,0.011142989619192191,0.01039786018383731
2021-11-16,-0.033960614139464614,-0.04622733340186904,-0.006773405777438934,-0.008278013124488682,-0.020148539166362278
2021-11-17,-0.0024332819334673306,-0.011192011441073856,-0.019984683579575925,0.05265584621283355,-0.014669299529942318
2021-11-18,0.008766190359647187,0.021317553223723886,-0.015855541994658787,-0.001356008556859112,-0.0027394197030202365
2021-11-19,0.014647042527865377,0.036437795617397385,0.0026159818679741377,0.01878169061554391,0.010208604001317623
2021-11-22,-0.005408543643871699,-0.008071812632998547,0.00912077370259371,0.026972819000303638,0.008334909857962184
2021-11-23,-0.020788135578826004,-0.039773946251456874,0.0002696428247993093,-0.023340792215432234,0.006459901169249001
2021-11-24,-0.01799561703385781,-0.023712753009033506,-0.0019936851206569127,-0.0021174794091987797,0.0008373564457285139
2021-11-25,2.128042837038599e-05,-0.019012741685454856,0.011743398215628401,-0.009595345380604659,0.01321606558919861
2021-11-26,0.0210333210895949,0.024889167886822338,0.02692265760883874,-0.01728160458883034,0.00586011730514329
2021-11-29,-0.003944492588125934,-0.033099903068356445,-0.01820655772162425,0.02817396348863238,-0.001523937507867911
2021-11-30,-0.0036304888878120837,-0.00972263878190184,-0.002067689394256453,-0.0024748082880389566,0.00061005107260995
2021-12-01,-0.014193750787595416,0.02024160741125023,-0.0042263276530629754,-0.012987309059562222,-0.006521947631205542
2021-12-02,0.006148840197785575,0.03846028988861349,-0.007326834564213424,-0.018098176284029457,0.009626007340062538
2021-12-03,0.002419597244321095,-0.025004092382129178,0.0006291875917184301,0.013101698542190454,0.0002229865375418843
2021-12-06,-0.0017730629710729067,-0.005798610247629514,-0.011271353871731784,0.02549629138536442,-0.008820565747888448
2021-12-07,-0.007391135083693319,0.013575753344712015,-0.0012709933168583653,-0.012239018816156567,0.012354790077063896
2021-12-08,-0.0032540627026063826,-0.02536206907112818,-0.030287437313019895,0.010901940847928964,-0.012973570857251366
2021-12-09,0.02296722104383741,-0.0018567678084320288,0.012574235164771288,-0.009505186763384769,0.01070213805434268
2021-12-10,-0.013810711527284608,-0.014284546505406174,0.0025443691188609396,0.02195658387657408,-0.011001091132420532
2021-12-13,-0.036989102578761764,-0.038118408215586076,-0.017614017559733935,0.007821668557434141,-0.010927577480840672
2021-12-14,-0.015967735053009784,-0.03532273540227561,-0.008163454223728123,-0.030823512730174134,-0.022208791044653915
2021-12-15,-0.01982626230120347,-0.003329257200834796,-0.016987739545409386,-0.013147900337662796,-0.01208292189890165
2021-12-16,0.027635206968167285,0.015615733250708651,-0.01739616368252109,-0.007029616889541895,-0.016250546729865097
2021-12-17,-0.015651354568518176,-0.004351969714456113,0.01093101729120311,0.021418117998415125,-0.006799100693898588
2021-12-20,-0.017380349691300468,-0.00984774525542561,0.0064829614490079,-0.002946539270308485,0.005009539820947252
2021-12-21,-0.01138899037468132,-0.021617956767227713,0.0295217676335417,-0.05857298621026047,-0.004001741350803159
2021-12-22,0.010529404270379563,0.029259295407342054,0.02582629865627074,0.028658506614885594,0.028438127364128304
2021-12-23,0.02174801841535387,0.025436794499707566,0.025537265525232698,0.07542634407585316,0.022166835386494013
2021-12-24,-0.01070420158378095,0.01310870548439428,0.011289607113749689,0.029741243503899405,-0.01218289071302581
2021-12-27,-0.025590201770216828,-0.01557931927290331,-0.009498330657062697,0.010732784408944145,-0.008801128295311522
2021-12-28,0.02423387946473953,-0.04253087097040614,-0.019902748701606025,-0.03353231937006709,-0.013947940195595447
2021-12-29,0.011292012592202812,-0.016378411337170495,0.005080525676188931,-0.0008114716100447673,-0.001177748818692329
2021-12-30,-0.023899397897729602,-0.057914000199700374,-0.03282106101019958,-0.006176506215412354,-0.02649530014015328
2021-12-31,-0.004269523780669707,-0.02303597825476082,-0.00915842681165223,-0.011531189597117074,-0.007825189815487663
2022-01-03,0.028853828900353075,0.02706645773659562,0.0048792112742105835,0.021131789706851322,0.00902204316497835
2022-01-04,-0.013252835480999895,0.002276232288965749,0.023636496958038693,0.017775870505310255,-0.006796857582666006
2022-01-05,-0.01905337552350766,-0.01947912742815487,-0.006990056863071083,0.029618915820273213,0.007820615334952307
2022-01-06,-0.002841287582323728,-0.004804192730064408,0.000580100032414595,0.013312121775975932,0.0003084985229020075
2022-01-07,-0.03353218565341133,-0.025085751817719402,0.012318425851408977,-0.08620920928022736,-0.012046430996675402
2022-01-10,0.020695483223468557,0.042533443955628976,0.015303848659165276,0.04358462898986368,0.010610511234481227
2022-01-11,-0.03542852711277506,-0.036079906512340276,0.011875748119325975,-0.012358566436942891,-0.0056771184975085145
2022-01-12,0.001053702287416657,0.01068864687977932,0.0012055524576004293,-0.0030410619885800835,-0.003946093442247038
2022-01-13,0.013302347441464309,0.041396340211289684,0.026412754075476542,-0.0007986961581406438,0.015836856346126874
2022-01-14,-0.0070088318672401305,0.0222959300458837,0.024123690878364114,-0.008434493241602229,0.02395805657955373
2022-01-17,0.006349828343369168,2.8612008062548377e-05,-0.019444417628704705,0.01842261855791158,0.008257359360965118
2022-01-18,0.026987245092602523,0.020416212727058004,0.02110977950644387,0.034439569174583365,0.01759877333164685
2022-01-19,0.018552558701122723,0.049216355938946264,0.013402547459531485,0.029162490148465673,0.01635975545938964
2022-01-20,-0.007383794188417898,-0.019493791929076354,0.01970930223954702,-0.015000115488188512,-0.01705544292372238
2022-01-21,0.006185866542111141,0.0015932807207041458,-0.016652402825536688,0.016677430345840894,0.0016033869467553543
2022-01-24,-0.026835350679290357,-0.02743889333280719,-0.002598239819106937,-0.056782571946960146,-0.016663979824769935
2022-01-25,-0.005920509035647209,0.037340614615573066,-0.004767459731561885,0.0325135983873097,0.02875898894264668
2022-01-26,-0.024755029950499635,0.001984561333533124,0.018098304662675875,0.012102832387149548,-0.0053290104815657425
2022-01-27,-0.021827015894577428,-0.010715621559356585,0.00616467758563533,-0.018723692660068847,-0.01983393548691707
2022-01-28,0.014254153674600157,-0.005262399192596473,0.024131883002752902,0.028039099855805397,-0.011415022263739513
2022-01-31,0.00018995517865038315,-0.012496105792267734,-0.0012744780721177839,0.01284333362226243,0.005803766900592617
2022-02-01,-0.0033729431147016087,-0.010226285296074866,-0.022516974437697044,0.00808989917150021,-0.0096569907093773
2022-02-02,0.00041980663399604186,-0.052704700302109365,0.013483729918541016,-0.017065399405852222,-0.00629738146070229
2022-02-03,-0.03580965738958134,-0.013317675062408472,-0.030483675082373714,-0.062073722072970655,-0.015753056649939038
2022-02-04,0.028294702354675055,0.05792622069044534,0.004179788170019969,0.02529422575386951,0.015846260533913872
2022-02-07,-0.008947429814644936,0.029968934544602345,0.00010855320150426872,0.03818931942916396,-0.011026184923230108
2022-02-08,0.002168467588575749,0.03956169981172792,0.03233369528254481,0.035780133635852675,0.011251089755740577
2022-02-09,0.02569971175331818,0.0017657894459028485,-0.008693087150492126,0.008228777329188938,-0.016836946343858385
2022-02-10,-0.020829395470262108,-0.041702689033369045,-0.01834695404943382,-0.043422716219329846,-0.010535586570063704
2022-02-11,-0.008372388905161331,-0.02725577615372862,-0.040723988318808614,-0.05770824802410721,-0.0034907932250691615
2022-02-14,0.005795225492723496,0.00276017949174018,-0.015745738072083567,0.019205740259331045,0.008096938963208148
2022-02-15,-0.004717385327772108,-0.013850595981058107,-0.012395639475938207,0.04950053733565991,0.0113685794926168
2022-02-16,-0.008145902255285605,-0.006129727626023277,-0.009572778824394427,-0.005281217201782394,-0.011541154121065236
2022-02-17,-0.018590405420189002,0.008572411634684748,-0.012021391384626628,-0.01870133306812725,0.021576976300300834
2022-02-18,0.008335055970198273,0.0018477954101167194,0.00955934460732329,0.03246695608988455,0.03525769904751676
2022-02-21,-0.03047786257138442,-0.010278351761869815,-0.014200655133614109,-0.0800267734291109,-0.03316330047813408
2022-02-22,0.0002973766182615758,-0.009170774136324356,0.012625534554065725,0.0038647270469398826,-0.0037322351236951765
2022-02-23,-0.02485092024055632,-0.02107282042153856,0.004664893190072112,0.02273285990463582,-0.004669459788356447
2022-02-24,-0.023909876567014158,-0.030441334357821283,0.003826391127131591,-0.0770906721775872,-0.02232490504023396
2022-02-25,-0.025533205618708477,-0.018695460961140317,-0.026761276050568654,-0.03861076684850621,0.003803207046090129
2022-02-28,-0.004306302408758871,-0.014861220670446543,0.005302488185903794,0.003017056764586033,-0.016320300934548074
2022-03-01,-0.03319792230833837,-0.04623355809094042,-0.006030943674622361,-0.03993827989407532,-0.03102607146968249
2022-03-02,-0.03150835826318188,-0.0037785951048907806,0.008725164465904864,0.04603053675706939,0.0009159070855400463
2022-03-03,0.033857258336865,0.02631299508388795,-0.021041811034024596,-0.0050387424703153905,-0.007231944084749086
2022-03-04,-0.012692502016723525,-0.004182148464193637,0.033648343668619865,0.009051938373479618,0.01377459191112194
2022-03-07,0.004781879062906539,0.002154407648873416,-0.0023912433262958254,-0.019275972361691766,-0.02393023721835984
2022-03-08,0.010915270564239698,-0.005905254928599903,-0.044374398765059664,-0.0326970242937697,-0.024437460834966056
2022-03-09,-0.02615243506798205,-0.024299391103991316,0.013575720027416383,-0.015826996176232414,-0.020518296741884524
2022-03-10,0.027473624211847836,0.03809164450850159,0.021419256866436583,0.03817520870190256,0.027373712493795145
2022-03-11,0.06085519526937685,0.05101536499236453,0.02015660580239467,0.09873331338367212,0.018569036810347366
2022-03-14,-0.0026326068872086967,0.022299989444105456,-0.003059294819279682,-0.01985428727787591,0.0038105181023879767
2022-03-15,-0.009496197493699298,-0.008837631615778658,0.01930905841775138,0.06192939097380118,-0.007897256879460574
2022-03-16,-0.049120103714778166,-0.041740420711156946,0.00748873467062507,-0.04305515571697611,0.03949622296564651
2022-03-17,0.024413189017324886,-0.0051133919023334425,-0.016775637808946427,0.007408769832196261,-0.02508924265137008
2022-03-18,-0.031334169566231855,-0.031558603254164354,-0.007627853707635794,-0.005158012605402224,-0.015203275457617692
2022-03-21,-0.011192008932317853,-0.04030968112361353,-0.020080261022922635,-0.037572691416856485,-0.04240218054031051
2022-03-22,0.00629625732418606,-0.016862391375478798,0.023595574674135165,0.07815446517154695,0.031205852298609667
2022-03-23,-0.009235357700210601,-0.012742233088351556,-0.006118222169811169,-0.01245905206279578,-0.040951537020449215
2022-03-24,0.0013925115189124225,-0.0014054438440751565,6.410551259482275e-05,0.0649582223526498,0.01262704224676285
2022-03-25,0.01972647983150777,0.01572825943310669,0.029357425160587404,0.009771385080727455,0.048599195727065725
2022-03-28,0.012697498388212835,-0.024608259579328075,0.012977096590405596,0.02621765532988926,-0.031931202684613295
2022-03-29,0.021752646105851845,0.017893815072009368,-0.0007790272264818277,-0.04857293262308407,-0.039550256243496756
2022-03-30,-0.012875922856369444,-0.016423353592240158,-0.03471983609068869,-0.0779511354432563,-0.04455908216151531
2022-03-31,0.014047960007570639,0.03506972702085896,0.018720705638632987,0.0314561396091692,0.030457100826575247
2022-04-01,0.022815960959852246,0.009639295238794513,0.03255140870501809,0.01992534520960145,0.04570733940155608
2022-04-04,-0.004390079669970819,-0.011461189746879489,0.012301440333668727,-0.02826832281733299,0.026741411252766172
2022-04-05,-0.008770012670031118,-0.026454487974998966,-0.022716036920004797,-0.07530446528789021,-0.042833688673331344
2022-04-06,-0.02152972640221392,-0.025374951027834297,-0.014948680933657785,-0.03887317983943504,-0.03949700747646358
2022-04-07,-0.003751190918305106,-0.014166589329793733,0.009545830199928794,0.018831978381688683,-0.010530268975344672
2022-04-08,0.010649192513205058,0.019464582308632013,-0.010398960269550603,0.05336419879750159,0.019938377863635927
2022-04-11,0.014275066142398865,0.02334385619296112,0.0030842578883323994,-0.010491560466009126,0.05514727520298737
2022-04-12,-0.023085648222521328,-0.044034476198443945,-0.011477382987157852,-0.030663965468712726,-0.04630363321648389
2022-04-13,-0.01217158466591573,-0.028651122345907658,-0.016462104733954232,0.05088223617542899,-0.01320425000090701
2022-04-14,-0.008383389099525192,0.02172779658288861,0.02023820528746086,-0.005164044665171286,0.05291830999642017
2022-04-15,-0.01109260132226117,-0.010908083639047083,0.007948363217100364,0.04377049588952299,0.008965349865548694
2022-04-18,-0.006193289295722003,0.016101657849797935,0.0054290259271132036,0.0032845423254033485,-0.027990383930243966
2022-04-19,-0.002802591468503548,0.020017881108089764,-0.0002796537373837606,0.05514371447511331,0.022294844771189867
2022-04-20,0.00821851808689047,0.02916490566647409,0.02654657914045267,0.040743043232337725,0.05098092960644284
2022-04-21,0.006963933857079221,0.02537886246835539,0.021017976593451268,0.007146280287314207,0.0303872933385876
2022-04-22,-0.015867560422804485,-0.06189116085531986,-0.04042934521070454,-0.06237697794016822,-0.06088658780784265
2022-04-25,0.0013058167317502257,-0.010791237652913586,-0.005492953118326192,0.016569710695395444,-0.008806483521824936
2022-04-26,0.000446925152682813,-0.005982461559398785,0.001436630676050855,-0.04367208475187012,-0.020672867127037135
2022-04-27,0.0015495966802363582,0.013321063151741754,-0.0019293794155872022,-0.019711446063782005,0.02006724611419515
2022-04-28,-0.004521890255745096,-0.024963338667419652,-0.002182942666145425,-0.047501769021568406,-0.03734084249193548
2022-04-29,0.03320259538236528,0.04035605230099969,-0.002141650372749847,0.022803510815597866,0.04504667857414236
2022-05-02,-0.0020021454335270535,-0.03672818626145149,0.0026290719075145936,0.0013783587843137692,0.0022892278622156192
2022-05-03,-0.035625039389384536,-0.03808097828431382,0.009726815555839213,0.006553301616925781,-0.01000688394546832
2022-05-04,0.01767287177347247,0.04536050343163551,0.006000801776422672,0.010807957554563409,0.054812915299251586
2022-05-05,0.020023248688231646,-0.0027011145653438543,-0.014784099757588938,-0.08066552266316367,-0.030392140130977022
2022-05-06,0.015299700273695321,0.02815809264008291,0.01010586186456635,-0.0050609283752602995,-4.260400087232492e-05
2022-05-09,-0.005767013084207115,0.014036778365901769,-0.005890998122146733,-0.0011866314343266524,-0.012259214612008613
2022-05-10,-0.026491663374321135,0.018074550709888802,0.02601767354737478,0.04422339489798989,0.03251188929464115
2022-05-11,0.0075662549652712185,0.028370854887875264,0.01934941688117235,0.07153447723180921,0.03010654471075805
2022-05-12,0.03445799724017905,0.030295433128162137,0.0028915760745324075,-0.018258301146180673,-0.040835803673861436
2022-05-13,-0.00898228405953685,-0.016622279444863584,-0.008168892563564262,0.052127886941423146,-0.00755584531225827
2022-05-16,0.013703499706342305,0.035242968727762954,0.02030540311391871,0.04044324217771729,0.02982802569158163
2022-05-17,0.02381819074636188,-0.01742962480460478,-0.013124867712016706,0.0002582380138003351,0.0021209250748779004
2022-05-18,0.03358805663336885,0.02815660199484749,0.021821022466226813,-0.008688425956258196,0.018661824398146235
2022-05-19,-0.01653108552509848,0.0028236917516599462,-0.021345213705624116,0.044781568241959495,-0.011207110138637396
2022-05-20,-0.046373077022500306,-0.06743566513241307,-0.04681448161678729,-0.053686104733439634,-0.0626329944768199
2022-05-23,-0.02095344509857198,-0.023297389728674636,0.017897810192800404,0.02153641206925788,0.02548227537870184
2022-05-24,0.01054738119514228,0.015399798373566054,0.001983433647612554,-0.017026872991191423,0.013658924427049477
2022-05-25,0.0005450496651062811,-0.019197179642813023,-0.013766053980034318,-0.009304583346727874,-0.006538815846716664
2022-05-26,0.018521777785609303,0.0194865891178234,-0.013105142404099766,0.02557954424090783,-0.027393892076441828
2022-05-27,0.0026846618899176162,0.022334352701811,0.009814998341896967,0.03633665395410873,0.02319913129455815
2022-05-30,0.033425522371282865,0.027764709496876466,0.018280349559643815,0.017307593905151884,0.0648432952799534
2022-05-31,-0.011325779905772165,-0.03554621273353029,-0.022801423040898938,-0.03665635386459852,-0.05612776153765362
2022-06-01,-0.054992875166236965,-0.06214854129286833,-0.004989763436132354,-0.027350007217099407,-0.020173675706038115
2022-06-02,-0.0015360980763869402,-0.029329113941761537,-0.02497437214085469,-0.032612843159263515,-0.014659465192696385
2022-06-03,0.010255083974662974,0.005676089422514369,0.000378818664420473,0.038809499466682155,0.025547062907150732
2022-06-06,-0.006816190597953521,-0.038990291719043786,-0.002948931809278892,-0.025657739828596676,-0.03699903853009477
2022-06-07,-0.0031437312140021436,0.013496869515975646,-0.0011424069357483893,-0.03703427986977269,-0.006848362781782894
2022-06-08,0.04080540306225341,0.03813240384344523,0.031928934806793124,0.04494530270371593,0.05735297757503516
2022-06-09,-0.011210745087424845,-0.012890889304594028,-0.006382588216805845,-0.01587228726608932,0.05073833365023667
2022-06-10,0.03178531049258517,0.0025025788638041685,-0.012233319668546136,-0.009031835693887578,0.010775326963844636
2022-06-13,-0.005508190033714577,-0.013049360908889264,-0.02068084582437687,-0.04352982672292425,-0.046132695622746675
2022-06-14,0.04135171004291202,-0.011506607126347781,-0.013050002470166001,0.01625222071065318,-0.010627117696652002
2022-06-15,-0.011007398285082135,0.012686858739598416,0.005398004588009268,0.07303224921404836,-0.02394789099779672
2022-06-16,0.016690595829133733,0.026946814748073533,-0.0006433170379859631,-0.03730340486741712,-0.03510942440154193
2022-06-17,0.0018615541535994774,0.018329040356556244,0.016008558728702715,0.05598978369314541,0.03306588280968805
2022-06-20,-0.009743482956365585,0.019258256174214346,0.016379497035573932,0.025559622854164743,0.019065023282780615
2022-06-21,-0.00010682531949694593,0.008746947274893753,0.020328349028384176,0.054740320192808375,0.04710189679704533
2022-06-22,0.03371840759707022,0.05741631287465571,-0.00023706835341290915,0.014095560588969366,0.03131137222477432
2022-06-23,-0.0008366165600032253,0.015053980547829963,-0.0017092230627145139,-0.040221018644992106,-0.010930831491792454
2022-06-24,0.006971368847786698,-0.007223447433004425,-0.013532985458842475,-0.03647771467949448,-0.005987970298810733
2022-06-27,0.023598955004314047,0.020837757739885887,-0.00427739018597412,0.013752685066400117,0.006768040016973276
2022-06-28,0.010810345170908524,0.005195589203522193,-0.012738404873177105,0.005801105863209136,0.010842613662673294
2022-06-29,0.01655847826055294,0.01538949481330174,0.009439487744487218,-0.029198313726046043,0.00377987140718784
2022-06-30,-0.030470302819641963,-0.030843759200090776,-0.02646214817718369,-0.047095946759222865,-0.02504804349529061
2022-07-01,0.02811375623575253,0.017648870084047755,0.005362470987178726,0.04292176592634434,0.02610385218657545
2022-07-04,0.01766617939563172,0.005911915136329579,0.012096895051016405,-0.027708573820554236,-0.005518414813011001
2022-07-05,-0.03909481845570543,-0.0237197100794207,0.026707658392765145,0.026128307130501176,0.025519232831139518
2022-07-06,-0.007985653091841268,-0.018810256074400584,-0.04736087059702341,0.0006154360393580622,-0.05057474075687709
2022-07-07,-0.01724616323567929,0.011642176259072622,-0.002002910261113805,0.011348612268670635,0.014907006250904338
2022-07-08,-0.004265302430690365,-0.0029744335550077054,-0.03039830635047445,0.0034515189910400996,-0.014189610320060596
2022-07-11,-0.0102415712501056,0.007279862153414445,0.03878639068404607,0.04468576810647251,0.03634128267219063
2022-07-12,-0.01395384846502894,-0.012090948133408367,0.013022702195141718,-0.05728828522551244,0.0007113039980717567
2022-07-13,-0.004426767912499069,-0.020369254286656622,-0.00404205317735872,-0.0175620288063906,-0.002905156610620561
2022-07-14,0.033026243224841365,0.046781622772924254,-0.001035682169938587,-0.024076780549998962,0.020441556547265892
2022-07-15,0.0006828846265935467,0.003234509364008103,0.011646449314093376,0.008036572872701792,0.040441029369741914
2022-07-18,-0.004000487777632575,-7.409114020089176e-05,0.0004526193244365253,-0.022045152816471125,0.0011120421169196369
2022-07-19,-0.012619694494033372,-0.008040335571273954,0.016925834010598946,0.02699780511230645,-0.014109897388213253
2022-07-20,0.017602651463508374,0.024247560276620873,0.018546717072984855,-0.012060631250993213,-0.024337558757136234
2022-07-21,0.02568446199126476,0.05477525034666957,0.01225968703172936,0.034764584889531526,0.04673525885965186
2022-07-22,-0.004188204171904893,-0.012832972658141869,-0.013195859956818889,-0.012969333449503628,-0.030058631165520548
2022-07-25,-0.02010047133520404,-0.004392627958952066,-0.03263779032942527,0.001321575560812108,0.03419640683404846
2022-07-26,-0.04005273953743714,-0.026818838844159896,-0.01109364067385889,0.0017365502846522606,0.013200886079596226
2022-07-27,0.004109222826212305,0.01863536093848171,-0.03066728133536513,0.02173922125132249,-0.0010661603372020933
2022-07-28,-0.030860512404327665,-0.028562290565716,-0.02616325156074268,0.029336676295314466,-0.011033852416989658
2022-07-29,-0.0005929202558246403,-0.010402947881788483,0.009299944528114437,0.02002298889659003,0.021124070861497042
2022-08-01,-0.012982850871293451,0.01672790339912815,0.025972451771131413,0.01200821218821231,0.03377492573216833
2022-08-02,-0.04740668200730452,-0.02891467790259512,0.006022946948791935,-0.02500423552018476,-0.011452707409771064
2022-08-03,-0.02113095267092671,-0.0371072996601767,0.003246071414830979,-0.016073033289881283,-0.01630854381887622
2022-08-04,-0.005732662436633401,-0.023153855967394256,-0.005896865867871331,-0.003792060211652092,-0.011514092359745915
2022-08-05,0.025317008607707994,0.00653538456743869,0.003147111216000796,0.01581158955593925,0.03584010656228952
2022-08-08,0.03052813209960217,0.020701497052051092,0.016346664959338814,0.04488126756234534,0.0016843316063830187
2022-08-09,-0.029753529624777824,-0.02871461396753392,-0.00799509601189745,-0.039046230543175464,-0.037904670348578466
2022-08-10,-0.0019132420314644987,-0.0022280437830265814,-0.019132230435959272,0.009326386365566748,-0.0026188881361997496
2022-08-11,0.013406475081350825,0.0001275282648956686,0.020228496885056742,0.0018268966218679193,0.03226653296356635
2022-08-12,0.028096275778088927,0.022842895053814025,0.04518065695909217,0.031614962729225184,-0.006527800182601462
2022-08-15,0.0045651175564561,-0.004578256113719912,0.005011695674465971,0.05263677830698307,-0.002772494578840533
2022-08-16,0.011685841930158284,0.013182327183701303,-0.03977423438649629,-0.010938231006025284,0.014093141741325364
2022-08-17,0.056268470686632134,0.038264684981958834,-0.02564579542165593,0.02214689029957243,0.0332273827401673
2022-08-18,-0.023687225303970653,-0.005560969900122573,0.013101305516100172,0.01970245398687262,-0.003212100232034807
2022-08-19,-0.02387655858952544,-0.005999597803560009,-0.022155143843867277,0.008732658340083067,-0.012809174134120116
2022-08-22,0.003121199566946323,0.014949821408278309,-0.020029092226781686,0.003942184976164753,-0.001791157051217371
2022-08-23,-0.015032972641450733,-0.02853379480690222,0.0053035299702757655,0.012039800227605367,-0.015167843942728286
2022-08-24,0.017129608772365093,-0.0034686233699290606,-0.002587852926813582,0.014410209496248758,0.016543374659333778
2022-08-25,-0.06210650592154926,-0.031562655715291495,-0.023953933501608196,-0.0142603776576786,-0.013818372538472325
2022-08-26,0.022985597723024175,-0.010897324616892311,0.002602345923761931,-0.0359972227153207,-0.015641015519046304
2022-08-29,0.011159768559674666,0.02532020216649597,-0.022181351851939334,-0.015712991572496046,0.025367671554650553
2022-08-30,0.013587943672667122,-0.007184962083074403,0.02347309979282326,-0.007529886199598906,-0.007468955859775768
2022-08-31,-0.02905230225362398,-0.007957543978550894,0.0025260928522659485,0.05003602695964199,0.0010633377287739595
2022-09-01,-0.013635513204283722,0.009706510176211346,0.0047504351234690856,0.050525095566995144,-0.00112093436213913
2022-09-02,0.01301074548990895,-0.018717167473748204,0.01830648286869037,-0.011895302759491628,-0.021994612206343512
2022-09-05,-0.013473105641028242,-0.0007994142874349642,-0.026641328734542166,0.010310451264058742,-0.0194747479874081
2022-09-06,0.020242197841800584,0.04522611416468853,0.013029057927813415,0.017107056271725478,0.01079976779494686
2022-09-07,0.0076905453624422125,-0.016386617538328093,-0.015560030214299853,-0.001185861224994253,0.00045235223104447657
2022-09-08,-0.02835598750322752,-0.01769109141155054,0.027911602460392083,0.0382582313003734,0.00694792520148409
2022-09-09,0.006423886443668122,0.014381098683921149,0.010182198564868782,0.035009869867533926,0.022332987981579355
2022-09-12,-0.007262922943983142,-0.012268036590868872,0.017297275455328127,0.027580845870266643,0.01493554111353566
2022-09-13,0.01240804655057523,-0.03833445415285928,0.01119679428084941,0.005937214604460042,-0.014712534697809787
2022-09-14,0.012860854187374052,0.021661637736089097,0.0199064077999298,0.03387737437443684,-0.02548538504366799
2022-09-15,0.037771542031379404,-0.005420104995360007,0.008544210126379324,-0.013427063847883669,-0.009075505133977018
2022-09-16,-0.006892891994157202,-0.007677293954789043,-0.016738565982709192,-0.0010919005672179753,0.004626025668985035
2022-09-19,0.023034362024715274,0.020970313952240093,0.007420041319533408,-0.013702752699006126,-0.00367985802967441
2022-09-20,-0.04240236165138677,0.00869681876186787,-0.009190396820021346,0.017878653290413923,-0.005467694838839166
2022-09-21,-0.029527711541074784,-0.04790244516389283,-0.030052218380899175,-0.007929150034690568,-0.010874772483997023
2022-09-22,0.0141560976653785,0.015368635836493786,0.03637501088575059,-0.016028983229427692,0.0194144362714467
2022-09-23,-0.017352532668435457,0.032227184876562315,0.01860266421884662,0.034757898794497394,0.020358181529368954
2022-09-26,-0.022379469364843908,-0.008475178957114728,-0.003910912539747839,-0.0049578428716045364,-0.036774188329710404
2022-09-27,-0.046517657574995014,0.004109678876928254,-0.015893277244771735,0.05014327819531076,-0.013195046364883828
2022-09-28,0.004530592644087132,0.030110740242069094,0.022729041517318603,0.027790451125135625,0.025620976380932137
2022-09-29,-0.033820739181835084,-0.013709761036931044,0.012661542909978275,0.00786431990456845,0.025100651073856135
2022-09-30,0.05102716955363553,0.016238668575455105,0.0410501040966009,-0.07734784984581954,0.011035977527079988
2022-10-03,0.02444779336524204,-0.002352476291986988,-0.0016052460549647758,-0.02282734793640127,-0.017319266024834898
2022-10-04,0.023390095986160864,0.047081346201303304,-0.021430694910022616,-0.0047890790823419465,-0.006896805788554988
2022-10-05,0.03075664671002002,-0.005704922420367073,-0.000472897250730266,0.05495204363990755,-0.003095930713176936
2022-10-06,-0.002574566434721204,-0.020129525169188436,-0.00689357856091157,-0.03337234543071786,0.001954550427910929
2022-10-07,-0.001716799784914088,-0.018589800638493335,-0.02914047660894549,-0.017336043572548726,-0.024846244040330947
2022-10-10,-0.050830076437017854,-0.017501862318547556,-0.05193074733964194,-0.014011916629424699,-0.017578240250888125
2022-10-11,0.03384490922835961,-0.027556377709986715,-0.00468401213282064,-0.052246179003412066,-0.004843979412003638
2022-10-12,0.006613708873361399,0.007972779004023762,0.02864690022792434,0.007048509109455622,0.0015341708657952563
2022-10-13,-0.003903520173529926,0.0018063043062762412,0.00026542021309128116,-0.026557765105856685,-0.0014351562378701064
2022-10-14,0.010164121480944753,-0.006503480640028823,0.0327155387307668,-0.006488126989783212,0.022238790582597572
2022-10-17,0.03585177387713889,0.03128028642564597,0.04045037104582175,-0.01610506770065446,0.018142268749445325
2022-10-18,-0.0029327409663292463,0.016053866989219824,0.03923328456382554,0.0010497934724268243,0.012809142974129143
2022-10-19,-0.06366343181991684,0.026136416031768164,-0.015040231994479394,0.010399496578537285,0.020379226105838786
2022-10-20,-0.042779519758008686,-0.019453346474657598,-0.018881578681109068,-0.0006380467191626539,-0.007270127808462946
2022-10-21,0.006559149769042518,-0.002447696801220556,-0.0421373106508703,-0.024763417307056702,0.019922722989639638
2022-10-24,-0.0400660394677365,-0.035714951214887915,-0.03280706750814021,-0.03923961554823437,-0.006235437999223633
2022-10-25,-0.0026468727497345346,-0.01865209431287829,-0.014005535963020115,-0.009193185543680257,-0.005108459045683226
2022-10-26,0.003769805415254747,0.005718227463185383,-0.011403253531403982,0.022228765340204033,0.006185992790386769
2022-10-27,0.017106880683658496,0.024766564115312747,0.01117070726759087,0.0339105732407874,0.030894027376026076
2022-10-28,0.003875523315471386,-0.021793524546123676,-0.05020265371405862,-0.0008603671060174023,-0.028640092628081718
2022-10-31,-0.020085834159716945,0.001456092566128137,-0.025488084492276394,0.043945202421493974,0.019756037872489616
2022-11-01,-0.013130728456768196,-0.0010231592990620024,-0.02188216470479227,0.03896661997745195,0.0064869061042868775
2022-11-02,0.005855947350859798,-0.00022552483228415946,0.0007387759781906895,0.0398129823047218,0.019338142828583652
2022-11-03,0.0003439776849942412,-0.025045015520991584,-0.014801613981660633,0.008193339343432924,-0.02433292838667026
2022-11-04,-0.041248505246016275,-0.01963831077459652,-0.014682202593317917,-0.008257791386891027,-0.02142024848554951
2022-11-07,-0.02519209287638713,0.007616708630979911,-0.017152571477573153,-0.00552414276641734,0.020301072622014547
2022-11-08,-0.031092264941857562,-0.022041295808789486,-0.0256106223905674,0.0450634047111835,-0.011225735116023632
2022-11-09,0.05467372035716006,0.034898948392430386,0.017688076171291804,-0.00537542338212459,0.022672889921779286
2022-11-10,0.05434523374710661,0.03739624202276807,0.029218415705116418,0.05414030838777161,0.018380365612771454
2022-11-11,-0.02048449464128008,-0.024383967283151814,0.013096101207268193,0.026190860899466668,0.01574005591214844
2022-11-14,0.012704641903707098,0.00794205388794617,0.037504878526938186,0.05123792885971983,0.01381099980430542
2022-11-15,0.02991139640517064,0.030536274917679386,0.007844951433393275,-0.020543206750697738,-0.002819315595289837
2022-11-16,0.007017230889411024,-0.008669436239814716,-0.026934973888261625,0.01828276601453905,-0.007027040489211414
2022-11-17,-0.00460988727686049,-0.03390689768961246,-0.05223196348421146,0.011476156270321381,-0.010749530931856405
2022-11-18,0.019504661682737106,0.008584969080905586,-0.024184392038098697,-0.012712257862314336,-0.00953576036132651
2022-11-21,0.024153259943320772,5.841416375383733e-06,0.053686208188160195,-0.038572129231531395,0.011490257033761565
2022-11-22,-0.012189282279975816,0.010903108029995771,0.002771656741160161,0.001276139630806736,-0.009130638563814488
2022-11-23,0.0024380457288532263,0.022998890577363956,-0.011107359530665835,0.022886393709009592,0.0057749407672825015
2022-11-24,0.0274139973430075,0.026012892609005814,0.04227302806206719,-0.028683792422784824,0.016735704541801573
2022-11-25,0.024212963219915416,0.023550762327097033,-0.031151252424752127,-0.019403407290451875,-0.00675070626420801
2022-11-28,-0.012105353337814777,-0.0013757530430560459,0.006003937126390928,0.04842325811609393,0.03455869876573208
2022-11-29,0.009715423742843333,0.011161437680606606,0.00942385587779389,-0.018103251205292766,-0.015907579235762158
2022-11-30,-0.0009959053411924782,0.024129878282441605,0.011903334132867913,0.03848421482614686,0.02390758241956205
2022-12-01,-0.010621004446091898,-0.02367238462730886,-0.02036755010645376,0.0016174898207181128,-0.015718205623664067
2022-12-02,0.0038264150539104934,0.01906567989290398,0.03552655184884249,0.024655933492314208,0.023373977360740747
2022-12-05,-0.0007184319905812044,0.042646004648323015,0.0077867791247562355,0.042100050890154776,0.029802009225350843
2022-12-06,0.014111784270441323,0.006846155623801428,-0.015658963736506163,0.03330039685636064,0.003026994196424495
2022-12-07,-0.010244057011852731,0.010646951984092169,0.020445071538850165,0.004258570764793992,0.041154330575414344
2022-12-08,-0.018459191449159442,0.012214582891873977,0.018068777179955007,0.026318498448839517,0.010916351319524276
2022-12-09,0.003916118027240243,0.031808412396037766,0.024308525039785388,0.018035667592279547,0.001974536928482547
2022-12-12,-0.027075287884114663,-0.02402337096137036,0.007124349913296037,0.010109739172650163,0.008836030407577336
2022-12-13,-0.010025234330663083,0.0008446556597311899,0.02593180275148467,0.019674939580191102,0.04032669948400775
2022-12-14,0.014356593239063633,0.0068881116061930885,0.011419935755691024,0.03715937511828883,0.008424384953067665
2022-12-15,-0.025378725422260735,-0.01589852141690901,-0.0177072911298544,-0.00829346907203652,-0.001057572344117887
2022-12-16,-0.01460477769309673,-0.008525585267458087,0.0048437885039369815,0.005252138190906427,0.012988039004453746
2022-12-19,-0.025566710401497682,-0.004014028518801988,-0.04777718236347899,0.016556920091994828,-0.020140201367656846
2022-12-20,-0.017519584270857695,-0.0009300909805529898,-0.020784590071294164,0.01411435418738342,0.020964169125060078
2022-12-21,0.04810048963166569,0.0007060567342726486,-0.011051807641850417,-0.025100328414094146,-0.03363151583248431
2022-12-22,-0.01221610538357334,-0.02766471260964646,0.0031812109439637096,-0.03455108481717917,-0.012410065371238094
2022-12-23,0.015591015316805219,0.004634363611966975,0.010666146694793209,0.011609105628846567,-0.000911879951165938
2022-12-26,0.01591804866535124,0.011017888710002536,-0.025945332396035085,0.007078994427450798,-0.012958221655126211
2022-12-27,-0.04271968161085053,-0.031005228330014893,-0.03851300981582999,0.0044802540260553535,-0.0008094044620371426
2022-12-28,0.011542311440503597,-0.001243650620585773,0.00014244598631444363,-0.004064256920873695,-0.005888270993206363
2022-12-29,-0.019319139210127897,-0.01506655188882464,0.0018545088728886964,0.021581922060207898,0.00927473799385631
2022-12-30,0.020713655461763316,0.007069914028333116,-0.021817584510401444,-0.012927461387415585,-0.009536261033885898
2023-01-02,-0.026491229856514732,-0.0007268326645218274,-0.007485832742041176,-0.0040166663333612435,-0.021777134293247524
2023-01-03,-0.04273897671013737,-0.025576284490397654,-0.034896938471089774,-0.04022804447095017,-0.019860962942429533
2023-01-04,-0.015449914744370264,0.01729082337153991,-0.01311512769876248,0.006085044417059153,-0.005404070311316861
2023-01-05,0.01120079100838555,0.007143455098499263,0.02240372189460663,0.002873233561244812,0.027328355874446417
2023-01-06,0.01207793581272464,0.002110986114967056,-0.011166282446659789,-0.017620690500009136,-0.004692300955929477
2023-01-09,0.009922896477648498,-0.0032465888903811455,-0.020437193538792413,0.03137626161295918,-0.0023001040488880922
2023-01-10,-0.02145362159992582,-0.019261693440179854,-0.004896425031203842,-0.012421125812222187,0.008568191846266506
2023-01-11,0.015722623293195383,-0.013054172725886637,-0.02327370545847131,-0.010623909101494418,-0.01663634689427206
2023-01-12,0.016137409373819266,0.0020832978701130337,-0.020850515767175847,0.02208311243670556,0.024175618094775215
2023-01-13,-0.020412037059470107,-0.02066684679640327,-0.004258654925901637,-0.014523781764089767,0.004170468302983779
2023-01-16,0.0055257348597309965,-0.004757835745369068,0.00873997216335207,-0.00032273087625952606,0.002553781624964179
2023-01-17,-0.007186664879549576,-0.03644483464085899,0.0004531468078660197,0.028340460689066843,-0.015579757406731237
2023-01-18,0.010926250074853677,0.0074161453580905605,-0.010087445108090617,-0.00244619874047,0.01088518055764062
2023-01-19,0.019073223694583825,0.000271627471714774,-0.014406155370680244,-0.005763162678301309,-0.024497369946593878
2023-01-20,-0.004121540404466217,-0.004343274219294196,0.021311259777417813,-0.015117496608762819,-0.016214834245796
2023-01-23,0.017294894132494357,-0.0020448732047125447,0.03247904366553415,0.0005044883336012566,-0.016843975127576613
2023-01-24,0.017685400623551235,0.024132893253369044,0.023830576635328372,0.06036895210120168,0.016018634704433113
2023-01-25,0.014142349721538244,0.026691375641491273,0.01699171951885367,0.014324258743163114,0.017141678062727397
2023-01-26,0.011605155304197881,0.018389667480500214,0.0006057445638034274,0.001446114006945543,0.0007138318521758827
2023-01-27,0.017020129165962884,0.009543753627147942,-0.003727326995778817,-0.018423772178455127,-0.016907966910850006
2023-01-30,-0.02168504730229742,0.009490959305672264,0.005481989098907787,-0.020188330852757303,0.008322426198166677
2023-01-31,0.006509737681038813,0.02879388731662208,0.014855626368817194,0.002409247545881291,0.02136607043644378
2023-02-01,0.0075079804171278505,0.009768954941262,0.02422658557137791,-0.004220973795458218,0.006148980642672372
2023-02-02,-0.01815924022941245,-0.025234846666588664,-0.033805060930131164,0.019685927718175057,-0.001857683730080187
2023-02-03,0.005435940483102214,0.011697659858714017,-0.00730572783443085,0.015793580660043695,-0.03085027774132031
2023-02-06,-0.03124865029324506,-0.03586427532166798,-0.03683015089537252,-0.008465826321174458,-0.0004265770633009127
2023-02-07,-0.016779298146396445,-0.022299221297079647,-0.0107968872302692,-0.015918748708648862,-0.005183544015728602
2023-02-08,0.03276565380601337,-0.0019386930272230337,-0.01335282240807798,0.0016744887477927774,-0.016317083771055407
2023-02-09,-0.02735283614479843,-0.033691247852020406,-0.0008045577920318385,-0.039008575847977366,-0.003413571975776611
2023-02-10,-0.01366195640767403,-0.0009198088574361521,0.018781540169430178,0.009736834331925473,0.008176902603640623
2023-02-13,0.013534683388866368,-0.011049166979271732,-0.010039166897706182,0.007749928033564925,-0.012471417622132198
2023-02-14,-0.01429693907706785,-0.006952282059976457,0.013385491402049718,0.020691267223324983,0.028939752594045333
2023-02-15,-0.013169331223826053,-0.034499115181069344,-0.004238818743196536,-0.00824466372819096,-0.03456416532654754
2023-02-16,-0.005933677533867719,0.005421233156954942,0.009102389134752916,0.0066803512964307196,-0.028493755065786854
2023-02-17,0.02271024936909485,0.016766154261564192,0.015480722937653197,0.012085220227320729,-0.003482094618636397
2023-02-20,0.0024981316618808416,0.0065632322087342,0.005499778333963511,0.006663682073435612,0.03445215303193568
2023-02-21,-0.010770840946682358,-0.023086334395946366,0.011986141667530243,-0.009921521437741167,-0.003910136523200855
2023-02-22,-0.022386637916117502,-0.03324826814289418,-0.011550806233063168,-0.01707030374375217,-0.01684675332850406
2023-02-23,0.025660797620160557,0.0409619762676192,0.028661728974730107,0.008031102863621076,0.0189863689552643
2023-02-24,0.005915180416530921,-0.01169307278983354,-0.014638609662854947,0.010060783341811774,-0.017564459736690404
2023-02-27,0.04016111283249167,0.037573376073419304,0.03169762618637613,0.0004429126459286187,0.0019530688101314529
2023-02-28,0.010668188544687847,-0.0024880097414989796,0.014314698507690857,0.03103661700266761,-0.0038450821992460542
2023-03-01,-0.0007328361272326287,0.013614066356698911,-0.00636753203735458,-0.01724899650496872,-0.009100851172190307
2023-03-02,-0.011343090810363981,0.0004390629248857235,-0.01770411580800585,-0.059895930873043256,-0.0034883111992140485
2023-03-03,-0.0007941883719531148,0.01718569299309892,-0.010863669197022462,-0.0236407330146268,0.0006857865102363212
2023-03-06,-0.03371908585876236,-0.03488170332808523,-0.02128334165691549,0.022736969943926585,-0.041819198093640264
2023-03-07,0.018721358058303966,0.019870139448016334,0.01746452426504094,0.030051131377388438,-0.0012393789126017162
2023-03-08,0.005379407829998522,0.009356436181569169,-0.010204401545396556,-0.017252504342086014,-0.013119502597630157
2023-03-09,-0.019763949156257295,-0.035544826082181354,-6.0357179043608524e-05,-0.010620045745799868,-0.005914477407880794
2023-03-10,-0.03236562685756582,-0.031740239624799764,-0.017686986634807726,0.0081715592161123,-0.0336572657345969
2023-03-13,-0.007661570831995438,-0.007533205728388352,-0.00885060560946227,-0.00781398252085273,-0.0349517061068254
2023-03-14,-0.013186892418072364,-0.012733829824749202,-0.020708798228229217,-0.01795366884453504,-0.023684928674408783
2023-03-15,0.012039499044678739,-0.0037971068478068574,-0.019186125421429154,-0.002042947872316363,-0.010564364821818818
2023-03-16,-0.0029409349925522406,0.003891677967529136,0.0036758885194763547,-0.012764121680499502,-4.252668300760309e-05
2023-03-17,-0.023733289471258353,-0.009414747559514115,0.012044904644918844,-0.012380080272522985,-0.0066140339656238075
2023-03-20,0.04308671920648849,0.04352443636046667,0.008855381750741072,0.021963531303945995,0.016097156465501774
2023-03-21,0.001916300643867751,-0.0038083665154217505,0.00593906497497978,-0.019906680686129757,-0.004081519401473762
2023-03-22,0.046157439572643795,0.06178537255039811,0.03165555892250327,0.05096987749400782,0.03479167592571677
2023-03-23,-0.06316347329606697,-0.058609560676547386,-0.008992159638096072,-0.06207483253641892,-0.03257076296304006
2023-03-24,-0.054969615717998424,-0.06353526837160266,-0.03487088515607955,0.0006626649222528831,-0.050955483174216415
2023-03-27,-0.006363869559323445,-0.009476780171167444,-0.0001785316894333053,-0.038263458945066525,-0.011742396676946492
2023-03-28,-0.01838704351361317,0.0058512901313092355,0.011304747232796767,0.05132271413597802,0.0069424364388295905
2023-03-29,0.009877642385407307,0.028789959835129424,-0.003952033103291681,0.04076853355026975,0.016955325587522767
2023-03-30,-0.0027383243946180053,-0.03415151813947487,-0.015307554322572836,-0.041585787885976055,-0.018432535763715348
2023-03-31,-0.04834039441986617,-0.04212597066832222,-0.016912532568672433,-0.06590701025578252,-0.026427978793999156
2023-04-03,0.061216143349204076,0.058343765508211486,0.0326648637357678,0.003323924117142197,0.038716752355321314
2023-04-04,-0.03758308998261909,-0.05388068873595644,-0.031178462348896062,-0.09394701913752135,-0.03254580619622531
2023-04-05,-0.02317750333905483,-0.02122632010403946,-0.008203660462161425,-0.03586352617064303,0.01714792451939738
2023-04-06,-0.03482380503327223,-0.016359976164353852,0.004785469761634446,-0.0167540417579582,0.006293375331534799
2023-04-07,0.003739614791716376,0.002001908196740278,0.031317453256420755,0.04604651524659585,0.008444694710782356
2023-04-10,0.050923003364762735,0.06310439036580016,0.004413567835197731,-0.037604300191161774,0.014405099382940207
2023-04-11,-0.009276983068767621,-0.007760730369789462,-0.005699450550396757,0.002183726026475433,0.009091865613797613
2023-04-12,-0.013878472316360317,-0.047360666274499745,0.015523535237861345,-0.021813063362042584,-0.001947603835649232
2023-04-13,0.027192112676816527,0.02841264002884747,0.009375493798515065,0.01801840738275295,0.009737401704241071
2023-04-14,-0.008405140272432563,0.009643808336179015,0.004876549841189642,-0.018904926692348095,-0.004807559633176383
2023-04-17,0.023239775243701157,0.015341973309776092,-0.0017229987295833442,0.011393574731959377,0.01205271269988925
2023-04-18,0.009512294631757992,-0.008043935714800858,-0.03869922636825987,-0.022687608079077937,-0.004903680674655055
2023-04-19,0.03789035571131118,0.03704868602917326,0.02120131321570072,0.03790608254309234,0.005413182162720453
2023-04-20,0.014343223300571703,0.014278374006275357,0.00035448647923106883,-0.04457072466992986,0.005803091992273358
2023-04-21,0.01750085079281477,0.011701642983566168,-0.006396768610069569,-0.03752432878563836,-0.017843940555054828
2023-04-24,-0.027886979157385847,-0.04165060818464159,-0.01759064710855072,-0.020391749686037283,-0.029541985544847268
2023-04-25,-0.010030426102232313,0.009735376209565572,-0.0010752953237734195,-0.0020228054867429783,2.4959507240632644e-05
2023-04-26,0.0075120038267400885,-0.004903016610094463,-0.015039317820480503,-0.05776938624963609,0.0029018534808950827
2023-04-27,0.03556520622584428,0.034065344868129004,0.016375915758535503,0.04943736327509285,0.02191135874259466
2023-04-28,-0.025013496825994512,-0.023575244254716302,0.018901950996460984,-0.0790640689966881,-0.015481725265555593
2023-05-01,0.02170558196238493,0.04522101208096732,0.012649564159003751,-0.0013517571040270416,0.023930184085959316
2023-05-02,-0.037358805484254104,-0.046274440175359165,-0.013742954153494828,-0.009831375749620732,-0.028618948759041283
2023-05-03,0.014658982316030902,0.027958548504788256,0.022891726290677678,-0.018167775449007315,0.02861202999305384
2023-05-04,-0.0636196964310558,-0.08965787529358134,0.0004520423970410142,-0.08985979888198302,-0.03967068198816735
2023-05-05,-0.046347772673655585,-0.0953254649664967,-0.0016663144910734962,0.018812615075865805,-0.019429370755680478
2023-05-08,-0.041903732407160936,-0.033478013159493905,0.011154190123367519,-0.05744498964919292,-0.01704345761940155
2023-05-09,-0.010008225885273135,0.00859667374740574,-0.015089236137589357,0.06876482486302038,0.004156401538454106
2023-05-10,0.008405830761886907,-0.019787307727640438,-0.0025089991309030844,-0.00670297580669254,-0.0038896547257252605
2023-05-11,0.010222043877203104,0.0015430400206818892,-0.032825629496256226,-0.03995646851783634,0.009124662799177174
2023-05-12,-0.07251131147139356,-0.07480220190554185,0.013408161315795468,0.02591478260338628,-0.0020931302977525283
2023-05-15,0.07950033274840403,0.0663320920107433,0.007626598132079843,-0.04023669254100175,-0.006301799161323285
2023-05-16,0.006303634880635107,0.0462474526384678,0.0013249804087765277,-0.0018403080174523888,0.0030496830713874347
2023-05-17,0.0007024282502915334,0.010589600383321546,0.005722944086610202,0.06840674507210416,0.00012641015997413095
2023-05-18,0.0700860420535278,0.04061516657077508,0.012282309641266097,0.06332183443958242,0.006834770711695508
2023-05-19,0.02365468941689957,0.00020849020666852586,-0.023050080783454385,0.051256245061004256,0.008519211266839683
2023-05-22,0.06052120467748067,0.05469258753566242,0.032012926350589825,8.818931431806834e-05,0.02698700852923802
2023-05-23,0.04371369192977216,0.07093997077940527,0.023828641085293756,0.07070292235338285,0.035557448159449896
2023-05-24,-0.018961799595876048,-0.010758898322031972,0.0012264129253729702,-0.016073166518298758,-0.008670532996858684
2023-05-25,0.07591484020131746,0.03888309145214512,0.008746082516559589,0.01413180071795094,0.00211386352186444
2023-05-26,-0.13868634449376946,-0.06671985049283086,-0.02116908452151306,-0.01786661922679517,-0.018543038728066775
2023-05-29,-0.01307378661602174,-0.06498356059425282,-0.025570257140913995,-0.055172459011660784,-0.010824959014170337
2023-05-30,-0.006564221334119347,-0.011534120315618701,-0.02545967247721168,-0.0053542559867398015,-0.02731688262385586
2023-05-31,0.08439440970350134,0.06545937261557123,0.04268059281882419,0.08557430603651885,0.01222259038335266
2023-06-01,-0.04943685785483798,-0.045418879562796756,-0.02237612919401643,-0.012548297582752424,-0.02041490270289051
2023-06-02,-0.01761773355707747,0.022674869074076016,0.0015795522324010896,0.03983413971876851,0.012644449010004196
2023-06-05,0.0562869799111592,-0.005535149248303311,-0.037089198397333475,-0.004264255556216844,0.0012605363301935615
2023-06-06,0.008403238590893218,0.015697073216612775,0.029731431778732168,0.024685005164735176,-0.015976092957135896
2023-06-07,-0.10599623332899631,-0.043166245367664016,-0.00607648773220653,-0.009236777018539923,-0.008931057087487801
2023-06-08,0.06129568823835399,0.0023337586139911136,-0.005964609550335502,0.04251192243298953,0.0011313202220313999
2023-06-09,-0.02400277290328837,0.00850317595455571,-0.008789845048857652,0.04638267867292406,0.010046428583727065
2023-06-12,-0.08274279482133064,-0.04894205177196655,0.00156069983218342,-0.0037940600338821763,-0.001809747177431898
2023-06-13,0.03852670671107968,0.013130411530518239,0.02504146845064412,0.039426137911845245,0.005927688655484048
2023-06-14,0.0047439802874078806,0.008063459694083312,-0.015535239094052062,-0.017561750053314763,-0.016901820649584978
2023-06-15,0.009793021394574525,0.02712122724886669,0.026122623569161858,0.02302419927286455,0.01269056865573588
2023-06-16,-0.025449182441503296,-0.004189424507053245,-0.027266703387067225,0.010993603946987106,-0.012469874985423235
2023-06-19,0.022739889064351954,-0.000833746987634121,0.0028038727812066244,-0.06194212928164776,-0.009464961765128803
2023-06-20,0.057165014096377455,0.061947792967819854,0.009849780980100661,0.027331988634351184,0.02379894731338563
2023-06-21,0.008231074257248002,-0.006504237448275069,-0.029226900876063205,-0.04178069469660887,-0.023512168831696236
2023-06-22,0.034926044918070574,0.04306218077858665,0.0025484401862758553,0.040761301794214555,0.019084918193755608
2023-06-23,-0.02648264259574764,0.008209405863617148,0.004096294793387126,0.013932156092198573,0.024202716929678746
2023-06-26,0.015298677217300815,0.006774401931903675,-0.0005421446249642802,0.013453843429279163,-0.0050521308975219024
2023-06-27,-0.04150312796628247,-0.04638625303595519,-0.0018386646778691489,-0.03768083735020786,-0.0176914812479041
2023-06-28,-0.05717885249700704,-0.035637845696948514,0.002480653856863984,-0.053356081019295856,0.008173858932114518
2023-06-29,0.019748442760459214,0.023935717744634592,0.021948562586481635,0.032535531335153835,0.01565313368235638
2023-06-30,-0.015905864765352367,0.006251879882402959,-0.02254238801563075,-0.01574907171021595,-0.035471137925699614
2023-07-03,0.025589411486680442,0.018383700670628302,0.007843002076275416,-0.0037232773531993835,0.0012754487516503795
2023-07-04,-0.017019752529758583,-0.015763971738738926,0.0042031280621542865,-0.015277047603215924,-0.013725120516741993
2023-07-05,-0.04500665949213767,-0.009496201652998169,-0.0002025276372762035,-0.011309078024760418,-0.007087948192136269
2023-07-06,0.014203459426480007,-0.023313918865522195,-0.004599655634709023,-0.0068753862016914654,0.0036478716844072154
2023-07-07,-0.03548110353920023,-0.0252345064926261,-0.0012906485648906687,-0.011714085672144556,-0.028364482875930856
2023-07-10,-0.01891933762132193,0.001046676628493484,0.018412203494150965,0.0014224982682426383,0.011498321902884006
2023-07-11,-0.012922900002978943,-0.044279429396622806,-0.006630331487855172,-0.04511645661508371,-0.012280282599737062
2023-07-12,0.04514809704608734,0.038354989242951894,-0.00046527842899140963,-0.00028464832512631235,-0.009796312680551221
2023-07-13,0.035328301580986064,0.04037100666620445,0.017202316381068294,0.021339866780959334,0.0215147448743055
2023-07-14,0.005180599413068058,0.02762550763935356,0.01732651208470307,0.006580025154297299,-0.0009126693185465055
2023-07-17,-0.029381950626602857,-0.0160067221838932,0.01545387970822806,-0.004509748761972753,0.006950646969840995
2023-07-18,0.01017358809726168,0.01111473769394587,0.004410335782258993,0.00581462983290824,-0.00538831544514459
2023-07-19,0.052960506798628064,0.04303578762080069,0.0032252061852543856,0.04997431367627562,0.021759581957275564
2023-07-20,-0.008183819523221374,-0.021088730550825295,-0.0011654776948422506,-0.0027334822224354236,-0.01865128056713666
2023-07-21,0.005808892065339153,0.010073442322388219,0.0117929434032541,0.025782059431523247,0.010297392557338999
2023-07-24,0.04266803215310645,0.0143753774577926,0.02541206759447268,0.011121979576548488,0.011585269496306661
2023-07-25,0.03147101675492147,-0.00990251122119252,0.016438528168502074,-0.016500369274147535,-0.011036559881328997
2023-07-26,0.04445133687787352,0.018415459934207224,0.016399186321114315,0.017566110747240758,0.03855788992054507
2023-07-27,-0.01825596237818135,-0.010904962037999214,-0.008317392699255587,-0.008966486677244012,-0.00915663184741066
2023-07-28,-0.016745628195306644,0.011582346338951782,-0.018498636156128637,0.03188026012674288,-0.0071396663370894755
2023-07-31,0.03386861188460148,-0.018503365861063718,0.0016651964781072245,-0.0276806450687358,0.0016277306471924322
2023-08-01,0.016556410258508864,0.007807269931794029,0.0075230515872815205,-0.006820968615959223,0.004811019595844656
2023-08-02,0.03703504871280962,0.05233857263344368,0.012603095837781048,0.05199960250875019,0.005951382331518428
2023-08-03,0.02468990774067951,0.036902055670953955,-0.008917037424137613,0.04041728704624586,-0.001146635766504891
2023-08-04,0.006819059081816984,0.019475173462423192,0.0055431236491839024,-0.015422482523334148,0.0005830865207669716
2023-08-07,0.023982347999019753,0.013578979139641824,0.015763746021589628,0.015870075597166897,0.005584619004735239
2023-08-08,0.04285338594696416,0.01514044201137551,-0.003201246788884435,0.007275918288975686,0.018032969496469653
2023-08-09,-0.02501599526147772,-0.003923020660454591,-0.024711936096383922,-0.012385341380746519,-0.011659054485129387
2023-08-10,0.001543147690894458,0.0007424268616197985,-0.018234819498805434,-0.02553445246593152,-0.010420320656118975
2023-08-11,0.09365321252220965,0.03926096565634667,0.04374350178346637,0.058565329639335126,0.032028232787712704
2023-08-14,0.024853660369127645,0.004028966401197296,0.022001184988437894,0.00470869043795196,-0.001509790401861948
2023-08-15,-0.036081897250375285,-0.024889046197260265,-0.022847297169906626,-0.004126565509396058,-0.021364877171026524
2023-08-16,0.06460961046287868,0.04128291975380092,0.010124646610449595,0.05162653416940617,0.030761447558734778
2023-08-17,0.004524891198834049,-0.007878400175402174,0.00032834016268417623,-0.040424297309386875,-0.0032810018554398786
2023-08-18,0.0005113262827252505,-0.011246341511348555,-0.018704414890750826,-0.00784091441746279,-0.007200886514324401
2023-08-21,-0.0021640091460168216,0.006721463988561943,-0.004773349288677108,-0.007112173104185742,0.012978415790645346
2023-08-22,0.04569039396001545,0.03448631482696949,-0.0037865784973405104,0.028877214864201955,0.009051676434575549
2023-08-23,-0.011205470662369207,0.027242866617818606,-0.0022678224477330096,0.0025426895593338226,0.017554518445346338
2023-08-24,-0.0621049995056347,-0.06709826005235932,-0.014108221412080228,0.021605003825810907,-0.02806608402000199
2023-08-25,0.07620587222217036,0.03917437609730074,0.030067451233826363,0.017169630743076494,0.004250269174263241
2023-08-28,0.0741441729759919,0.024762276416009484,0.009082575325469638,-0.0005794646845286693,0.03862836305981526
2023-08-29,-0.030970331657031537,-0.00866565283407455,-0.013326877381836355,-0.015306724590352044,0.020396389487747732
2023-08-30,-0.0605593091977856,-0.02086724076365219,0.0029391944989871316,0.01588942926130732,-0.00999571349262685
2023-08-31,-0.01392111395999875,0.010048906244466315,0.011159186291282666,0.03350171096894033,-0.006578984805953825
2023-09-01,-0.003204161303277207,-0.012510526430092043,-0.01606196635887271,-0.019045581357403148,-0.015204918994597113
