date,eurusd,gbpusd,jpyusd,chfusd
2016-01-04,0.010875818824078386,-0.002014356033162531,0.023353169601103674,-0.005343542063491093
2016-01-05,0.03638725191424568,0.018172555475813357,0.02888053523198617,0.04066542677986534
2016-01-06,0.005625911685565457,0.0062230738658452574,-0.03736409850202011,4.245352284068171e-05
2016-01-07,-0.012098821528959301,-0.006760021484502347,-0.08633124303003892,-0.03381400658929596
2016-01-08,-0.0063943079581441796,0.000569918157232345,-0.010156782639637338,-0.019557592928337256
2016-01-11,-0.012593231617335889,-0.01359188706573034,-0.11608039499787245,-0.030104370444711315
2016-01-12,-0.01588177493388908,-0.019048553500738044,0.002093176391430789,-0.027328820044920425
2016-01-13,0.00918167835561661,0.010076384015992425,0.026079992654089102,0.013574298808420423
2016-01-14,0.021162415082830854,0.0417687163954253,0.010612277994299847,0.010531041318376292
2016-01-15,0.0064187548258712104,0.03895242391714976,0.010588361800735947,0.0028593047509006242
2016-01-18,-0.012637464039837957,-0.028504047066756043,-0.05291295252459458,0.01728305911870223
2016-01-19,-0.01380521572271656,-0.032219992869075544,-0.022702398174003748,-0.00337810984153896
2016-01-20,-0.020917501011009997,-0.03015165509795852,-0.018415498473297792,-0.008843162593824292
2016-01-21,-0.02407624887650658,-0.015573121660107063,0.05293914911981208,-0.028450250958281752
2016-01-22,-0.023323078152993507,-0.011766635902057829,0.016993173885935492,-0.024268667098856025
2016-01-25,3.140862180072329e-05,0.010189190557533057,0.03140199867329495,0.0015567444303309825
2016-01-26,0.015799013320948803,-0.02002302668792418,0.00889185879233389,0.0073709509314020165
2016-01-27,0.013629210167351394,0.011843165769814226,0.0658123914845906,0.018012241583378323
2016-01-28,0.004943761790254305,0.010723416962933297,0.0362935675186449,0.0036049080933382178
2016-01-29,-0.020937558136094988,-0.02921248723443697,0.006993171067667637,0.0021319443443645293
2016-02-01,-0.01418792229902089,0.0043514059561823954,-0.051582547695013255,-0.007240321334718083
2016-02-02,-0.006806220406513325,-0.0038725140274560826,0.048903274712321414,0.020481056337524693
2016-02-03,-0.004571767287076322,-0.018591761262338333,-0.03702204432520452,-0.0004140778322873951
2016-02-04,-0.00149199997006841,-0.008009544127281274,-0.035320620007416266,-0.004117338715929335
2016-02-05,-0.010042340629001422,0.011210391428727531,-0.011580932312767253,0.006145075809386419
2016-02-08,0.017446261299837822,0.025720673871520335,0.025739416361604775,0.0021760138239277
2016-02-09,0.015880955749881766,0.032480209848927896,0.008080215751797888,-0.0020176391705607312
2016-02-10,-0.019423321196099658,-0.03086122148321695,-0.05059561655707721,0.001338612950808445
2016-02-11,0.002682957683799214,0.021147320231980935,-0.01876849502433851,0.009607638636674017
2016-02-12,0.010865060419576232,0.026454786957818544,-0.012351268467361067,0.004486146430517492
2016-02-15,-0.014745450035198239,-0.03892887410315074,-0.050633269755895355,-0.013069130474573394
2016-02-16,-0.0071289987443364745,-0.02348948483024954,-0.034281402179995445,0.0033618136620059934
2016-02-17,0.008828632357811925,0.02341518797446298,0.025191326231197724,0.007136667050091547
2016-02-18,0.016787859600163275,0.01603816198180868,0.0037857277786683408,0.014830803100284909
2016-02-19,0.012296443013402134,-0.004120931700986497,-0.005012510303089075,-0.0004408696139393515
2016-02-22,0.002750038794237642,-0.0017235079892814408,0.04440925275332659,-0.005688220409685327
2016-02-23,0.000678706385578039,0.02948220615671116,0.07468799674566355,-0.020900498049439508
2016-02-24,0.007137004307741751,-0.020782514027502693,-0.034586942450187175,0.01388401303807006
2016-02-25,0.008002871528067146,0.04793378572328969,0.009006661621009698,0.00893703938257698
2016-02-26,0.010458213711966008,0.029480158687487216,-0.00039441178781959174,0.018512645306495355
2016-02-29,-0.01938827677146062,-0.031854072187398656,-0.015849704312237253,-0.0072285584707975714
2016-03-01,-0.007840668269190505,0.0002491205956187689,0.0607421340176376,-0.01837829813346846
2016-03-02,0.005847442723698787,0.00945927581903955,-0.08293749588559582,-0.00802527230835524
2016-03-03,-0.005800517875085648,-0.007670513206875023,-0.059998413069983256,-0.008609010447350763
2016-03-04,0.0044609739230199496,0.009569471717934975,0.02526647924638919,0.004911058945979192
2016-03-07,0.022220299863212577,-0.0014052310377328746,0.05675031661122923,0.031782455372030186
2016-03-08,0.007348090542520959,0.03076765211380756,-0.011033279286695594,0.013683947713259226
2016-03-09,0.014827882326720537,-0.012176545326287376,-0.012377771346811665,0.0017307987376597553
2016-03-10,-0.0016102248057832727,-0.018130519946266202,-0.02809541979295176,-0.009545680046766427
2016-03-11,0.012379392065531052,0.02184590573370812,0.051867970168077766,0.020024787000559093
2016-03-14,-0.013413596468907336,-0.01832378604427743,-0.00685984102370223,-0.007379717193404993
2016-03-15,-0.00501650691658947,-0.009137205261645751,-0.004858915661652083,0.00529279905290748
2016-03-16,-0.01380803561495791,0.012451493851552252,-0.011209304578566408,-0.010599086561471037
2016-03-17,-0.004075542081757661,0.005147949472386678,0.036439042903902846,0.01198176478524922
2016-03-18,-0.006078813578326649,-0.0012314924155698004,0.02561110016134497,-0.0022087234609872407
2016-03-21,-0.02182550906268921,0.010175979990193186,-0.006299781064734407,-0.00884284890229076
2016-03-22,0.0007631890047160117,0.04163269183944199,0.0020956793923014405,0.007848318595063299
2016-03-23,0.025497568620828893,0.029579010169192805,-0.029842334255154437,0.021143104111932844
2016-03-24,-0.012817332975373989,0.005432077495517352,-0.02088503655527304,-0.021336855558961858
2016-03-25,-0.000996571330417218,0.036433873921485484,0.07461414133841279,0.001418164778498993
2016-03-28,0.013968436498479274,0.023652333247287716,-0.028569654383337025,0.014639418543481789
2016-03-29,-0.012186087912774595,0.003124288867358191,0.03661486691437312,-0.008134279759260387
2016-03-30,0.012396001814051434,0.03276817290705132,-0.026201005534168865,0.0044850223709786245
2016-03-31,-0.007731210079709835,-0.0105671331814358,0.05489061311681158,-0.00023478674152315718
2016-04-01,0.016627740591056633,0.019688587294304727,-0.0003217689994569818,0.017213595282427413
2016-04-04,0.00912248538413364,-0.01273088656525599,-0.025491709040461344,0.006346710259212943
2016-04-05,-0.016758909941986113,-0.02042314204994181,-0.024587604752619414,-0.004608495885060237
2016-04-06,-0.004147217808366274,0.03325541322818748,-0.022393406620830215,-0.006441823755491861
2016-04-07,-0.001870923686178211,0.013839900439590685,-0.05534700703817338,0.0038879848758471567
2016-04-08,0.012142127493255559,0.013660091141403529,0.013070947656224189,-0.002631954055767026
2016-04-11,0.003636170627242013,-0.009740231322523062,0.028597532366528542,-0.00011899421767451928
2016-04-12,-0.006786895967441444,-0.020041159975715164,-0.014448496473741003,-0.0010245098523462063
2016-04-13,0.018301033378813118,0.019599882652558798,-0.00028240008441941165,0.020615006568949264
2016-04-14,-0.013523262997693578,0.015138097886802551,-0.006030060250948282,-0.020639517547765794
2016-04-15,-0.008583406005941577,-0.003934609673733456,-0.005597276393923686,-0.008084830878075771
2016-04-18,0.014000753768403125,-4.0635452020513494e-05,0.006436302912226671,0.007961086032165974
2016-04-19,-0.022016366107062403,-0.030775240650112168,-0.008516503506906834,-0.020802110153719605
2016-04-20,-0.00929959811164941,-0.0008806426560808427,-0.02999864408794492,-0.014903064006450329
2016-04-21,-0.0072817249702996495,0.027528752655886266,-0.02378611126881712,-0.020120067554772605
2016-04-22,-0.01355692377164041,-0.0035047962942031407,-0.004466482041590183,0.004130989960993446
2016-04-25,0.029246567008756323,0.031582188524724074,-0.001809242618459341,0.031803069349502076
2016-04-26,-0.00655948271662108,0.009222270201980541,-0.041583708838087055,-0.01352714656022133
2016-04-27,0.010455686351797992,0.02276360635929792,-0.008248548705188742,-0.0011534816576177838
2016-04-28,0.024905717505819953,0.0008568697639546231,-0.015138870048226942,0.02814581564537762
2016-04-29,-0.012003924609253681,0.0034934634918926824,0.020517927005929085,-0.008167091054788533
2016-05-02,-0.00411694380414741,-0.012517600247484445,-0.02993213032270861,0.0005047277958456289
2016-05-03,0.013019057492236906,-0.0012123417130925115,-0.02627416834715628,0.005277757894074249
2016-05-04,-0.0015098060068751474,-0.006671568991073088,-0.002811141664682805,-0.007491258742219692
2016-05-05,-0.0050671248509601184,0.020499763759923084,-0.007452499533992369,-0.0028024936027654275
2016-05-06,0.03306643237632106,0.026152845244369588,-0.01803736300913081,0.022529901368287752
2016-05-09,-0.010783963539798628,0.009234338533395899,0.003954717755415628,-0.012711931657358818
2016-05-10,-0.010994162539739224,-0.006918384275732983,0.038064136010286236,0.0011576260192772828
2016-05-11,-0.01574981218078576,-0.026616804362580834,0.01327436901077138,-0.016893842258177645
2016-05-12,-0.0067074946957065736,-0.019725408895181394,0.04993801740326582,0.002151425792890027
2016-05-13,0.0010932320926194802,0.009214117570542042,-0.010279176345448709,0.0020551022345063705
2016-05-16,0.0015463808141423694,-0.0039430401943570245,0.0439688634426853,0.0032201505878249603
2016-05-17,0.004269387194685562,0.0154180777063058,0.031322263572365484,0.009146228383347822
2016-05-18,0.007111889638944042,0.009011642408941384,0.019668890384702927,0.02243899801858707
2016-05-19,-0.006906790299310126,-0.0165599738202068,0.021472005811442756,-0.010186517676095345
2016-05-20,0.02563735005117142,0.012292491452637912,0.01796461410640798,0.031139491801922603
2016-05-23,0.005160299208818728,-0.016564189486455827,0.053371274978838285,0.006692095765269024
2016-05-24,-0.0026643239010155895,-0.0022421652478394724,0.0029533614653569056,0.0011644724903792315
2016-05-25,-0.01480520142373712,-0.030683515424669575,-0.028566354760126242,-0.018611475360422604
2016-05-26,-0.004053346719248188,-0.019078211169328802,0.008535621945044328,-0.021887455967227687
2016-05-27,-0.016967662458248232,-0.02558108751527685,0.0014703316877563656,-0.012999753200285808
2016-05-30,-0.03085341916739058,-0.032566655020507235,0.041197653626183856,-0.03461344166397474
2016-05-31,-0.03684504660153525,-0.0327751487346176,0.046647176574410365,-0.03492284978914802
2016-06-01,-0.015585382339469682,-0.016511900745939584,0.005342359309064011,-0.012386251501665372
2016-06-02,-0.001893784446992799,0.023836384980966067,-0.029386014593697208,-0.00030042216820379454
2016-06-03,-0.001899840500860088,-0.0026343052322393354,0.000699916881779353,0.005028969487705891
2016-06-06,-0.012754122723167668,-0.01297585222478776,-0.00037706600847845596,-0.021883007214334952
2016-06-07,-0.02754303326744654,-0.01386290935508316,-0.01511844701949932,-0.020103359704975662
2016-06-08,0.013847772420793278,0.013555383075006715,0.005302853998482768,0.030121774054851534
2016-06-09,0.030035782577932654,0.03257128865661786,-0.02294729690467202,0.03876356524034402
2016-06-10,0.0024116023124084347,0.030640966630826987,-0.029538959674683188,-0.008037124894344114
2016-06-13,0.0046659211132306765,-0.0035591341142088354,-0.007283856393205768,0.006289877752972439
2016-06-14,-0.013430505687944195,-0.014399927038581464,-0.013431484107219623,-0.039718831217740266
2016-06-15,-0.022959128741736,-0.02703950019373005,-0.019588749337410748,-0.02357872325440839
2016-06-16,0.017727321828419663,0.0030918301746709186,0.021105023839425613,0.026078975656967374
2016-06-17,-0.016449226145327255,-0.00258110851273016,-0.023018931386530946,-0.017106417217136644
2016-06-20,0.03579323644264321,0.027296263639448776,-2.331916422330374e-05,0.0244608841329205
2016-06-21,-0.00547468048894148,-0.023671157722932927,0.03474500791585863,-0.007559639428941721
2016-06-22,0.025419299809901433,0.04502201794223957,-0.03593901450638568,0.012701504876122744
2016-06-23,-0.029152844245880282,-0.034743243684379685,-0.023300558400620165,-0.03147751416118465
2016-06-24,0.017693915264296856,0.030191006550918574,0.048733522663897626,0.0316674917259841
2016-06-27,-0.025699051905819597,-0.0007364503474757307,0.018272519708566554,-0.024433756299423234
2016-06-28,-0.026277413279262772,-0.010055193509136794,0.006092132864520735,-0.028229563085327054
2016-06-29,0.014235005469587083,-0.006567176416995923,-0.026839255087553127,0.009792470159189453
2016-06-30,-0.022140821703755025,0.006559697911772516,-0.0022902993678747745,-0.010306429165492799
2016-07-01,0.012456999875960684,0.02386795267410468,0.024024806648641962,0.020744093515188463
2016-07-04,0.0031003546973143595,0.06138686753935029,-0.00011345027517975853,0.014073833559065642
2016-07-05,-0.008508779545905405,0.020986810076255854,0.04897075085915797,-0.00597015171839798
2016-07-06,0.011222819542392418,0.01981658302282846,0.004475242425505091,0.025425273777304906
2016-07-07,0.01349400666816249,0.02693636104500395,-0.006024354203149251,0.01046148413031122
2016-07-08,-0.00499646262895515,0.008007725161424084,-0.001589273604812617,0.006776042140747868
2016-07-11,-0.01001207929262658,-0.0279158404894914,-0.050841110056557885,-0.0010461468683071824
2016-07-12,0.04569015446800468,0.05625783287013511,0.017698951185841187,0.030266459055314564
2016-07-13,-0.008640681186012605,-0.022971321861482173,0.024312657764429875,0.0020902652230685424
2016-07-14,0.028740505249667144,0.015498791907084213,0.002710543148754368,0.006567656835758854
2016-07-15,-0.007673536960724514,0.02110633286278288,0.0009608532348778024,-0.015573258662415055
2016-07-18,0.01344633369434402,0.007651603360909547,0.018028998221917145,0.022305073952919054
2016-07-19,-0.035116168382718256,-0.02149557277124871,0.0159070094315179,-0.02102485878387899
2016-07-20,-0.035613859105204815,-0.02981803939857414,0.04024064194122437,-0.0076604537043108096
2016-07-21,0.01290130324958483,0.02675770887295556,-0.014500912514793851,0.01379853227576777
2016-07-22,0.0049092065605999945,0.023457049415562658,-0.04890958369617048,0.0007457621571144628
2016-07-25,0.010645955483573975,0.003999712470310568,0.0015326049462565095,0.008818191141976135
2016-07-26,-0.004179519030810685,-0.019727781735430595,0.009198043456733805,0.0028875088105601693
2016-07-27,0.026570261418807792,0.033091789029254755,0.05740881893146483,0.02912095978529891
2016-07-28,0.00707535430186784,0.010044218268131223,0.045198551015359106,0.0038393672348296243
2016-07-29,-0.02649274849869134,-0.04370081534212988,0.013225497658703235,-0.021972279472103954
2016-08-01,-0.025223502434724675,-0.033146016869886843,0.03860980688270514,-0.024643824372975607
2016-08-02,0.002128773226619679,0.018419077238940998,-0.019198688109894783,0.004143637121337055
2016-08-03,0.004700764600892605,0.016559040565714712,0.0019151704621669181,0.007183755658009509
2016-08-04,-0.008236672108049327,-0.019680075335183338,0.014499632671531143,0.001389302961486184
2016-08-05,-0.009800150481048264,-0.009251369666107966,0.055927937043090875,0.002748274902175257
2016-08-08,0.009361907575565513,-0.0032055289349618653,0.010771009414436384,0.013135280260080403
2016-08-09,-0.017008885542827694,-0.028457744113303002,-0.008746588106583878,-0.008081793750119446
2016-08-10,0.0001961754390209498,-0.019296090573055633,0.0027444757419530998,-0.0061571923561975885
2016-08-11,0.0389493166606864,0.0504879377703999,0.054697886516553586,0.04521525211077312
2016-08-12,-0.050524499037327066,-0.03549495717308484,0.016329477569783285,-0.03874558680912183
2016-08-15,-0.015615593001608603,-0.015136289942273468,-0.010851335290865361,-0.015425712294832255
2016-08-16,0.01786281273868314,-0.012652947325383395,-0.01503013628735763,0.020820673134814692
2016-08-17,0.04270047758159969,0.04889919375955925,0.020566075881851758,0.025003570339983495
2016-08-18,0.010067857508138406,0.020565988120387388,-0.014433303323433315,-0.007733794204711742
2016-08-19,-0.0009757372016546046,-0.003778161911758515,0.022105868039758447,0.00235041978040646
2016-08-22,-0.015835950436289874,-0.019858041431246667,-0.0002170346015719161,-0.00841183146446457
2016-08-23,-0.023784024125189252,-0.005130199679916201,0.027306840220915066,-0.023236050093270896
2016-08-24,0.040265224376704885,0.012716673206139829,-0.005524088105227025,0.0086880496127221
2016-08-25,0.023080242546528774,0.04354508667533752,0.017650900884423726,0.01910542433558322
2016-08-26,-0.01387243734725226,-0.0012430546262877627,0.025735987680223688,-0.01048110733770441
2016-08-29,0.0030126353189930404,-0.008817977563008454,-0.002887179112154526,-0.004517215045753023
2016-08-30,0.047329936428908724,0.04823802046346346,-0.04371387890031565,0.01422002483497568
2016-08-31,-0.0063107131524867835,-0.024785459105916726,0.018765738571474483,0.0002946794230978934
2016-09-01,0.032154179246381406,0.04866862407799864,0.009025668690217925,0.028898400937492172
2016-09-02,0.03303407551896411,0.021868593349732922,-0.0211327098394646,0.0247638679895331
2016-09-05,0.004392600687003225,-0.017544589081974163,0.021365183795074082,0.015669797018131558
2016-09-06,0.0628242543796163,0.05783143950481452,-0.01650303382073166,0.032581237907717296
2016-09-07,0.025201741493128788,-0.01599336676833731,-0.023166780314905298,0.006992190845035973
2016-09-08,0.02697258603396312,-0.00044664075445552723,-0.015689925306798486,0.015267635639741659
2016-09-09,-0.005152569155819432,0.012529686946374704,0.037571010972588435,0.006514323479589944
2016-09-12,-0.023017260953630846,-0.01082608377359407,0.0032936798842640802,-0.011711590614986186
2016-09-13,0.014578269482294336,-0.01487341641260259,0.0024714205288557983,0.01102203568213619
2016-09-14,-0.024730277552405523,0.03295872482427501,-0.019283828511899262,-0.01473634399739358
2016-09-15,-0.050342374677072796,-0.041261667215020226,-0.012967737033027804,-0.043575164725357045
2016-09-16,0.02143156579373965,-0.005403297842438087,0.0006524973215419961,0.016844933581574413
2016-09-19,0.004583197689435821,0.0012052867471469787,-0.010100687549156169,0.006904638972314907
2016-09-20,0.0023065222887765787,0.030721692651856976,0.002402722255890439,0.01267650945114316
2016-09-21,-0.08043693132982875,-0.0700294745052122,-0.007328244421058856,-0.057271673061678734
2016-09-22,0.020538874257626467,0.021990051899786586,-0.02526751078613564,0.013861836372780304
2016-09-23,-0.004211534760363788,-0.002260154310496039,-0.03347451747315667,-0.006563504632916183
2016-09-26,0.00660802249441555,-0.00695369214031292,0.03190754560499559,-0.0079907833676963
2016-09-27,-0.008049483744350116,-0.012907009970105549,-0.0002781987983680264,-0.01116787496395632
2016-09-28,0.0394780319923858,0.036472244746009255,0.028310159160938257,0.04036250610041162
2016-09-29,-0.019527444048992218,0.00714921083627586,0.008667166716789172,-0.005640951902558362
2016-09-30,-0.017660623644414505,0.018895810140322617,-0.04399914568172056,-0.009133120928616636
2016-10-03,-0.00901516629868917,0.003936565913055476,0.030109840213432056,0.005646615294917627
2016-10-04,-0.027359109776463036,-0.020063751166365596,0.01606336822210441,-0.023015817127080136
2016-10-05,-0.0406007441640941,-0.04858264171618535,-0.028400284697045666,-0.025640191941724202
2016-10-06,-0.012197361454881374,0.00659615516711872,0.001563797134362871,0.003056566191084537
2016-10-07,-0.0458827745881339,-0.055285417503180244,-0.022095965800393913,-0.020590266327162206
2016-10-10,0.006265316809486169,-0.0019416982244882645,0.0010432736841358289,0.004869346702930791
2016-10-11,-0.008154891853578384,-0.018972062266725136,-0.05024637124323424,-0.008101546354967392
2016-10-12,0.034333572846291946,0.007872532496304322,0.015128848742740255,0.032994330324458664
2016-10-13,0.00593705745007398,-0.03169962954599038,0.02020008025548197,0.01107662013693364
2016-10-14,0.0007015130902973496,1.2314243334123758e-05,0.035562041499383155,-0.003501751638659961
2016-10-17,-0.0022668358859846797,0.02457978296182741,0.03934237249435141,-0.0038005286300903415
2016-10-18,-0.01863981213611849,-0.02681569843616437,0.014629461034125853,-0.024906023910310465
2016-10-19,-0.010056686384311545,-0.027407752101385324,-0.03086002485411851,0.00016567401146630443
2016-10-20,-0.00016708864033848555,0.009638898629991769,-0.04668442930086098,-0.011767322568151044
2016-10-21,-0.025783214419990076,-0.024899713881402094,-0.0017938026554990747,-0.01900591600194665
2016-10-24,-0.05816925709802368,-0.02617660083355253,0.026734006502146343,-0.05050302856995292
2016-10-25,0.017102574011617497,0.059889758954589346,-0.0036055228068778145,0.004519326715231524
2016-10-26,-0.012436102444205642,-0.004043629468039123,0.01744651277741968,0.006429750963188834
2016-10-27,-0.04094207925359828,-0.02733541183160993,-0.019532456800978364,-0.04555046002932203
2016-10-28,-0.053421320444115954,-0.008046248506244729,-0.033567248000316824,-0.060179440329142256
2016-10-31,-0.04853855705664122,-0.07671644300836011,-0.01500419580795989,-0.0433443978593342
2016-11-01,-0.004650417226069786,0.03346475747447372,0.016322916782926106,-0.0014675313340930505
2016-11-02,-0.029618504217143432,-0.06481614268016572,-0.021792956645861537,-0.012752943358353452
2016-11-03,0.017236304049813973,0.03604185754575974,-0.013152542630329606,0.01675697896034717
2016-11-04,0.02307678457023526,-0.00830002227749271,0.005338693152440036,0.016514748150226556
2016-11-07,0.007408190305656891,0.007490150566791916,0.03384838244153651,0.010757412032231314
2016-11-08,-0.02238144972393849,0.0078054387773354005,-0.013380770847003244,-0.036185293780489285
2016-11-09,-0.007926734179366143,0.02651644595877865,0.029385649276584307,-0.008303980680893884
2016-11-10,-0.007394441838018772,0.007422951262117994,-0.04761733707145184,0.01597825487322754
2016-11-11,-0.01082241750822469,0.027921986524513696,-0.05410862899973303,-0.02156661838877127
2016-11-14,0.014689143005052556,0.02405748628263872,0.005144951024463153,0.008697863135300082
2016-11-15,-0.004395308604139978,0.0025798648816419785,-0.01396216689341027,-0.00991494515195708
2016-11-16,0.008937030913710465,0.01717659154135725,0.008143375431502207,-0.0013127239754941687
2016-11-17,-0.01050648470827821,0.0010370958343438087,-0.00783746763172508,-0.003285139471147755
2016-11-18,0.0200763716779652,0.008532198778007113,-0.01633299978452865,0.022472923651154154
2016-11-21,0.008311040062209533,0.0018478932338465036,-0.03013005432965444,0.005737813568849627
2016-11-22,-0.02010565429989634,-0.032987070128693126,-0.00976780197152933,-0.015937749865025393
2016-11-23,-0.022414080971206563,-0.0020572150723913367,-0.02798980382352201,-0.012555648608889768
2016-11-24,-0.03425053022160939,-0.027435537993056036,-0.01831944170572452,-0.011659124968075241
2016-11-25,-0.024136169111123564,-0.023983779569335367,-0.02063859459098514,-0.015512858532654158
2016-11-28,0.0081092179328968,0.03189006039706733,-0.020700424935394767,-0.008234495875204369
2016-11-29,-0.018675142799622353,-0.009431563143140075,0.05686908933608645,-0.004769667487457633
2016-11-30,-0.004509691953033246,-0.03255771557084217,-0.03691137784145192,-0.007416554675989065
2016-12-01,0.001962672261616709,-0.022583066941873293,0.011079836134564619,-0.014232673577668234
2016-12-02,0.03310454355629437,-0.0003657220926873762,0.025991112441730344,0.020999674701916143
2016-12-05,-0.0069120531035004994,-0.02432832820122531,-0.04598745579366954,-0.004815867127556503
2016-12-06,-0.009637133695004334,-0.006691145742934157,-0.07927194143605094,-0.0025288079583622495
2016-12-07,-0.016041490004941202,0.009034432540018813,0.013309927384587824,-0.01413545240926779
2016-12-08,0.03263677668874049,0.031533685204130225,-0.00041260420731565494,0.014852532459793911
2016-12-09,0.001064532746898252,0.0009148069690872291,-0.001399672959369343,-0.004064739336381011
2016-12-12,-0.01417543370175225,-0.02587490809527109,-0.018331581497620767,-0.001628921234453733
2016-12-13,0.000485183947664011,-0.02942237032971851,-0.0626308991903991,-0.006723231054569469
2016-12-14,0.01690731383655822,0.023193326084480832,-0.021341063580153134,0.015212809227275829
2016-12-15,-0.007293306524548531,-0.0007070438067089503,-0.04758131022925661,-0.016005854712569812
2016-12-16,0.00992866240759201,-0.024357413213382424,0.047779626789677135,0.02205578209574009
2016-12-19,0.013025167612468809,0.0031353000362416713,0.035948357245702806,0.009035402923648683
2016-12-20,0.018746057821085314,0.03200095885733899,-0.02385223949923946,0.00215908044599325
2016-12-21,-0.026387171402853394,-0.030025992298778004,0.031234595587136975,-0.02391183087405791
2016-12-22,0.00196445287315841,-0.008351630705750901,-0.04173901484248602,0.007486979162279065
2016-12-23,0.0067636175206554705,2.983871228607788e-05,-0.015379950764276784,-0.006428458312551334
2016-12-26,-0.028449125818116493,-0.03685746250996788,-0.06289408558022168,-0.016316889820292824
2016-12-27,0.006895183593093771,0.00025553157316867277,0.02720239126024704,-0.0005103381525600646
2016-12-28,-0.0003774034063362209,0.003960428457809178,0.04898421233301537,0.0042642813872667855
2016-12-29,-0.0017282852485317093,0.0027519461923784473,0.009162734928590927,0.005238480146626379
2016-12-30,-0.03194651660555577,-0.0027553371032403547,-0.011596836857688819,-0.027316419772443624
2017-01-02,0.010610820616065398,0.03559807471797439,-0.05418963597158417,0.024434145713407664
2017-01-03,-0.018823958618460354,-0.008165635294838451,0.01052333278694012,-0.0108888340501463
2017-01-04,0.0013979944753373063,-0.0021384544537147855,-0.08168849201864137,-0.005516918457281378
2017-01-05,-0.011654140388205302,-0.013841408024921203,-0.021475537883412017,-0.005982183039652022
2017-01-06,0.013156263738575468,-0.0207759609945246,-0.07303141610719215,0.007445390401237737
2017-01-09,-0.004684374375628416,-0.0029389950392073173,-0.05791816667020083,0.0046415791530924014
2017-01-10,0.01206309441178201,0.029489798412896836,-0.008785382916337892,-0.008649030863175282
2017-01-11,-0.015690646628024423,-0.010220120180135472,-0.05622754488440736,-0.0255150745275474
2017-01-12,0.020858912100534262,0.03170963817764354,0.03785582883155181,0.022595184756356898
2017-01-13,0.012803944377825133,0.020407648502338716,0.004945394185095276,0.011007860484270928
2017-01-16,-0.03188315715786717,-0.028034836119333897,-0.05121499737035429,-0.026075254620200307
2017-01-17,0.006589314251073958,-0.0031025060102058888,0.04305598989700162,0.011561729358100363
2017-01-18,0.008676346925319415,0.025937325527101034,0.06655775240274821,0.014151055082631295
2017-01-19,0.013748624694075588,0.001261268486350025,0.05199203758012231,0.01836156407444645
2017-01-20,-0.0010630958959337749,-0.014657523919228024,0.0059113206464942595,0.006865595760913851
2017-01-23,0.013774955998519932,-0.003712834561937472,0.01500482332904824,0.023147211229266683
2017-01-24,0.0018500213133111386,0.0075988923156264125,0.05111104031598131,0.03239638963466475
2017-01-25,-0.023153010329100023,-0.0066175160561784,-0.0024002205686435617,-0.02188174972055356
2017-01-26,0.015345739237812617,0.010072193369082365,0.06930159489837695,0.028750231430390842
2017-01-27,0.017813106092862505,0.01749917383604912,-0.017477381064445886,-0.006386272765010701
2017-01-30,0.01891870535156524,-0.004670384965166742,0.05867970200198118,0.027559407332911897
2017-01-31,0.020700148942880695,0.012600846227167789,-0.06351148763812801,0.00239722794101616
2017-02-01,-0.002471634670313039,-0.007464844463875294,0.021191214784435204,0.009701305239831438
2017-02-02,-0.02369201870477455,-0.02295701129866107,-0.05995745134075642,-0.006607529039016443
2017-02-03,0.02605709708032356,0.003420373676770339,0.057898904396774975,0.011626851511054049
2017-02-06,0.002913497490405537,-0.0027777908202298216,0.09442770662152002,0.009397235461884404
2017-02-07,0.02517876893367111,0.01327527813358048,0.06804626524265422,0.026430655281185666
2017-02-08,-0.0004068967229661378,-0.0027788810091319395,-0.02938237325092968,0.0016828814335801043
2017-02-09,0.030214603081150183,-0.009406050012270219,0.10388971839797097,0.03135961667450222
2017-02-10,0.021046614354250558,0.00951907725823277,0.0270051112788831,0.0021001841267519004
2017-02-13,-0.010409867190018006,-0.010332290836067699,0.018327922969526192,-0.013001499452770248
2017-02-14,-0.009602866637989066,0.0006537812378216142,0.011301585761695598,-0.01698762044265226
2017-02-15,-0.024393599469037183,-0.0048670981646149305,0.03942873402212887,-0.009450266897451787
2017-02-16,0.00994783463482502,0.014602744859797708,-0.06632913639189802,0.0063283087375374655
2017-02-17,0.00045677279096302054,0.006645016009084426,-0.0252608975815405,-0.010123408314603502
2017-02-20,0.011556646913924471,0.002392361521909515,0.01786031025870763,0.02204549929906113
2017-02-21,0.020521247038411385,0.022052028124108863,-0.0453475764696475,0.025497004913132438
2017-02-22,0.023657590581247934,0.03907081482440899,0.07314508668175541,0.006735219268286377
2017-02-23,0.05906433778653544,0.05094493667712817,0.024091289218418986,0.035543226460768726
2017-02-24,-0.013528069012906131,-0.023214627726516397,0.002945377727331374,-0.0023944804278028826
2017-02-27,0.018877871217057918,0.04243195065787721,0.009630601791401936,0.016802286280793267
2017-02-28,-0.03942029121154716,-0.028526011991618423,-0.05394057102859382,-0.022110287654100145
2017-03-01,-0.02550848035975499,-0.03024089574445794,-0.002096600502884822,-0.011471000780195941
2017-03-02,0.02652455443752787,0.023244930562830866,0.032583376035420344,0.025581959413197693
2017-03-03,0.03169648632588063,0.05337303238304549,-0.01852170503339855,0.018165086779649856
2017-03-06,0.01776327754017768,0.0044151490218384,0.0315158869374309,0.01248828194849528
2017-03-07,0.004585897572838884,0.043550073041454224,-0.0018744016301663663,0.010337448537727579
2017-03-08,-0.02577805714261708,-0.018226250251009282,0.0023808182786472527,-0.012186442359753488
2017-03-09,-0.04178401611209566,0.0021098540448948747,-0.054853822819232526,-0.03989809017367796
2017-03-10,0.008405594570303366,0.023878203377480194,-0.03071940572357534,0.0057373935475626405
2017-03-13,0.02053764184992967,0.02529722569360207,0.019756111021129612,0.03987418277632502
2017-03-14,-0.006225092448340699,0.006072884013449933,-0.037170150798687254,-0.016943231394926768
2017-03-15,-0.04717093647619061,-0.023031774529077658,-0.028592396885220778,-0.03248648268376079
2017-03-16,0.024114873042800737,0.010801952010394711,0.06241217618840897,0.02876121511171122
2017-03-17,0.03592687519224165,0.031093498781171514,0.024678090402952442,0.0431667604897116
2017-03-20,0.008779338405001919,0.00810298064570841,0.009064446235661374,0.008462602803747372
2017-03-21,-0.00449749374744836,0.002057885731603705,-0.006087177453432763,0.01874207028345514
2017-03-22,0.01626757213602283,0.013354232002911916,-0.011649466728198866,0.031052995477054045
2017-03-23,-0.013597079364596802,-0.012098309985422993,-0.003986559325118138,-0.012059047567701951
2017-03-24,-0.003548375105347511,-0.01978946185628586,-0.021776555629928706,0.005747032426217141
2017-03-27,0.004575155813396845,-0.010520147487445519,0.023563774955221457,0.0013313862046539185
2017-03-28,0.01522302230453884,0.006004409009326271,0.004402012077889147,0.013202675979758294
2017-03-29,0.005847279501998635,0.00442577799887152,0.005827594758724904,0.01785125457768289
2017-03-30,0.04139485304300277,0.02289218855054609,-0.000400230124626852,0.04242088431775649
2017-03-31,-0.016869853291441656,-0.003187889330195526,-0.00855772468496989,-0.005931153952169918
2017-04-03,-0.012764934980825992,-0.00435029477999932,-0.016191623271780975,-0.010625515164531344
2017-04-04,0.010623809485715442,0.01188562920425332,-0.017144620324202095,0.006965712193781138
2017-04-05,-0.06516433308704662,-0.04627786332308778,-0.009401768726725473,-0.06632150219470467
2017-04-06,0.01630461419836633,0.0008366522374820447,-0.025603249962930872,0.012267350606249998
2017-04-07,-0.03335131983158459,-0.04273944061830292,-0.025461562149348024,-0.03587745771805059
2017-04-10,-0.0016835085875853504,-0.024071370027855657,0.007126675535594873,-0.017934987791704896
2017-04-11,0.004718916485439032,-0.002401981929022606,-0.009495109942597767,-0.005036719196173384
2017-04-12,0.02079811266410573,-0.012006383268051535,0.0181649908101574,0.03395452758397853
2017-04-13,-0.013025325522630844,-0.036348923034414136,-0.015017206520407797,-0.014435645183069315
2017-04-14,-0.002320419514933776,-0.008173292589896283,-0.020902569900050502,0.008573752188710013
2017-04-17,0.022263381353682263,0.023443527847332574,0.025028194570117908,0.030984348579226877
2017-04-18,-0.005470257320876185,-0.009499991247523069,0.02091509134642112,-0.012253675801241046
2017-04-19,-0.04107094415441724,-0.06327174358970167,0.006416914930549443,-0.0378656433901039
2017-04-20,-0.028199569735379817,-0.01942724669503086,-0.041233840868644484,-0.027674015534029674
2017-04-21,-0.021825389042892628,-0.04620021964188505,-0.016195192332415738,-0.017574913730826938
2017-04-24,-0.03799491297092206,-0.02994952008508991,0.020297590053840884,-0.01811765551715581
2017-04-25,-0.008514109731746145,0.021451263950849505,0.017867859569174617,-0.016005910753362926
2017-04-26,-0.034495055765662835,-0.004110618380083994,-0.02465942184251372,-0.04921224889958761
2017-04-27,0.006269264528078544,0.017894585633740002,0.009348296790888215,0.0031828965587265006
2017-04-28,0.006546196696798966,-0.009269074888321146,-0.011908333853663852,0.012371376372009543
2017-05-01,0.0170391246219302,-0.0019245653625248854,0.0363831733722668,0.023368980587836093
2017-05-02,0.015118390769042546,0.0027919186880087797,-0.011472106033273336,0.01776530151906591
2017-05-03,0.03634086504101507,0.025194173244674975,-0.02348156811921907,0.0359134466650395
2017-05-04,-0.014669544277098509,-0.01148372707487164,0.022298059536013656,-0.018558783259027843
2017-05-05,-0.012010744181453351,-0.000918824807864565,-0.0014819372016848676,-0.02237142796308743
2017-05-08,-0.041172830752228454,0.003587129004012591,-0.024467294883191288,-0.0427190897709087
2017-05-09,0.004142930661722408,0.014162846930309506,-0.013208398100863676,0.003187934848197396
2017-05-10,-0.002356429905082393,0.004222870907443757,0.01032318492861837,0.004619461111689263
2017-05-11,-0.0008268215620029037,-0.00280485793709783,0.017014389194140146,0.004984280324975121
2017-05-12,0.035540660172059806,0.008224597794797074,0.04926371248564148,0.02080736541007087
2017-05-15,-0.02631588893157463,-0.019139801929381667,0.01193561684018526,-0.030884793671833773
2017-05-16,0.03907259439411912,4.1695184687756916e-05,-0.027001513409672672,0.04688215675526422
2017-05-17,-0.07236612716285182,-0.03325719056356401,-0.008073490600144837,-0.07367961042275446
2017-05-18,0.032407760810016846,0.03528185836456083,-0.0082881215580723,0.017405792020878334
2017-05-19,0.030457083208432004,0.008548208865570553,-0.017094595751939973,0.044154339478677695
2017-05-22,0.021471843949280693,0.037112879494967194,0.02176176849911049,0.018977206270543313
2017-05-23,0.03395951927931461,0.03988667160744321,0.020912109365704597,0.053343030134772665
2017-05-24,0.026845139091080304,0.018510281379823607,-0.0003615360325483777,0.05305621765615104
2017-05-25,0.012286928095415064,-3.405110533125214e-05,0.018644001314317458,0.009466001701598921
2017-05-26,0.031551434479209876,0.017553633021795377,0.019855890579199256,0.03950631461613079
2017-05-29,0.010103317987913892,0.027496735142831283,-0.0074369115752978485,0.016146990599518296
2017-05-30,0.03851704897213892,0.012634936805476877,-0.008809301142753311,0.044593144483554295
2017-05-31,0.00578088373100909,-0.04454446399320749,-0.031928279119932956,-0.012673574566942502
2017-06-01,-0.0030044898571148313,0.004735931303621294,-0.02324664656806085,-0.021187569085229237
2017-06-02,-0.02257210319043507,-0.02960812365156708,-0.014271488371161208,-0.04129392736559551
2017-06-05,0.020362180124509473,0.037836087157729854,0.01848114867405097,-0.009666184015619524
2017-06-06,-0.0038670494527077784,0.023105717882201424,0.008254966517563933,0.013376423171436292
2017-06-07,0.02554627289860318,-0.0053716319281592595,0.038097564305591,0.03001328870392716
2017-06-08,-0.011601252750763097,-0.010394512510456809,-0.007665934959749774,-0.022657989966510625
2017-06-09,-0.00269022088108186,0.03071161071554833,-0.00013421513266527013,0.004347447089026404
2017-06-12,0.005105860988124536,-0.01291456864707305,0.009840037207405136,-0.006337567546006753
2017-06-13,-0.018371939328021916,-0.0025856090663844288,-0.02728651733752599,-0.03236471618750491
2017-06-14,-0.025215366153886243,-0.027698356596778325,0.02857081755068883,-0.028533282426380164
2017-06-15,-0.020134533400453805,-0.016755959066842362,-0.02350703241754796,-0.03443245623514214
2017-06-16,0.006371988541369265,-0.021765982434338693,-0.018578689674975894,0.010824753442453362
2017-06-19,0.019404520355333122,0.002805207300581213,-0.02947688104035295,0.022019670094096822
2017-06-20,0.014278603937392912,0.003424604838120578,0.007096202572796692,0.021044089358464795
2017-06-21,0.041817434866024156,0.02112993158387985,0.00047861054001830186,0.03197142607156244
2017-06-22,0.019785115653104573,0.00025979165116988623,-0.0413073758014863,0.006596065326558203
2017-06-23,0.01288032616683738,-0.021382906075000714,-0.020337976948492556,0.021283306377673727
2017-06-26,0.015048010696886015,0.013246890474303377,0.00792978719050262,0.02184758172345597
2017-06-27,0.02021979931638932,-0.008766371862046554,-0.015396328858685363,0.018364365137365397
2017-06-28,0.014581737929768386,-0.018898948419432883,0.014641535922771596,0.025353187070597003
2017-06-29,-0.012181682265889336,-0.04136247602609427,-0.006694923169747403,-0.00020600320908130277
2017-06-30,0.017754414988698335,0.04227778281399431,-0.0035871343499969148,0.015978549860344603
2017-07-03,0.012655930411206768,0.0027236682969587343,-0.017402129344974215,0.012198740136081875
2017-07-04,-0.030069375962118016,-0.02122654922543649,0.020689686683010904,-0.019573343736123322
2017-07-05,-0.0036165845605593237,-0.004035037360600826,-0.015785939615841543,-0.00010836026931002224
2017-07-06,-0.006897449827127811,0.005119179296603515,0.004353034283150711,0.00859742809103223
2017-07-07,-0.016049554238082585,-5.8171600166844285e-05,0.009856670741837778,-0.0004539219416026355
2017-07-10,-0.00246618255752819,-0.009316575243895169,0.010123229685902338,-0.02093865621318047
2017-07-11,0.0346485876676953,0.0137306533952209,0.013973486296537354,0.04564088040401249
2017-07-12,-0.002961739457216302,-0.006822634683208691,0.006422756130186265,-0.014114578825544493
2017-07-13,-0.002117786243088371,0.009504116541318258,0.028614723377628087,0.00890806483549624
2017-07-14,-0.01186623509065994,0.0021436986019861205,0.005043009371993153,0.019072448205849996
2017-07-17,-0.001981705263639974,-0.013142936937643322,-0.0020777864480540443,-0.005450494831856754
2017-07-18,-0.004270853796548878,0.015289197097877592,-0.016862157865885626,-0.003747564498037117
2017-07-19,-0.014511380257751016,0.015110090990284646,-0.025779084945186836,-0.01288153834227158
2017-07-20,-0.0026234690251741646,0.005627164683808854,-0.01346419761609498,0.0064625110113132826
2017-07-21,0.0041207106922313205,0.008374414628645613,-0.029716209464044983,0.010045502879108511
2017-07-24,0.025320386591197862,0.007477943696625794,0.016673028123716738,0.013772061801551055
2017-07-25,-0.007552253552642204,-0.014920940499963259,-0.012921182267733597,-0.014207406209025032
2017-07-26,-0.02090034182757693,-0.02003687107465881,-0.0008056089437214781,-0.015864409236073747
2017-07-27,0.022283364489258335,0.0020534510772209167,0.028741907637476197,0.022980716082461473
2017-07-28,0.013500817597253686,0.004707562001511688,-0.03038643267528294,0.015488901154463799
2017-07-31,0.00021892937980053117,-0.0014147651283969898,0.025023368699118635,0.0067119895782931155
2017-08-01,-0.020354718642914195,-0.03536502907589043,0.026912259082708043,-0.0063676380152988404
2017-08-02,-0.009310085693269085,0.014565045082159323,-0.017486235786592086,-0.02126182078674626
2017-08-03,0.013793466445673395,0.030710876986407776,-0.0045434609041695604,0.008566185595353772
2017-08-04,0.04064259888282245,0.032240276414736334,0.004423726234744003,0.03048646098305525
2017-08-07,-0.020325957431069505,-0.011472146062526204,-0.013347909011078954,-0.010656423417443363
2017-08-08,-0.007406191075758176,0.009502184710247425,0.004815342721795469,-0.006167642522684648
2017-08-09,0.015860353011330774,0.011677570031624661,-0.00456907566685433,0.012625915912971922
2017-08-10,-0.01524847700589401,0.005039533366555776,0.003985253966636822,-0.009419924823119973
2017-08-11,0.009559089035367395,-0.0019998979747376366,0.010222314588556972,0.011631490420520127
2017-08-14,-0.031239071621491345,-0.014205106321490654,-0.02506530667129095,-0.01775560395072993
2017-08-15,0.014713136402204799,-0.02027561288082697,0.01262829338679131,0.005200196168647342
2017-08-16,-0.010871830155582839,0.0058857713278083045,-0.0220465340189812,-0.01814677254118333
2017-08-17,-0.004992673447896534,-0.001581655590030833,-0.026650656649799518,0.01356369550707629
2017-08-18,-0.03327964624525225,-0.015311921337529307,0.008735250773325216,-0.03231860526453067
2017-08-21,0.0033729138000495006,0.013293311741746026,-0.003956110382484685,-0.0134195387120298
2017-08-22,-0.045345553213947135,-0.048195948703047636,0.023601460131786947,-0.0157318489656085
2017-08-23,-0.005622405008085421,-0.01644531955361147,-0.020654156249190533,-0.014342501004622995
2017-08-24,0.011184206153487909,0.01459635654494032,0.0140758653471716,0.0187440175027074
2017-08-25,0.0036089376994523498,0.024149430107323656,0.017889281769378682,0.0023233884825157587
2017-08-28,-0.02000349890017328,-4.064404513185949e-05,-0.019170204125037765,-0.025315434292529138
2017-08-29,0.026764479763933147,0.011420430697967441,-0.0038452165982906057,0.01019509890850053
2017-08-30,0.035980392458596265,0.014889485906420282,0.00896534678999516,0.037088962133059
2017-08-31,0.02340062589787514,0.01153745980871958,-0.0198046355746215,0.004420529157760194
2017-09-01,-0.02674496129938327,-0.007090144593093594,0.017821632368291717,-0.033078121832352765
2017-09-04,0.03298227507961703,0.029402728600164952,0.0012597146039206757,0.026948668180475872
2017-09-05,0.05302890250252541,0.02130392927938246,-0.03257137508642628,0.03939848660838729
2017-09-06,-0.005729572939008333,-0.017936236281466626,-0.04091080728813088,-0.006713551038875725
2017-09-07,-0.034316361396794955,-0.02139048758806818,-0.0020850046493785398,-0.026399253075912513
2017-09-08,-0.013011822506481793,-0.011900839745364919,-0.023619389040419023,-0.010202946623157341
2017-09-11,0.0170807921226958,-0.013307257912111604,-0.0046164693277051935,0.01977446839033703
2017-09-12,0.0018235342977198656,0.03168124542953357,0.00452512826637551,0.000166704974874822
2017-09-13,0.010816302505912647,-0.0019647372707452984,-0.0030734255998373845,0.004773165852069524
2017-09-14,-0.026558640631490157,-0.008530301646779856,-0.010572455845282762,-0.0357436938729826
2017-09-15,0.02626770540338023,0.023981022205442026,0.022635469165684173,0.03589286867234501
2017-09-18,0.01009055679900058,0.02127254663178125,0.015823101471495724,0.0018275574791286788
2017-09-19,-0.02641351938688766,-0.04540927473049637,-0.0119486747742135,-0.028906075523564518
2017-09-20,0.03158533591282077,0.036397941268031496,0.02112252007494441,0.03169698701282076
2017-09-21,-0.04246019502686933,-0.035351346935956846,-0.01984991302930239,-0.03729174753789841
2017-09-22,-0.014729569328960034,0.025235392804741994,0.03132229779252844,-0.005234358989010055
2017-09-25,0.03818206235578913,0.030988517464068506,0.0438301852292676,0.04462340692398873
2017-09-26,-0.002157340927613413,0.014721430417694114,-0.022524602032247376,0.008836408989059357
2017-09-27,0.03350581957611732,0.027055130582946906,0.001083157263115786,0.008083077983880999
2017-09-28,-0.05334592925424963,-0.033344023505914124,-0.03765149676313265,-0.036212809831647264
2017-09-29,0.0045644204642851455,-0.002140324701728802,0.054947253635778466,0.01408291473771502
2017-10-02,0.027247437524491405,-0.03644986979668743,-0.04949751829455528,0.0035216583781624263
2017-10-03,-0.03888733593733828,-0.0545343403770914,-0.05644449119676985,-0.03357575560623629
2017-10-04,0.008700605844832532,0.011525336013537857,0.03970636230526933,0.010550674578927718
2017-10-05,-0.0029045196216959676,-0.03111587766424431,-0.02401916745319444,0.002146705951588502
2017-10-06,0.007850160959239424,-0.010751401474487108,-0.004392985536484821,-0.002840630231776736
2017-10-09,0.03322534900583345,0.05217304338399264,-0.02982262240622333,0.027692079260364447
2017-10-10,0.030598441049109432,0.02909296189396956,0.006834167607867627,0.015064092791468238
2017-10-11,0.01308974283274012,-0.020878825834359155,0.009815042224582723,0.0026228298725025625
2017-10-12,-0.011429309660592576,-0.009878713959256623,-0.008026993921370951,-0.010513329633349252
2017-10-13,0.022434030804999477,-0.009647886964306789,-0.015716705502564494,0.017707468021242883
2017-10-16,-0.009673929405480775,-0.015257925570219889,0.0082158163956906,-0.011176844122106016
2017-10-17,-0.005145507080480271,0.011729816625253792,-0.010220843518787194,-0.013361961543616793
2017-10-18,-0.0625031293957586,-0.037345427263079906,-0.02944499301936214,-0.05627897049724151
2017-10-19,-0.02313131905960178,-0.000905678317071968,0.010406391992900004,-0.00523200154162889
2017-10-20,-0.0010491711833570476,0.021224332688198178,0.030449129327528884,-0.009154890546940048
2017-10-23,0.04597631878077162,0.06381462513441302,0.008531761875084134,0.037739885813836395
2017-10-24,0.026150849177482165,-0.00829293801595883,0.02884232178314497,0.0038255947792029195
2017-10-25,-0.02371102442689885,-0.017010182804673063,-0.018716141239314803,-0.01895020994011915
2017-10-26,-0.0014301892806492303,-0.007382225847986978,0.003220178599660725,0.005078590381964698
2017-10-27,0.0032949430069740956,0.0010430736935289305,0.0020740291998453285,0.006324352838637572
2017-10-30,0.0008893116002651729,0.0011735948938769631,-0.020343646297148195,-0.008059273608648122
2017-10-31,-0.022514482913101715,0.006915655279163606,0.027394559376805214,-0.0075673544054902725
2017-11-01,-0.011575558237572779,-0.012841381608558062,0.005124671310937683,-0.009925380938330343
2017-11-02,0.022993344175859173,-0.004964113715024285,0.021675733299269036,0.02002084187156064
2017-11-03,-0.0003862705551176839,0.0045052811443640865,-0.022082134821200666,-0.008931646979364749
2017-11-06,-0.04124590787288712,-0.0030667353087760344,-0.03209233405532583,-0.022609784150013326
2017-11-07,-0.018805177574725107,0.0018165533983063133,0.023642995037559927,-0.021183214721038773
2017-11-08,-8.50398130798468e-05,0.02066325103070105,-0.016175281028958165,0.008674992511744285
2017-11-09,-0.052505809113756394,-0.0012440695453469852,0.009101101662393416,-0.051762484240879654
2017-11-10,-0.021106292409694187,0.002645661361281477,-0.03197220328722677,-0.0012624774599669351
2017-11-13,0.036039297017249464,-0.008841319878663382,0.021574146320812282,0.02732968651139223
2017-11-14,0.007728399263920486,-0.00016706140596218727,-0.01531423158505049,0.009297539038958528
2017-11-15,0.007255245681955144,0.017020908367484277,-0.006004693652701603,0.00246660767512667
2017-11-16,-0.02157921174113344,0.020465229663956166,0.01279323622873645,-0.01065046415623383
2017-11-17,-0.007090221059086751,0.0017767327749096862,-0.023966690709232664,0.0006939217867923351
2017-11-20,-0.0250581255479916,-0.004730877200722817,-0.02190346368684024,-0.022781469046860923
2017-11-21,0.01352840486119724,0.0015658052665542368,-0.01697498319687019,0.013500087690843075
2017-11-22,0.039964621874324854,0.008013302130004446,0.009116947832204571,0.03792339255962607
2017-11-23,-0.0033410070935666406,-0.02078071522571834,0.005898816248027525,-0.0034287893643241015
2017-11-24,-0.01046674381940467,-0.016563840793120625,-0.013960962735922965,-5.9370435937074636e-05
2017-11-27,-0.006734279341721664,0.0038419788748913467,-0.04450990252978915,-0.01128271497289227
2017-11-28,-0.02028915947687046,-0.04229208396449111,-0.02511303025168675,-0.013128750409627094
2017-11-29,0.03371540917464754,0.03524861646407306,0.016859324676796676,0.02944235126315603
2017-11-30,0.028025948530816153,-0.006717060791388113,-0.031490152659295084,0.011955860843416238
2017-12-01,0.02893611806047584,0.013914967169979834,-0.028687862909833887,0.018949509262045677
2017-12-04,-0.020082074789730092,-0.023774595218169648,0.010024194814142932,0.002344594024824554
2017-12-05,0.006488234303506425,0.00239035336060952,-0.0127547726889475,-0.011730020761680433
2017-12-06,0.031862721346387485,0.010989438969904917,-0.003759290232058891,0.031582197536086654
2017-12-07,0.049444456363590135,0.023764513595987077,0.0020964764692114153,0.037906102624109754
2017-12-08,-0.015359962193310508,-0.007285789777400339,-0.028531239533439005,-0.03432190468783788
2017-12-11,-0.007152066728156151,-0.040321841581121835,-0.022999923134093016,-0.03649599388410497
2017-12-12,-0.04148462087322014,-0.008667263307919018,0.0029438408493404154,-0.011991621778219119
2017-12-13,-0.031287452739890094,0.00608062095286126,-0.007719170149310636,-0.008749293902933634
2017-12-14,-0.03138242403963403,-0.013000691544091374,-0.0037128014772254622,-0.02272979694514091
2017-12-15,-0.0587371639480855,-0.029222774392363867,0.012852221965268053,-0.057986004592538186
2017-12-18,0.04661669544804374,0.00524301184170765,0.0020377718099158604,0.006395194366911951
2017-12-19,-0.015255474225719368,-0.015359352958769008,0.009176307447224842,-0.011335832889573846
2017-12-20,-0.010685627163790372,0.008477044185572295,-0.028072508179163947,-0.020790314871882265
2017-12-21,-0.014838565933655472,0.0022274681846552883,0.03200061027210578,0.0027196917856222697
2017-12-22,-0.024453562500790164,-0.01429259689804766,-0.047362811438893274,-0.02272183786985779
2017-12-25,-0.03468133598242679,-0.012648019458558563,0.012256372460848089,-0.0038337001935375586
2017-12-26,0.003305777850847061,0.015292767112770356,-0.015140304283535069,-0.013217233603275444
2017-12-27,0.0031857080861674696,-0.022870265638965746,0.005680617579746867,0.007413198502027206
2017-12-28,0.01965487468986135,0.01938438391935589,-0.000989290944338658,0.020117063935345153
2017-12-29,0.002528419973106811,0.012480151552957777,0.018212433156409656,-0.000808712875715894
2018-01-01,-0.01589949886918312,-0.010323073672204598,-0.022994604469637345,-0.02051892436560242
2018-01-02,-0.007790544529869509,0.0026584227771827597,-0.014317300221031838,-0.02465811008426437
2018-01-03,-0.03866079028158457,-0.009206491325065253,-0.007346103856847034,-0.037405085581731785
2018-01-04,-0.02104519713263953,0.0018928575909761295,-0.02761606633337667,-0.025137818884664428
2018-01-05,-0.04574768530994179,-0.021949736645227418,0.014172038613850626,-0.029499633342401712
2018-01-08,-0.04733686411078118,-0.003325888984557343,-0.018836418107219654,-0.027361477925870955
2018-01-09,0.0440130054370267,-0.010699906099038958,0.018052053563299753,0.026859774836988877
2018-01-10,0.032871371502783006,-0.010854412010153745,-0.008479186939896266,0.007777926468264928
2018-01-11,0.02434495419293353,0.009662389061887166,0.025653995440008626,0.03208993281719948
2018-01-12,-0.0020971140937126004,0.007884710681203366,0.000665281610568764,0.0006457906170509877
2018-01-15,0.033204096035355866,0.0020978878572055232,-0.005644125556024603,0.04626994586715263
2018-01-16,-0.027733387735884588,-0.02340709275765048,-0.027035610955467197,-0.011448138524630192
2018-01-17,0.04906392263224108,0.009336132938536823,0.04826379781453911,0.05812745746924666
2018-01-18,0.0010253561946792892,0.0069959329753790005,0.035388877410664064,0.00905221564210204
2018-01-19,-0.018550711645475476,-0.004258297872820544,-0.02821605714696791,-0.008628931228098444
2018-01-22,-0.02651575975792498,-0.0073907039179535354,-0.010346639478464327,-0.05194571798962883
2018-01-23,0.042605884858688214,0.021592038246514685,-0.018469367317529822,0.01800017898417449
2018-01-24,-0.007718821901470681,-0.003818057355821975,0.008611305567541309,-0.01890305487096341
2018-01-25,0.012379849897352194,0.029987250336184233,-0.028716795325080462,-0.008116635542309899
2018-01-26,-0.0030958763590396856,-0.007204612332414544,0.0024270900813868988,-0.019966175346779712
2018-01-29,0.0076033735412198876,-0.025398000846958386,0.023353837223868135,-0.015023215747942444
2018-01-30,-0.0069242815795297966,-0.03650923727518571,-0.010903120744853086,0.010387620494394503
2018-01-31,0.006762814880512119,-0.017722937769670655,-0.021155897474517404,0.008990650803679804
2018-02-01,-0.007756190511488107,-0.02951162607488122,0.0035884355186971344,-0.019351855925020534
2018-02-02,0.0232092327788101,0.033132538447467594,0.0007007991480707824,0.013555343629389227
2018-02-05,0.031310686908814854,0.01841597595490833,0.01745473425917706,0.02933159023880403
2018-02-06,-0.01183361367483992,0.018781612963855547,0.009247553911859045,-0.01480576611538571
2018-02-07,-0.00240243234474898,0.02780521938405702,-0.03319762118953949,-0.035618584788162835
2018-02-08,-0.008345987841226695,0.00669870854266832,0.02396208849198261,-0.010673159607296931
2018-02-09,-0.014488454039334525,-0.0013115318314855077,-0.011663901811276309,-0.005441861263764492
2018-02-12,0.005341202775491883,-0.015960481911118523,0.01514764143325356,0.025714917793115747
2018-02-13,0.0044079046315508505,0.008772169719328147,-0.009404479646552952,0.004569008163431416
2018-02-14,0.02594178721196437,0.01524941156230819,0.01447787652979558,0.05019602210239474
2018-02-15,0.006519665830205636,-0.0229682793582497,-0.019913074667945983,-0.01322883714732796
2018-02-16,0.010742610980771191,0.04619810339609101,-0.0491206463363398,0.011652807103611775
2018-02-19,0.0013869716378143695,0.0003112732942965284,-0.009637428057917459,0.004204205402925536
2018-02-20,-0.011397771942552553,0.0371788630678218,-0.02004843440267763,-0.0026161190165800464
2018-02-21,-0.06083116446524121,-0.03174584334628653,-0.037066394035099405,-0.04879228610451351
2018-02-22,-0.003076201396427428,-0.01983539198632529,0.056893279917150597,-0.01161574081619425
2018-02-23,-0.012554333090862183,-0.013540361227944967,0.031045155014484908,0.007157228670957826
2018-02-26,0.031050784678408678,0.0036697153402362953,0.04319881226550853,0.02591528042163732
2018-02-27,0.023256662221604413,-0.0042577883417933395,0.04571059967790798,0.007039321154938697
2018-02-28,0.0009970314250388208,0.010537241128947494,0.0263641816864086,-0.006908990119152974
2018-03-01,0.007680725856873232,0.00581738737649276,0.06404416261547456,0.008376922575274528
2018-03-02,0.03530601538326757,0.002603817770232214,-0.056304195313816495,0.03140589148025541
2018-03-05,-0.010213160349315846,0.01716532763984139,-0.010562081119450723,-0.023846755999044032
2018-03-06,0.024638432623610013,0.007022833384413084,0.0697012667215112,0.021751934037241783
2018-03-07,-0.023920131677493087,-0.014024182312513421,-0.003152841358083647,-0.017772450670212932
2018-03-08,0.020512802031979575,0.007677387644093993,0.023394338539675423,0.006750468854261228
2018-03-09,0.04375819223144472,-0.013331016235573203,0.0005173575208842375,0.03698349452048929
2018-03-12,0.005306625787464679,-0.02198922807529227,-0.01650023524063487,0.016306408032995906
2018-03-13,0.029824793618760097,-0.020690725287271967,0.026797009920929832,0.035119039388419544
2018-03-14,0.06580885089143594,0.053055782383778574,0.041398584021630616,0.051337993680651284
2018-03-15,0.0008258966342920796,-0.00892778710869089,0.008349156950917789,0.007751971083049169
2018-03-16,0.01552464523282253,-0.011997667882936389,0.0070065075381414285,0.007424481620616509
2018-03-19,-0.00580522260094936,-0.01254709297230316,-0.027834298620884407,-0.000696690709343373
2018-03-20,-0.017790183809847548,-0.01414509865632099,-0.021603148303701063,-0.009480200357537681
2018-03-21,0.003913942431449871,-0.009845515968868342,-0.0016812154892853228,0.007195733041177797
2018-03-22,-0.026775304478397922,-0.018670291006959987,-0.029041110548988454,-0.03005466769465318
2018-03-23,-0.003080929381582889,0.02231395354606642,-0.04266218680111599,-0.010478169070909735
2018-03-26,0.032903954306921675,0.00990895438600085,0.013677904412774573,0.03135116651308748
2018-03-27,0.01690586728333345,0.0022957575398773813,-0.007110196661121825,0.014799324206595545
2018-03-28,0.020174066384235734,0.022574814183239974,-0.059182797698703576,0.016952908465111258
2018-03-29,-0.0007325739003724445,-0.012737386442834652,-0.011717234857916493,-0.001608543855344269
2018-03-30,-0.017737270306485694,-0.005905752279774866,-0.0095458802310519,-0.00861147171470126
2018-04-02,-0.01349894695684799,-0.007784426618176146,-0.021940983808119263,-0.016130391023473117
2018-04-03,-0.006939363650976563,-0.03898296566265587,0.015018036431238481,0.0020374666362589157
2018-04-04,-0.010206718394846144,0.02618883217514704,-0.017579761517326615,-0.030848831192463268
2018-04-05,-0.015156539974315925,0.017425904618189225,-0.019674712301042868,-0.03472566741812344
2018-04-06,0.018693384809769387,-0.012329867369027303,0.028215037062469764,0.022730853547051778
2018-04-09,-0.005971052642857571,0.03718943932186773,-0.00051046843536616,0.005329681910423505
2018-04-10,-0.0025533366187654545,-0.026981454642661357,0.02740318073760651,-0.007988209796932873
2018-04-11,0.0391619499546132,-0.012886086972112272,-0.029582538147777105,0.035263166976988655
2018-04-12,-0.007328766936191913,-0.01737153831958211,-0.00790517986833469,-0.013829658228820362
2018-04-13,0.0038040983888061645,-0.017429734845953063,0.00048622080611335954,0.007021395016330668
2018-04-16,-0.009274866182825414,-0.00970234206045341,-0.011879170755512472,-0.006932057237790151
2018-04-17,0.017102069246078065,-0.02166486244740195,0.03270999713215999,0.01691606923045321
2018-04-18,0.004145672619386739,0.007493590837841582,-0.006407735358177729,0.00036008490982483623
2018-04-19,-0.004699495392728293,0.003382937410123626,0.02944956749823458,-0.011751098038232525
2018-04-20,-0.016231099441776125,-0.020017329232325277,-0.011276834279080501,-0.02284526894008358
2018-04-23,0.016589289889713733,0.005743274453119417,-0.015798215886731068,0.006630490443960757
2018-04-24,-0.02155672927228747,-0.011506144327311334,-0.03986610294889894,-0.03560104320270055
2018-04-25,-0.002447600335465974,-0.040806148542303675,0.013165824921620405,0.009421436049801866
2018-04-26,-0.005994876562288385,0.011487296039577521,0.01115030127860874,-0.01492665602407971
2018-04-27,0.02486514447772158,0.02167016899441082,0.047244887548170446,0.021012763876077298
2018-04-30,-0.02690562484206742,0.035972337441568726,0.006903861625984913,-0.03474441110293655
2018-05-01,-0.014157984999771129,-0.013506796833540207,-0.006547468432423285,-0.020563634063844462
2018-05-02,-0.025506833029141588,0.013385642337487662,-0.020826015623676745,-0.025413683790705528
2018-05-03,0.015764225825420343,0.007941597517740808,-0.027849207550020336,0.018840790703645215
2018-05-04,-0.008886994280934358,-0.03334686446775992,-0.01843521953830444,0.0010362406505119248
2018-05-07,-0.011585722607741657,-0.02020485175110862,0.03746694975820778,0.005957574718294327
2018-05-08,0.0009465162673957783,-0.0002129767180225323,0.02491397586207552,-0.00410684188789993
2018-05-09,0.016063886477390484,-0.003776663426250855,0.04558975969108264,0.028227030365208548
2018-05-10,0.03390336540641473,-0.003232367822079912,0.015228320920493072,0.051592311938682224
2018-05-11,-0.008682954897879742,0.01022465698119623,0.05922273775017502,-0.0319648225111847
2018-05-14,-0.00987399415664267,0.020226092657880935,0.029071939656788212,-0.0277019952084668
2018-05-15,-0.0337204018589935,-0.013604277855328395,0.04853456507809455,-0.02978288564411395
2018-05-16,-0.0033505261382045454,0.0262459142599061,0.033122460184453154,-0.0025012569741762526
2018-05-17,-0.005471198923568971,0.007809464100412545,-0.01628905295850316,-0.02382609946983994
2018-05-18,0.0016685709327766089,-0.018227349204011204,-0.045006493612570864,-0.010201318957128915
2018-05-21,0.003375525263803697,0.008668237151814934,-0.03549388675766824,0.011492209249497938
2018-05-22,-0.011257182016079397,-0.030529314264811237,-0.0298252367672833,0.0008798759777807337
2018-05-23,-0.024291154699169266,-0.02038693957888037,-0.043984502580160185,-0.024716671555361093
2018-05-24,-0.01745935753337151,0.030469849445591213,-0.06421591037324248,-0.0065690489459437245
2018-05-25,-0.0029945599343936704,-0.006335722619987302,-0.029916834290097685,-0.0112163543968205
2018-05-28,0.00415381958522789,-0.024451848915780058,0.019369227337713395,0.0128285674087726
2018-05-29,0.01646699502019917,-0.000398671999546873,-0.017565530094135567,0.0011909664613472697
2018-05-30,0.012513176864138628,0.014470789191669381,0.028560098399605376,0.006122378843954139
2018-05-31,-0.027349015509512076,0.003480388828354638,-0.07170867268902434,-0.04020459499047454
2018-06-01,-0.02711712642550484,-0.022974280971640348,0.01954961232950642,-0.020514201164816896
2018-06-04,-0.0008318624369007791,-0.013377684026518491,-0.06606992386472567,-0.0066342384228588805
2018-06-05,-0.03302617846661708,-0.00042830114074349945,-0.007075198008039818,-0.029052573464159456
2018-06-06,-0.017223341018179326,-0.0008828441793150985,-0.019728017341863874,-0.025279880786568003
2018-06-07,0.005769879517903151,-0.008693147442481064,-0.06675901794859954,0.0021916826888944076
2018-06-08,-9.859898983677177e-05,-0.014987653570455227,-0.06466606730083722,-0.02190409279605818
2018-06-11,0.011391555522812144,-0.00498371677930827,-0.04567703827727795,0.010846489429156999
2018-06-12,0.007794043904054132,-0.0009198391432081316,-0.0576352202050326,0.01826657956788633
2018-06-13,0.011214146742515061,0.010997541692042277,0.025581460555116845,-0.009314130819722828
2018-06-14,-0.02560603183475093,0.015399139011124345,-0.01364399524022952,-0.02823951755311129
2018-06-15,0.003127073989329412,0.014805507251421575,-0.015421498379910957,-0.003527653997976372
2018-06-18,0.0035729827557012843,0.001365387167333369,-0.05136448666619078,-0.0056733660270004375
2018-06-19,0.018946677382620822,0.0015192177937347073,0.06659953063385256,0.033318171854275866
2018-06-20,0.013103835832322325,-0.0066794967171166725,-0.0028638015636832928,0.03174730659944004
2018-06-21,-0.0024846479108914343,0.008225170604331955,0.05701411431017723,0.0036389227957637654
2018-06-22,-0.0163138590316711,-0.02656287619889771,-0.00974436733951423,-0.015149192914481722
2018-06-25,-0.01899739183387414,-0.018412610104549445,-0.010362708537803465,-0.019932864567783922
2018-06-26,0.024871002628985686,0.018693464184708946,-0.006673003327587272,0.027293024658195213
2018-06-27,0.012981381880554631,0.022312432831748382,0.0010049994898204265,0.00702377284589128
2018-06-28,-0.0015469139755321243,0.01007188836670302,-0.004548342166270976,-0.019395814787820136
2018-06-29,-0.007115600965666732,0.01283891056612092,0.009015429497027487,0.006673755745792004
2018-07-02,-0.01779127825335829,-0.03294129043414502,-0.026224098774006662,-0.021263149878664483
2018-07-03,0.008962204658205375,-0.029074150944857373,-0.036197892510938634,0.0006720916304514664
2018-07-04,-0.032583500757476604,-0.02991774902443147,0.001461598259210777,-0.017866142106685638
2018-07-05,-0.005074853356075488,-0.005417639878106439,0.020692962211717725,-0.008009437155664989
2018-07-06,0.012444890167742242,0.003371936418039907,0.014807043270375115,0.010060678031413587
2018-07-09,0.02395403258260502,-0.0017352016695459558,0.00739521964578607,0.01630959498034638
2018-07-10,-0.0327948391126957,-0.023935946831719616,0.005913879566454109,-0.012783012887133903
2018-07-11,-0.013676499661088087,-0.00922315168105189,0.01242071418486842,-0.0010663376429449908
2018-07-12,-0.012818620919653951,-0.009578211864332782,0.006831139137115687,-0.003905125070582146
2018-07-13,0.03355413304400254,0.028527523278251397,-0.007201709143372762,0.021556900153861042
2018-07-16,0.025113403975760226,0.009998900765587307,-0.01210191733524903,0.017483044737117225
2018-07-17,-0.012861912086917063,-0.013351810163781808,0.0366558885448505,-0.009760489655172325
2018-07-18,0.00998422225851944,-0.00017544314682224675,0.058603048542479094,0.0030297651054904647
2018-07-19,0.0230193928247187,0.009004333988240939,-0.015501363374875995,0.01778045776666677
2018-07-20,0.014521753183504191,0.007431335590604599,0.005460535244418654,0.02588712541192275
2018-07-23,-0.032150305239066417,-0.008425862939300553,-0.0365745999102336,-0.04367154739390544
2018-07-24,-0.013121532020556999,0.0034243328680341424,0.027461187300943206,-0.009804915769202541
2018-07-25,0.020920433214627932,-0.005315879647600566,0.011674582807047657,0.006164781931826856
2018-07-26,-0.030840331201326995,-0.012080983821511668,-0.026644935367516092,-0.03968455543273045
2018-07-27,-0.0004934826198842925,-0.007506287833272844,-0.01209181300087929,-0.0028462153601185656
2018-07-30,0.009274410573818604,0.0037183487521180187,0.011452019264396601,0.003936065342942614
2018-07-31,-0.02081018063336101,0.006195045884866696,0.011999143908703346,-0.033212191108297755
2018-08-01,-0.023726775765453404,0.000972305368504653,0.01583014895739573,-0.031031130336480455
2018-08-02,0.002729455146577856,0.019846858085226373,0.05221484335041075,0.006545211390954686
2018-08-03,-0.01794872870294956,-0.01892616171166393,0.014659981506671227,-0.02616665272531089
2018-08-06,-0.033171542496049984,-0.017802149596941624,-0.014806442470787598,-0.03532632916099733
2018-08-07,-0.02896246399577906,-0.04381558493915282,0.0005596420392515398,-0.03180477071660388
2018-08-08,-0.012839692450922719,-0.008891299896821463,0.00046769725551179623,0.0058799949778766455
2018-08-09,-0.006912000025662426,-0.013131987356995242,-0.01436972633763055,-0.012842243658910098
2018-08-10,0.03000565629654115,0.027571034691427784,0.032516904724377654,0.04692411940665794
2018-08-13,-0.028224504310841562,-0.01274709852495764,-0.04597744223929714,-0.05050329826126651
2018-08-14,0.030837092552345246,0.01950817689480919,-0.006550504887982563,0.024299060123722606
2018-08-15,-0.03892358112710318,-0.04292993795864995,-0.032193465640786394,-0.018868147064024655
2018-08-16,-0.006189647441536596,-0.012400722672019039,-0.008555464151164588,-0.007124033038771728
2018-08-17,0.014526665495516261,-0.010707493141993422,0.004720356390735794,0.014418463492156535
2018-08-20,0.015301211533518383,-0.001093903189922312,0.04412914781771888,0.03268234278109655
2018-08-21,0.013076377343729613,-0.015238052166041434,-0.029850082346631807,0.022270939988209608
2018-08-22,-0.017495168530375246,-0.0014291041312833642,-0.0029245681446492364,-0.028521348235396912
2018-08-23,-0.009829373820912621,-0.019106607444783076,-0.04680929357518147,-0.019517682325792957
2018-08-24,0.019951844277628028,0.019039362490631557,0.03833144744733745,0.006049972426252807
2018-08-27,-0.016934745582213792,-0.03471606849841464,-0.04534136224903821,-0.010646504571517756
2018-08-28,-0.008657804693906136,-0.004595402183757592,-0.018227865749431072,-0.016916955046453512
2018-08-29,0.00344939107526622,-0.008762831909292343,-0.016894125525719925,0.00391198885886962
2018-08-30,0.041415220461111645,0.023027202420153874,0.041789950916025755,0.04460346640111172
2018-08-31,-0.04874969182342015,-0.033011391644293994,0.009777949215895023,-0.04414444489296583
2018-09-03,0.0032061392889057416,0.012867608672401921,-0.013233763114787824,-0.011015589337506923
2018-09-04,0.008322639007879301,0.0030064995433990633,-0.0027194940927521252,0.015147224582191168
2018-09-05,-0.0061458296689040695,0.01029086494450449,0.03628673253006206,-0.012714661174379114
2018-09-06,-0.010965908983068116,0.0014862864613914835,-0.015741987497916096,0.0041706965247056416
2018-09-07,-0.0006089433444138039,-0.016615250540006184,0.028678867101128457,-0.0025069880093708963
2018-09-10,0.008265188957874306,-0.013682638926604502,-0.06264301971787295,-0.004838632122324987
2018-09-11,-0.03509100846754981,-0.020424391626435164,0.03197004847016833,-0.007909041956854285
2018-09-12,-0.016353035400185643,0.00829324813356478,-0.07361743332164589,-0.0381119575194382
2018-09-13,0.007069422488411239,0.004085634568293086,0.03652391473748378,0.013366832663674609
2018-09-14,-0.003247981138719526,-0.0045334657301122575,-0.009876488438306437,-0.01536169860503991
2018-09-17,0.026721983938135817,0.009406443567475978,0.031701026841332705,0.036055099872729326
2018-09-18,0.011561080346450292,-0.01993073283778594,-0.03626117868094566,0.022955548731664038
2018-09-19,0.02141155342360944,-0.016405492433811352,0.0393278391469214,0.03105845047285855
2018-09-20,-0.009307445151115926,-0.011653285580652371,0.008299259422628075,-0.0069796792837970726
2018-09-21,0.00506558317549977,-0.010041785417815438,-0.060277102530036215,0.0011471335006020401
2018-09-24,0.013406554671274882,0.022129875534330566,0.007648821203304708,0.01682077508514066
2018-09-25,-0.01248616422552763,-0.006815358961933496,-0.03655248126852852,0.004141076854688562
2018-09-26,0.011665834837034712,-0.016140092381519703,0.014578203852077039,-0.0025852289508019443
2018-09-27,-0.000964521382446792,-0.007208359848509604,3.338764104193788e-05,-0.005743678750240733
2018-09-28,-0.008347033984244327,-0.007138974289207969,-0.021344741270879132,-0.017541197590238707
2018-10-01,0.019523619203381262,0.028575739633667867,-0.0034288517574152266,0.011557074441904973
2018-10-02,-0.015990636238712615,-0.0137437202440897,-0.0005983413312020667,-0.008086750862646727
2018-10-03,0.02631393809723607,0.0187883475416349,0.05013235374127167,0.02674759661197232
2018-10-04,-0.0016295772185737597,0.0049488890354462195,0.021626201787002537,-0.0017115543909966594
2018-10-05,-0.0039768724241227,-0.007124819099443768,-0.006688352386190199,0.005627432516417783
2018-10-08,0.002699874112103791,0.0016435370689287312,0.017632901242222047,0.00407173541713783
2018-10-09,-0.0076087797732191246,-0.010410377913076483,-0.003803723517928411,-0.011414789577902247
2018-10-10,-0.012449155089154963,-0.006559851734605758,0.017282161159061483,-0.017094340662489868
2018-10-11,-0.010300473588787067,0.007332244854957835,-0.031170601385347566,-0.006636565122064819
2018-10-12,0.012044954648085292,0.021510893151483274,-0.007091060547644466,-0.0031149127052405305
2018-10-15,0.014200978073063275,0.017287071288800148,-0.009089970209686956,0.013711473386627168
2018-10-16,-0.016167947324213748,-0.022335471774458316,0.04489075447144029,-0.011119371466125398
2018-10-17,0.011223606145671427,0.018010546620330563,0.010296203829525893,-0.0028520286023027298
2018-10-18,0.00033547043368256055,-0.009164034184293368,-0.0017563512401557496,-0.0006507875962680514
2018-10-19,-0.013805751786134288,0.008671811272298722,0.0033489453041949378,-0.0006398568209074262
2018-10-22,0.001889133285930131,0.00784801489415492,0.005578636409167448,0.005877799009417715
2018-10-23,-0.014581472566194704,-0.0012056130797702593,0.02714918580398266,-0.021180558386406523
2018-10-24,0.022165831254981287,-0.000647028202775846,0.01035394002771765,0.02273484680834225
2018-10-25,-0.01058207128997899,-0.01903473641879095,-0.01386356666606074,0.0010921877804257706
2018-10-26,0.004295471623313171,0.005356737515146054,0.004837290630652166,-0.017437616196333255
2018-10-29,0.014354582177836634,0.003613629176841365,0.04115580464252465,0.025972228011276
2018-10-30,-0.04034318470934066,-0.006978570270621447,0.014795064598769248,-0.038766842141499516
2018-10-31,0.016489761218630303,-0.008060374426750774,0.017684430068641014,0.008705606622502039
2018-11-01,0.030491195934603088,0.0238810873961456,-0.018850902034412014,0.02273112355764896
2018-11-02,0.005799643122921059,-0.0003090046483599885,-0.025585765196091202,0.00914374735647141
2018-11-05,0.010443117900581578,-0.012594674419852733,0.0037996840258008873,0.014964046440457927
2018-11-06,0.02590869758830439,-0.0075100366118664354,-0.0044185903298120275,0.015053276691855936
2018-11-07,-0.005809220873165671,0.016081438643097405,-0.018680942237659492,0.007273164670653351
2018-11-08,-0.0016537128771554918,-0.023995786074227757,-0.0060301231434235665,-0.013454310027591086
2018-11-09,-0.005633337220912262,-0.00012027101425244,0.006912961251445734,-0.013014474670430614
2018-11-12,-0.0010722143877847352,-0.009437296629717136,-0.03058102275232871,-0.018251255545692964
2018-11-13,0.005404031064235561,0.02068131066646917,-0.012147128777269539,-0.0004957787538524899
2018-11-14,-0.029338622343191498,0.015315619271536933,-0.049543017147961464,-0.04655936578535128
2018-11-15,-0.009248278782978778,-0.0007156722775677083,-0.011525634930916445,0.004416084434093838
2018-11-16,0.008545285504900593,0.00942140865654833,-0.02929855449905343,0.0008006791395981245
2018-11-19,0.006345052703904412,0.014621123779848973,0.024763529137689647,7.100265254970069e-05
2018-11-20,-0.015466755835338929,-0.01594725116232458,-0.012874863132768595,-0.006407074656003912
2018-11-21,0.029199319956744338,0.005281635603143033,0.04433818552584771,0.026064705701779177
2018-11-22,0.013277341774190697,0.020867707052708784,-0.01340193146857912,-0.014333213711139473
2018-11-23,-0.021850691754806018,-0.021915852037257096,0.009765406199474073,-0.021778832728770535
2018-11-26,0.012854443027865401,0.010674361710590944,-0.027671253448821827,0.004495457373882626
2018-11-27,-0.005749459315336616,-0.0008055977604196151,-0.036473256168892944,-0.004909672088351754
2018-11-28,0.007104769481544669,0.005868302930802439,-0.014577258057406324,0.018758419418242443
2018-11-29,-0.012832885802513834,0.0023864307335596507,-0.031621049048812765,-0.017839943455178406
2018-11-30,-0.04317006876591812,-0.03791407015840497,-0.030093546115383205,-0.03775350661048034
2018-12-03,-0.01485040211602081,0.008694598684020257,-0.034649035160956486,-0.010600658765454471
2018-12-04,0.04821895328512108,0.04812505687308061,-0.0035551984945554655,0.053182966922032796
2018-12-05,0.014993943420759437,0.04007893480378821,0.02672869096146402,-0.009590406660417444
2018-12-06,0.0023323058496981974,-0.016336896724986182,-0.018038781678586812,-0.004863514302183758
2018-12-07,-0.02612904502752894,-0.014186726966635232,0.010875972153769242,-0.01255613352278641
2018-12-10,-0.011429013431610204,-0.01596754441354314,0.005626011761709623,-0.007278425629722632
2018-12-11,-0.00947147099668147,-0.019757713872918973,-0.03719962760250003,-0.0005538254022090227
2018-12-12,-0.002725922384101903,-0.009451657936370005,-0.027467835522599574,0.008654302158525501
2018-12-13,-0.03668016306952183,0.01660548724133095,-0.01732337300961427,-0.02804521244781768
2018-12-14,-0.0063015777801539215,0.010417512260954304,0.05679904426645254,0.00892432021450462
2018-12-17,-0.012475792318773623,0.0065436121259981085,0.0361565433740945,0.009675712633949504
2018-12-18,0.036037164468830395,0.017416249524111454,0.03900611959718193,0.01718091390349324
2018-12-19,0.015685850241931185,0.012328302327892423,0.0022720423665920893,0.0064355250370834805
2018-12-20,-0.013314696559668146,-0.006364014799681071,-0.013760027047463803,-0.01013200741189647
2018-12-21,0.0006998143521350518,-0.013161383868333138,-0.03083206626823609,0.0006967052346768696
2018-12-24,-0.0375881607272021,-0.007945399825376263,-0.011656238106006134,-0.018640596923751696
2018-12-25,0.0007436608469723406,-0.015148798945917271,0.005789903125746382,0.00037905126440014293
2018-12-26,0.0037439478256281627,0.004860340106220334,0.013206817936481069,-0.01471902470816727
2018-12-27,-0.017673546140915382,-0.008186875629196488,-0.02766527070331849,-0.008489691887918222
2018-12-28,-0.0036179278003534592,-0.007229019564390816,0.01593035530411043,-0.001332556914914348
2018-12-31,0.01049213876891188,0.003950445530063978,0.0036799569889947427,0.011148904951656538
2019-01-01,-0.002212790341758744,0.007962032128186676,0.04518026211426591,-0.004635491369203369
2019-01-02,0.004647223084761929,0.006837014184627397,-3.936268984905992e-05,0.007295439231227766
2019-01-03,-0.008303114433332532,-0.0038842184182734966,-0.015967984131300985,0.0019039219483060446
2019-01-04,0.03847079801617476,-0.003923977923762947,0.012548801824332406,0.03152193663951884
2019-01-07,-0.027738906107769513,-0.0037312845737794745,-0.03236290686069513,-0.03322497832737033
2019-01-08,0.026694962157022363,0.03692461298804686,-0.016904100211019686,-0.0009859619992873259
2019-01-09,-0.009170794349088872,-0.009983418408391311,-0.020741836268032957,0.002372720952762387
2019-01-10,-0.009886672549141731,-0.017375669486813794,-0.024894042142364396,-0.0032554256397936314
2019-01-11,0.011821457347044912,-0.0005237888119537276,0.020829280062821594,0.022097222753047555
2019-01-14,0.005014656843140978,-0.0002620203516138625,0.026983706428781635,0.005541599312619979
2019-01-15,0.0036681331620605213,0.012867640143070307,0.0009111535757370849,-0.016537977991859406
2019-01-16,-0.005579004085376448,-0.011913783506335866,-0.05793678659691822,0.007501244704881473
2019-01-17,-0.0020907631768621567,0.019549994195847575,-0.01519931886359883,-0.011635075558406838
2019-01-18,0.025924117371060235,0.051832996311022964,0.0358206237193291,-0.0007436655698423595
2019-01-21,-0.0058288362463708,0.0009106602044453554,-0.02768392226641302,-0.004863580449346684
2019-01-22,0.00012584272965247427,0.006420989017819684,0.025881113414638633,0.013381795832245679
2019-01-23,0.037465434299746504,0.03976454054252341,0.007487407299312279,0.01020896442175199
2019-01-24,-0.006537535039550997,0.015783373190027705,0.03304922915874125,-0.0016914191163419432
2019-01-25,0.0026093929971534036,-0.0037734110826185712,-0.00993793350594056,-0.0035255484797218632
2019-01-28,0.0013875868905905504,0.003212186929876292,-0.020755896074396814,-0.0043456992576620355
2019-01-29,-0.02569867390940736,-0.029378978840866692,-0.004737159863618366,-0.026077780379514522
2019-01-30,0.012893846998321362,0.01426827743136623,-0.010941980970178303,0.0068981875088013666
2019-01-31,0.007431683784180366,0.021588821096765156,-0.04060476414035865,0.003053506412288283
2019-02-01,-0.01952393405732292,-0.011875023921567689,-0.007314523827965258,-0.013331830077237285
2019-02-04,0.010811911964805304,-0.011140342657855788,-0.03210715169194663,-0.000957723727828845
2019-02-05,0.0114136310531039,0.005669401430438014,-0.006376131801285585,0.008641792420444994
2019-02-06,-0.01605329162549203,-0.014255672824000594,0.006928637876749089,-0.0093407025235558
2019-02-07,0.03975977900494157,0.01479503818539359,0.022366217042618045,0.03507967097694943
2019-02-08,-0.009565020486053037,-0.002928906318900996,0.018507326898936565,-0.010075343107192842
2019-02-11,0.012965570033314966,0.003997762672057657,0.02069863272588936,0.017483449202196966
2019-02-12,-0.014394255194599798,-0.04032050001877131,0.017714560446488434,-0.004677642028040267
2019-02-13,-0.005150240247739348,-0.015880773910558255,0.012909802402098061,0.0031878379169035594
2019-02-14,-0.004165213525115141,-0.0015596289946918326,0.00953966976084184,0.010667373462068879
2019-02-15,0.0062018399395574264,0.033227539966518234,0.0003458402809676083,0.0030654446070854232
2019-02-18,-0.006042963991688879,-0.013972416085064167,0.021438960065530702,0.013599258556187667
2019-02-19,-0.007070188298033295,0.009462303724920405,-0.021067027275116616,-0.007287802105945063
2019-02-20,0.01892530921153844,0.027430810134127445,0.005973159314311268,0.004943958100829812
2019-02-21,-0.0033809568562893585,0.025645034433426826,0.02550804053898954,-0.015548142978316574
2019-02-22,0.009334722855876174,-0.010917427418055604,0.012642602793463891,-0.004964749910905196
2019-02-25,0.002793631252189111,-0.025710874541903433,0.004080584068193439,0.011758902346075632
2019-02-26,-0.021064169932708272,-0.008415947552998541,-0.021606007698956937,-0.022103330187624552
2019-02-27,0.0185626250350679,-0.010351473716631967,0.001976011034637564,0.015274698403850175
2019-02-28,-0.005059222557941939,0.0011303999474876632,0.0011108218520734748,0.0007640886642467787
2019-03-01,-0.005714753659401124,-0.005964317623214938,0.027980240935041988,0.0038300617968596456
2019-03-04,0.0052680436314581905,0.002824923781082842,-0.014645989128462137,-0.002972620831351092
2019-03-05,0.01809112522056659,0.016627355360747807,-0.00027984815270737866,0.026496517585834056
2019-03-06,-0.0024967521450315632,-0.024542741860370906,-0.03181242793230314,0.01017222656124945
2019-03-07,0.014587933546523027,0.03240429777252412,0.05049682419499152,0.003370890574634581
2019-03-08,0.007534103460421709,0.0280247667294531,0.02552919051668704,0.017844359425185627
2019-03-11,0.008108215440471439,-0.01720327690592465,-0.003474108138612679,-0.00017569577899100255
2019-03-12,0.004139481187348917,-0.0435136988305003,-0.02084326603305859,0.004202743194833705
2019-03-13,0.005121095189844883,-0.009356123417762706,-0.010741788163712688,-0.000494271718916761
2019-03-14,-0.015233658695113962,-0.05545854482436465,0.020910058495850637,0.003457764980897911
2019-03-15,0.009124748579224082,0.04662535435660979,-0.00024131657696165902,0.007380672982799891
2019-03-18,-0.008970890163443063,-0.037285449652938084,-0.02799481080365288,-0.007205598383985589
2019-03-19,-0.027864018843041412,-0.016348524737369353,-0.015897626449739796,-0.023483287122741607
2019-03-20,-0.008798779233945866,0.02112810643268135,0.020824953917233487,-0.005484453773367905
2019-03-21,-0.01104062451250454,-0.01672726324172396,0.005810033479354138,-0.00819250842059811
2019-03-22,0.012547623783741402,0.022605485172204256,-0.026574751115441282,0.013594537096940225
2019-03-25,-0.01119760733949262,0.026479607396205456,0.007620277773296423,-0.00708860077483175
2019-03-26,-0.005957280111995716,-0.029461287615679278,-0.008972149345917469,-0.017262393254832187
2019-03-27,0.031861849998557686,-0.0036130613236620306,0.005107620938728849,0.02619642782448955
2019-03-28,0.02415109246520754,0.03327003840995436,-0.00842862736835708,0.02047346104551358
2019-03-29,-0.032688783860000424,-0.03171958444233857,-0.0026289556119843977,-0.023145228261127273
2019-04-01,0.025630690757843032,0.0021626387987230067,-0.017219744548961073,0.01750447642688463
2019-04-02,0.03474079621548246,0.01642718925238174,0.018469886593271645,0.02210755920826765
2019-04-03,0.03254923496870464,0.016821029673340048,-0.006123938303529235,0.030754561137587986
2019-04-04,-0.007213042451120152,0.0211824866938764,0.012313365074774606,-0.002236003316163027
2019-04-05,-5.9164259584834196e-05,-0.003143915096024386,0.011217575684599928,-0.00773471209767964
2019-04-08,-0.03920138036799374,-0.019253800785042616,0.002560538820169653,-0.025646645060969697
2019-04-09,0.016478037277024155,-0.0003631175233727152,-0.019825090624853436,0.0041465618813384085
2019-04-10,0.03560525147138436,0.036747891268461556,0.015942169968796428,0.041322756695897994
2019-04-11,-0.0036735216545839325,-0.024315278111494004,0.0032789225997029467,-0.011775113375729495
2019-04-12,0.016483767044076718,0.01890854517459193,0.007277552325018939,0.0004922241655141584
2019-04-15,-0.005731954641837274,-0.03554133861465657,0.01289054099826592,0.005776876143274963
2019-04-16,0.010557667911170337,0.010149890317917536,-0.020052256073559576,0.012660592533013703
2019-04-17,0.006459562189578569,0.009628679324434671,-0.02578427521481176,0.005895909745195768
2019-04-18,0.01706919095463796,0.01685350055612043,0.021908409803621326,0.02414831302274399
2019-04-19,0.0009515958194155082,-0.008103446878989229,0.017232180787449695,0.006486273081419572
2019-04-22,-0.00031016390353400555,0.009493418524449359,-0.020127313237401682,0.016412746443796467
2019-04-23,-0.024679907070718134,-0.00907869406971851,0.013124618053455085,-0.007726640541414763
2019-04-24,0.02503868753944623,0.009307916836334225,0.029470868354558238,0.007107140523538957
2019-04-25,0.004760059903525566,0.007682618101282914,-0.02986252515722944,-0.001356792411401888
2019-04-26,0.004289589386704232,-0.011050001313839658,-0.006320499205424826,0.00025948975192745553
2019-04-29,-0.03315611813352105,-0.010679479943313318,0.0010147889334766354,-0.022401445034340703
2019-04-30,-0.004622399784295411,0.029687104870320873,0.024418378537978513,-0.006216335515688522
2019-05-01,-0.02123243382006137,-0.022699235473098194,-0.022828831965486872,-0.021148657459713782
2019-05-02,0.014491224102755225,-0.0021459273264686305,-0.015543311736209143,0.022078752158614517
2019-05-03,-0.0025599696917969943,0.0029238518257680072,-0.008487132717761817,-0.0023516093991814003
2019-05-06,-0.010481762953379041,-0.008343271711999107,0.01384773820114134,-0.016623203932103467
2019-05-07,-0.007418538544772085,-0.002010868281342238,0.03091535958072497,-0.003432712493157861
2019-05-08,0.03635766157474682,0.021079608941398167,0.03999128599097776,0.040685705502286486
2019-05-09,-0.0451310090053738,-0.025690530833494055,-0.025991828427627258,-0.04097740958232651
2019-05-10,0.008435350144504548,-0.00233021495254752,0.022071483432857142,-0.00826650152655232
2019-05-13,-0.02759532272350973,-0.01778956068866239,0.032853868825174784,-0.025360656442556515
2019-05-14,0.009859491759119921,0.011961048144513963,-0.02315574748680148,0.0030553528666384536
2019-05-15,0.012754454050629957,-0.013213753140566617,0.0006921569492537445,0.02373841024287243
2019-05-16,0.0045310265588160425,0.019574954927008028,-0.035653776094069285,-0.018097677822980607
2019-05-17,-0.004756999747378512,0.012797906177167553,-0.010039934708402318,-0.001253356242682617
2019-05-20,0.004007371096919006,0.004105283489996533,-0.01761026852148049,0.015827746374866683
2019-05-21,-0.027824202982983486,-0.043135163668538146,-0.048377070331712936,-0.028092369935335964
2019-05-22,0.005285146509889192,0.016799558004805582,0.05546176726753536,0.015357949933206713
2019-05-23,-0.003906664479867813,-0.0028600052863781136,-0.027180074046358294,-0.0029014901791100042
2019-05-24,-0.019202944857408394,-0.018614427246047095,-0.054714820873599336,-0.007100894057161984
2019-05-27,0.012114418976663753,-0.01359590647753478,-0.010543572370893487,0.002935315516457675
2019-05-28,0.023253184789589827,0.00200912353580805,-0.06255696685333319,0.020304589591606543
2019-05-29,0.002075259045191835,0.030786545336697047,0.02143052364862613,0.0039114496377043945
2019-05-30,-0.03767308539062022,-0.027940270084609756,0.017283644661017204,-0.0196414869860566
2019-05-31,0.029071236372873642,0.008154519439822058,0.04295495653090821,0.031887246702200236
2019-06-03,-0.05070171071376887,-0.02410983520065576,-0.0005232301476751646,-0.023265302873026847
2019-06-04,0.05811022644455901,0.02687401371044862,0.04140201826765153,0.04480586132973954
2019-06-05,0.019204581536592658,-0.0005747748074184473,0.06835120639780835,0.012669947757130083
2019-06-06,0.004523884123762555,0.0012673520932949551,-0.006966813634445675,0.002064431622613894
2019-06-07,0.029430469989136347,0.02509287087262842,0.0401462333731809,0.03746214127529447
2019-06-10,0.027346085255149432,0.029965746288441297,0.031476396399688265,0.018540140093657398
2019-06-11,0.022001431984600542,0.004255419869484743,-0.0050024656370459605,0.024487853359394705
2019-06-12,-0.03387394401288018,-0.011080909002135311,-0.01954629793658358,-0.045329938025833245
2019-06-13,0.030778482149794503,0.020683884097633498,-0.03002916694367493,0.016840977920568347
2019-06-14,-0.015440390785906536,0.015723526236867715,0.027787414121124506,-0.01863933542860919
2019-06-17,-0.02520545736795251,-0.0020444355283085916,-0.003876831975412343,-0.0164959274399857
2019-06-18,-0.017371871465081352,0.02792629548877808,-0.007638508269529101,-0.01982596604941267
2019-06-19,0.0011575559331762303,0.012655281411188123,-0.021123231169691403,-0.021152229971277383
2019-06-20,0.07814645378088139,0.043841104126244056,0.01306595539025879,0.06103146242757607
2019-06-21,-0.04209592943807635,-0.04338817881455001,-0.025500772690667705,-0.030007769056390875
2019-06-24,0.021066830176290692,0.01830434371753729,0.02252742564090907,0.012574386578622445
2019-06-25,-0.013024901430026199,-0.02338165405825142,-0.027224690761710274,-0.024966564187896372
2019-06-26,-0.06045810579689766,-0.023138054131038425,0.032380204290512894,-0.028478565512132528
2019-06-27,0.06456758132961873,0.044831549363482714,-0.005700140431804054,0.026591317020833793
2019-06-28,0.02271383743672453,-0.00545071442426125,-0.002047048872078125,0.02941347998752249
2019-07-01,0.043729497080550433,0.00614102868092675,0.006047684473934481,0.0295279159584459
2019-07-02,0.03496712713523673,0.019357729480139682,-0.008562925992052274,0.01097142574859117
2019-07-03,-0.015049719345174696,-0.0071821595392482125,0.001204295511755113,-0.0014506037881832862
2019-07-04,0.02403279105088531,0.00657437422151846,0.001836558255568232,0.01833242902031514
2019-07-05,0.03641894742043061,0.011594449076678415,0.062400858037497994,0.03482252005573694
2019-07-08,0.03988986217914064,-0.0204517705248132,0.02258267785942098,0.04406814868321837
2019-07-09,-0.0007283026205357988,-0.005264270818277953,-0.001752054430132628,0.00020466117579447945
2019-07-10,0.023834051974795205,-0.000873807895126482,-0.04058914638657854,0.029957955558568866
2019-07-11,-0.061243088931486354,-0.018166198751530627,0.04941891005884876,-0.039755825487609184
2019-07-12,0.023127260276515262,0.022822303650913183,0.01736839039722244,0.018137757029507248
2019-07-15,0.024769073620932412,0.0019247834053330284,0.000975739415830157,0.03254962405602149
2019-07-16,-0.02035852980907129,-0.007010357491740952,0.006031985101433769,-0.019865212593247007
2019-07-17,0.030691978276864075,0.018734265852109886,0.05395210699109513,0.011138564282984797
2019-07-18,0.02338601327529459,0.02127177273749538,0.039088088095102135,0.043630772434451195
2019-07-19,-0.03470785310091943,-0.0066767609045113975,-0.01970206292899776,-0.044001989948873846
2019-07-22,-0.018609536490781592,0.0012818461908118662,0.06576916915547978,-0.04026440472031675
2019-07-23,-0.016067671973897878,0.0028691810788844083,-0.10046605032475067,-0.04476953467733022
2019-07-24,0.038554557518522034,0.020712222554424585,-0.011945617228416805,0.008327798344949832
2019-07-25,-0.036560972640816,0.009822924806561113,-0.03694526992976838,-0.028710326632483567
2019-07-26,0.008689694732795019,0.004323658831592749,0.0067032287216845,0.02302743713425619
2019-07-29,-0.0339677495422467,-0.010535258447881491,-0.027145390500318462,-0.034104874644292495
2019-07-30,-0.028726390100912633,-0.0061391494945331965,-0.038645591185238644,-0.020221681362040687
2019-07-31,0.01208501271751716,0.024352614197938355,0.052016506522107285,0.030635291728016385
2019-08-01,-0.061401588640396035,-0.011859964004123175,0.00466028841777848,-0.05756584206002601
2019-08-02,0.062314379098002,0.003702170995376653,0.037765331012124155,0.04798507747793143
2019-08-05,0.017032651144107725,0.006232777051300329,-0.03599614426349921,0.003302001793577892
2019-08-06,0.015913895074847837,0.007314862643650727,-0.011945999220630147,0.01389243591527974
2019-08-07,0.009003100989377072,0.01639874743873146,-0.018999386054209012,0.014082451479741869
2019-08-08,-0.021338045662234947,-0.01203915783135336,-0.05320540224745335,-0.02357481114641721
2019-08-09,0.03263854599328685,0.022265286417267008,0.07405401663277981,0.03719721295330108
2019-08-12,-0.02442000209751373,-0.03081751369914281,-0.05648886973358981,-0.0544921377859602
2019-08-13,-0.043321579797693695,-0.003183472139737631,-0.055614487590886205,-0.02846836274361412
2019-08-14,-0.014026879965937211,-0.00038593789972310476,0.011218840695184104,-0.03871162331426259
2019-08-15,0.0024330003229445156,-0.00633061546195249,-0.024172372563564585,0.00382745205832283
2019-08-16,0.07406151354168344,0.03235537926194752,0.0590998324947395,0.071969187994466
2019-08-19,-0.03892652980315706,-0.041872984804190536,-0.011733780192460866,-0.033695142208277504
2019-08-20,-0.013002057509740695,-0.022445145161747036,-0.0020973676870189783,-0.007060361987389438
2019-08-21,-0.026741121476070263,0.009039654669100857,0.010792599309610865,-0.05021294234697694
2019-08-22,-0.026007436232576092,-0.02038427517434068,0.003393717447983503,0.005928033761448802
2019-08-23,0.041272407637865195,0.021043664541553903,0.05854918503988496,0.020970439814568725
2019-08-26,-0.02581625031250619,-0.02788719157326453,-0.05064198660306163,-0.00949133561043255
2019-08-27,0.03577764450878588,0.02129738150511088,-0.024573178764259993,0.014970534660655685
2019-08-28,0.07014896625539241,0.014616846414622346,-0.008112656762572893,0.06064644761317448
2019-08-29,0.037395036636831296,0.02020778965842101,0.04135446851683519,0.04238254280271406
2019-08-30,-0.042933961301443994,-0.008750496067745285,-0.031476345939538936,-0.03799870510747964
2019-09-02,0.002093013646690685,0.02046204662393268,-8.529299696581089e-05,0.013960366692291053
2019-09-03,-0.011913282889083991,0.019114545807727253,0.02149432465013362,-0.011976079077050216
2019-09-04,0.0012592231563429259,-0.009943189095315864,0.033035306750866744,0.019782133207755504
2019-09-05,-0.0060007247975385645,0.0007604571360585553,-0.002317235151678804,0.002471146741287648
2019-09-06,0.06676329495684823,0.014923434860553482,0.030430888935645415,0.06555670677533072
2019-09-09,0.0018029113949012679,-0.004962191976591722,-0.05702407581905463,-0.011003516945351696
2019-09-10,-0.014195147560913472,-0.015165042764023424,0.03062336377625337,-0.04638425049097414
2019-09-11,-0.0014250104422307754,-0.01154172081633446,-0.0406966548883118,-0.023176538457610436
2019-09-12,0.03128444766639596,0.006055943020963257,0.04610936448403445,0.02675018697762664
2019-09-13,-0.005190690712552934,-0.013332356566353287,0.01639883372279255,-0.016732516699273992
2019-09-16,-0.008018798287234535,-0.004914681594344089,-0.025051033639055233,-0.012143004415149263
2019-09-17,-0.0188434301625482,-0.011232295304513187,0.028606503879040967,-0.03058288188540563
2019-09-18,-0.033007695168929735,-0.022105279930920926,0.012503598774497995,-0.025340962227160577
2019-09-19,-0.023938591955112134,-0.018981976514167467,0.024735928156820807,-0.02527518912748147
2019-09-20,0.0047972033460274306,0.015369694115793205,-0.01683387428096426,-0.014219269656069084
2019-09-23,-0.019518205306531977,-0.016131561462430895,-0.024008207786300154,-0.0021674255165275557
2019-09-24,-0.033224103560996365,-0.00097830412181671,-0.06737322357880345,-0.03351966467538361
2019-09-25,-0.015232858381702612,0.014906190336416476,-0.031173436612436278,-0.03887418599475598
2019-09-26,-0.019627685617150413,-0.017174633342545247,-0.05359307984256536,-0.013240291588520674
2019-09-27,-0.0059233247290255645,0.01640929775681031,-0.0446444241667386,-0.006255047298758867
2019-09-30,0.006221092423380327,-0.02875554942499547,-0.005583701876036211,0.04112658082628896
2019-10-01,-0.04123931042041089,-0.01781553809024013,-0.014538886612569869,-0.052575228307453446
2019-10-02,0.020747071605207935,0.007800592859883373,0.0011305649916186124,-0.010743715726864835
2019-10-03,0.02177075695963431,-0.01635335251178372,-0.0011953049944971787,0.032288504163142835
2019-10-04,-0.04773843021622379,-0.015508202123138916,-0.03874330560382985,-0.053712131124425314
2019-10-07,0.012104718255187403,-0.003149258386172179,-0.029611977587565317,0.03581846734937552
2019-10-08,0.0023912733489059026,0.019648651991720997,-0.03425883425091407,-0.0028333088027969965
2019-10-09,-0.006365715562663318,-0.008284510668072223,0.019136880179463144,-0.0025971272440185006
2019-10-10,0.009006028025461856,-0.011794564647717503,0.019186407006399425,0.0013054626377244144
2019-10-11,-0.005125146525243368,-0.011004982247574848,-0.02871868367371795,-0.012099120642515416
2019-10-14,-0.002957160595725795,0.009619548832514304,0.021554682883826237,0.0008657112161825218
2019-10-15,0.014003575404581251,0.007949525389167541,0.006912179904899098,0.018647933806994033
2019-10-16,-0.04529208713954625,0.006231699351570811,-0.03100862915049208,-0.039409306157364106
2019-10-17,-0.006318038985233791,-0.022169389669099808,0.01912114788261281,0.010873820096897496
2019-10-18,-0.014642846277669234,0.0068352479242939955,-0.04495142863240008,-0.02040418241642243
2019-10-21,-0.0052381997686991935,0.0084724868409455,-0.03533176458918911,0.00134496925508725
2019-10-22,0.008233065792170726,0.022670075798485678,0.0031127670765232875,-0.003114752191777156
2019-10-23,-0.022274632243936318,0.005791785305042084,0.01143549931658818,-0.02447343524784408
2019-10-24,0.006447193821315672,0.01843412798135718,-0.025163314780154284,-0.0317549777550631
2019-10-25,0.021954464553506824,-0.02192795148430465,0.006958542506661117,0.04948049311541545
2019-10-28,-0.04421419321733695,-0.022592142889642525,-0.05990876637854345,-0.05089436393069517
2019-10-29,0.0034792339453894403,-0.026635509037525498,-0.014115062365122541,0.01410502314769701
2019-10-30,0.008429364115590074,0.019488652310043583,-0.011558014087521603,0.003706474190384931
2019-10-31,0.019533891940054088,0.008022485015712184,0.06722456761427292,0.017463449377018905
2019-11-01,-0.013990017383593055,-0.005966968136264691,-0.017906836471350024,-0.04320465948614876
2019-11-04,0.0001545685882394609,0.008183184792852929,0.00797977318414443,0.018013602969155388
2019-11-05,0.021963095901135727,-0.024522717247637618,0.003867184803886274,0.014066096304262643
2019-11-06,-0.06905178515654092,-0.03483377444255651,-0.01190856534708085,-0.08349627796736127
2019-11-07,-0.00767870025329426,-0.0037938569095220635,0.027666103405003355,-0.001726399554609983
2019-11-08,0.011267356061950458,-0.026997586432605733,0.04668171564459387,-0.0026257488332069824
2019-11-11,-0.019787709323722733,-0.008132207463964565,-0.054019556838231335,-0.03055718163771751
2019-11-12,-0.025450502088556454,-0.014679625410116198,-0.05354093544288667,-0.0375748192059806
2019-11-13,0.01361264070076399,-0.003736943222073771,0.016302490758660845,0.023270596059665603
2019-11-14,0.010008000770086234,0.011596536377200246,0.0878420141832716,0.03004982798264203
2019-11-15,-0.043790259495817045,0.0070582902764598915,0.0067585955347503265,-0.04439346006365952
2019-11-18,0.013196707530065594,0.016874996829362738,0.01666941355228356,0.011260223525711826
2019-11-19,0.009775693295301967,0.005871026410594335,0.007800356072736373,-0.006193971697785724
2019-11-20,-0.01253740873027351,0.027796445882350664,0.014519825820226073,-0.047726348475612024
2019-11-21,0.04055292594129261,0.013888840270213584,0.03140294398414628,0.057535228066190755
2019-11-22,0.007628965207379559,-0.014221169896442796,0.00298143256578274,0.0030395384348830606
2019-11-25,-0.01648657249652823,0.002342195270948698,-0.06522540602514498,-0.014669527633250913
2019-11-26,0.0155152211845681,0.0031619836275751656,0.00517841741569778,0.019281499044709976
2019-11-27,0.008488370175040566,0.012601073211439702,-0.001865466732170381,-0.004026566686803319
2019-11-28,0.01005354604925266,0.006125185132264911,-0.0006437921698114938,-0.012598830767189767
2019-11-29,-0.004250226066695463,0.00040333637494886413,0.010345415070685954,0.011565358775056822
2019-12-02,-0.009737600476930664,0.029526729612709062,0.006931461809968325,-0.023933081494797045
2019-12-03,0.04489479111439666,0.015508082081925773,-0.00013644906375164174,0.08170415300656265
2019-12-04,0.006621259473601873,-0.008064822102011088,0.03889243835059875,-0.0028867051730433356
2019-12-05,-0.036332396475871956,0.008757296483026367,-0.02349116752082945,-0.05577930335636944
2019-12-06,0.02504093958347547,-0.001312809654538299,0.05162848345941406,0.061944808107120275
2019-12-09,0.0013263227776936046,0.017928419975878004,-0.036974980361828565,-0.023758658696445036
2019-12-10,0.034837150437588664,0.00030110099718235584,-0.054490969444046654,0.01762054353442021
2019-12-11,-0.05559130713822338,-0.009741093569801023,-0.013898270388025909,-0.056074105930303056
2019-12-12,0.008739340492901376,0.0001726456083664803,-0.007094321292976249,0.021529622295314826
2019-12-13,0.027317490652994304,0.013599594225535102,0.04720218378360525,0.037900198963573814
2019-12-16,-0.007238038530084431,0.007869744935748437,0.0746302692608808,-0.014606909105699293
2019-12-17,0.026139345194454603,-0.005898783214935227,0.02460666976386172,0.01807896381481085
2019-12-18,-0.03264267311631396,-0.008839807954840427,0.03212559024502917,-0.017536235311716445
2019-12-19,-0.024185218534579722,-0.00692809812327194,-0.043351661349022005,-0.027899743238054685
2019-12-20,0.029411783167511314,0.003115819427453452,-0.01670699966999829,-0.0027512404382562927
2019-12-23,0.01959008137256958,-0.0116803422344556,-0.017745467093851622,0.026900745224473877
2019-12-24,0.024790934306172508,0.0009329303731211083,0.023268945358982423,0.04031018996541876
2019-12-25,0.002549699260009103,-0.005267293121568583,0.024324611934655908,-0.01040132705087146
2019-12-26,-0.0449034584050585,0.004537190275948387,-0.05563469058989997,-0.05497442549595706
2019-12-27,0.015893744671099688,0.012277129717942533,0.058034958771451664,0.023597758817308363
2019-12-30,0.01763554649733163,-0.014548666395504745,-0.016119066748316927,0.005801425580135589
2019-12-31,0.04526267145170566,0.011774397326472329,0.04459249078884883,0.03266732850117312
2020-01-01,0.035293623384684066,0.014030275275707478,0.06935870393633123,0.030234125271799868
2020-01-02,-0.004332789729519652,0.021029495444230866,0.03940093101078159,0.04004010646059115
2020-01-03,-0.0012580331718358047,-0.0034076304824694256,-0.02451456650361957,-0.013123452283202752
2020-01-06,0.04886469039828792,0.02654064781242581,0.08688171054134411,0.06712079059717176
2020-01-07,-0.019614884896153643,0.0008593704209430688,-0.04259131134127485,-0.02323391004379739
2020-01-08,0.0062734561388896595,-0.006683307001796095,-0.05107311365551743,-0.014812733606086877
2020-01-09,0.03154134530451069,0.014481152212062401,-0.011730733744547221,0.030542876216895602
2020-01-10,-0.0011719440090945132,-0.0007507576117955931,0.00944824155997006,-0.024925187217822817
2020-01-13,0.024279232538533122,0.022080489787630334,-0.017333958849461907,0.03468176723306929
2020-01-14,-0.03469375923305161,-0.02527875220882752,0.03546371762863339,-0.04533822187203792
2020-01-15,-0.012728020760574879,-0.020790978607318156,-0.05424643574245757,-0.00911477014606901
2020-01-16,-0.04269629032712442,-0.03615082745048176,-0.013823131527308203,-0.049436478963198215
2020-01-17,0.026688964121600413,-0.0005646194869160608,-0.06227149486864268,0.015025597831189376
2020-01-20,-0.03994761147109963,-0.028359052513346552,-0.001553242029081267,-0.07571290573866701
2020-01-21,-0.01410910134880161,0.0022860973961705087,-0.006189349151615038,-0.01817916555816681
2020-01-22,-0.030922261845554553,-0.009960167706392336,-0.026420155945735855,-0.04329174896297301
2020-01-23,-0.02483075567553385,-0.021867062433813658,0.004712932203700749,-0.003232885577581196
2020-01-24,-0.01470763261551814,-0.007973904291139344,-0.04398483331606639,-0.016944572267022413
2020-01-27,0.01944351665098766,0.012954666114221556,0.040355742733846664,0.038548779796141706
2020-01-28,0.019939452940660986,0.02639567221914414,-0.05094360677511717,0.00790042047946849
2020-01-29,0.05455863742276709,0.0392449329610398,-0.0300508489113386,0.05513721016873566
2020-01-30,0.04963665242664502,0.016215370968433746,-0.003394006880189278,0.06745206005343958
2020-01-31,-0.025382801848567286,-0.0016351120217423225,-0.026123550517603636,-0.015452698417633522
2020-02-03,0.013883836319650598,0.02677051098714191,0.05979450665954989,0.015221262257116258
2020-02-04,0.025016973728369432,-0.022040286697697208,-0.013208253588308714,0.029704658763142648
2020-02-05,-0.0361340786349655,-0.0018295984370285104,-0.006827581550624829,-0.00825653501727438
2020-02-06,-0.013089704915240712,-0.011915464421280613,-0.032217352030082434,-0.029525248571565653
2020-02-07,-0.00017629751791735487,0.021423485590694465,0.034270125671794896,0.00025969371826961725
2020-02-10,-0.025987304562672606,-0.007827608630794132,0.012670486196808342,0.0034016990895792735
2020-02-11,-0.014865149008854658,0.021305426327788052,-0.06263518760247927,-0.005809638983832173
2020-02-12,-0.00012103598560329614,-0.0017061189527078848,-0.014304346737532779,-0.006380375191077102
2020-02-13,0.008836184602245124,0.009822645440794857,-0.02193319267655585,0.017681825038151057
2020-02-14,0.0038584502932756145,0.0075838347736662285,0.004647402387531232,0.015336542220702683
2020-02-17,0.027359246908939105,-0.0004763746456322159,0.03121775711024081,0.033126633211898744
2020-02-18,-0.019617018059021447,-0.025734171311811115,-0.02419229578749059,-0.024360728693783983
2020-02-19,0.024221143181708732,0.024494947749310894,0.059577661280101536,0.03212546216759532
2020-02-20,-0.0112711937083254,0.003252831236274767,0.016201694428420184,-0.044698348697400504
2020-02-21,0.010268276330442477,-0.014576606715119025,-0.006579518959974409,-0.007248442273982143
2020-02-24,0.026129824215306515,0.020872318625927797,-0.018583992460293047,0.02582616499251618
2020-02-25,0.015130556825208238,0.011130869760435777,-0.026347207793503365,0.013821730071459445
2020-02-26,0.008064191854406674,0.0189870954083062,0.015043034926178747,0.010727554583919803
2020-02-27,-0.015418973364060945,0.00039780373221732704,-0.013216359298213702,-0.025435036806703577
2020-02-28,0.03035956163242723,-0.012296481743944588,-0.009150307219233204,0.041150702822683995
2020-03-02,-0.02878788898461961,-0.023835817553903772,0.030971743090110176,-0.02170368891364772
2020-03-03,-0.02565198834719468,-0.030169878147091597,-0.05896848657455033,-0.0463422339506932
2020-03-04,-0.016938138320159862,0.010276128931229235,0.0021689451557125455,-0.026764157624403023
2020-03-05,-0.01022909407890222,0.00671201725519333,-0.021581226378720775,-0.009335986750885596
2020-03-06,0.004040149303295727,0.02850463011672586,0.018465765248474677,0.014677218299985447
2020-03-09,0.030084381518831117,0.02452661833177424,0.030108631007091387,0.03618493406704928
2020-03-10,0.020668160459904408,0.0143554869063923,-0.01963484263932136,0.01141398443412069
2020-03-11,0.008193652505231283,0.023118311649295342,0.03793539744489538,0.01692278082794539
2020-03-12,0.009634614687391175,-0.004897175550418945,0.03028057463356838,-0.0010399987391137952
2020-03-13,-0.012786766611391356,-0.0243144559266815,-0.006961851946057967,-0.01877389405248205
2020-03-16,0.008946869143361381,0.03175716031515669,-0.0089885631643151,0.003450667961700605
2020-03-17,0.014439561876406588,0.00277553381395397,-0.0017470742746778752,0.020449733430272118
2020-03-18,-0.015774399935927264,-0.021952216052751713,0.029112681341904756,-0.008143116714908659
2020-03-19,-0.04376664146705565,-0.04252431036664257,0.006528255893497309,-0.035075666064635434
2020-03-20,0.03723281884581856,0.03205863916234725,0.06347612363320637,0.042987775999273455
2020-03-23,-0.005267726236614317,-0.02019915760971053,0.003801756921394967,0.0006215983513329728
2020-03-24,0.021008047739800192,0.023058609733777213,0.05744010223155275,0.015251697445276255
2020-03-25,0.028932244908424772,0.020109746514159865,0.0644659768733484,0.0408008526611796
2020-03-26,0.024661268287019644,0.028809828437518743,-0.025623294122687323,0.0048960808859200055
2020-03-27,-0.02427373770057914,-0.020247148613632217,0.027598193240973106,-0.03707499215934256
2020-03-30,0.043554417612731135,0.012924020636852687,0.011075822861174424,0.054333998278024626
2020-03-31,0.024903614711818102,0.0037466820246463456,-0.055845956985694674,0.03409082067633339
2020-04-01,0.03892991174975467,-0.009749632097244951,-0.009725060978880876,0.03868818953974299
2020-04-02,0.01321256999356351,0.029083428905869218,0.08821366351045498,0.02782329770354025
2020-04-03,0.023633356569162305,-0.004822439843738221,0.011536405781351382,0.04115553690376581
2020-04-06,-0.04824794066911396,-0.020380473157813158,-0.03914403494753907,-0.05194915762001988
2020-04-07,-0.01339731649748653,-0.0026063729923303893,-0.010084027394526874,-0.012761792981910648
2020-04-08,0.03643309844137034,0.021930730082981253,0.0424154851997254,0.02829834054498421
2020-04-09,-0.03420799798559606,-0.015374897332725117,0.032954363430904875,-0.02532106391833847
2020-04-10,-0.07153508946648808,-0.022103901815978752,-0.015356927439433843,-0.09450041090476324
2020-04-13,0.013359164336159805,-0.004676992924708466,0.042754307160239174,0.028856089015287526
2020-04-14,0.0011999098309443716,-0.0037478671716421547,0.013772934278169698,0.0006108284574710923
2020-04-15,0.002874461715458099,-0.024873860280213548,0.05172314397615811,0.0010016325014463841
2020-04-16,-0.033873332045015914,-0.02631861831615988,-0.06503415263810221,-0.006874795542946729
2020-04-17,-0.02929670895613329,-0.039584850983048925,-0.027439725905108424,-0.034351449590888844
2020-04-20,0.051918635520466765,0.00730688133874653,-0.012968191927423817,0.08028239801425152
2020-04-21,0.000264687254124835,0.0024426854267334884,0.010085013915487311,-0.005899340209712407
2020-04-22,-0.008060850383146858,0.019742374406043192,-0.03235656630138719,0.000907643413407813
2020-04-23,0.008451768926310494,0.020551162731546283,0.008321564614072694,0.009681657104843845
2020-04-24,-0.031242029399688023,-0.0166482118187111,0.015367331883831013,-0.02007510083730788
2020-04-27,-0.06101532213570802,-0.007920905440089615,-0.029562750134277848,-0.03359965497227876
2020-04-28,0.08510282160733136,0.01647790399513243,-0.0222394507673583,0.06547007382244888
2020-04-29,0.035551048303787774,0.0009477164169838017,0.03981304585883996,0.020609982217386115
2020-04-30,-0.02903582586397708,0.017768632587242632,-0.0260500055843804,-0.021108504774778332
2020-05-01,0.009977308773140047,0.00871627457351812,-0.0029643104334808015,0.030377385493054968
2020-05-04,-0.0548898203755833,-0.025046055609584714,-0.023699067848646664,-0.05473897169875181
2020-05-05,0.07267327594266806,0.003619462818101624,0.05240876356269189,0.09278102179951954
2020-05-06,0.06353384306659875,0.02178269389396857,0.01840369321611791,0.03561381460835934
2020-05-07,0.03080494741343411,0.008791924254708317,-0.020756002088632902,-0.004561468848546445
2020-05-08,0.001459906000815641,-0.008258227759054684,0.0186468826277932,0.010064112033737693
2020-05-11,-0.0019065975919149462,-0.011488621807244878,0.04864643727249156,0.008756499345154009
2020-05-12,-0.0031405588240239297,-0.003951340347696323,0.03926102547096687,0.016206021328495877
2020-05-13,-0.03408951229518007,0.010383866703179326,0.011982526374968659,-0.030591795279982043
2020-05-14,0.07230030827063685,0.02548869305234397,-0.0013499357263776991,0.031387152271546655
2020-05-15,0.06383641909955656,0.03495984663968945,-0.015274326810361337,0.05552794838759454
2020-05-18,0.030986401265196667,0.016761971480509324,-0.0030929288095796975,0.043287893793204545
2020-05-19,0.013842384853976876,0.01732710372572649,0.015887121826391615,-0.005214935161683605
2020-05-20,-0.013173928708017407,-0.015523602132521568,0.010476583492848059,-0.00685924759658266
2020-05-21,0.0372346447017932,0.027473469421825086,0.030157908442752616,0.027405539655470317
2020-05-22,-0.0008521684510746173,-0.006398122485204913,0.028524040097351596,0.006919641164946098
2020-05-25,-0.0009954376363137717,-0.018151263912936567,-0.008975009055623557,-0.013694169081819158
2020-05-26,0.017511028892716916,0.022633396724836826,0.011131110880749058,0.00980744387940438
2020-05-27,0.04720419118333852,0.01918116168993607,0.021480191204147046,0.041151229603900226
2020-05-28,-0.015566680132248854,-0.016668939932331126,0.009972187934142125,-0.012780183904678132
2020-05-29,-0.026590892823599707,-0.02858585404860286,0.04925314045540816,-0.03807944197171372
2020-06-01,-0.02402369786025017,-0.002250282015778552,0.04593283317348849,-0.008851405015754382
2020-06-02,-0.047351254491542275,-0.0032252310438824327,-0.005953717269529741,-0.020556167566604014
2020-06-03,0.020445854808218637,-0.01423642775676115,0.001927730521098457,0.033755879953041724
2020-06-04,-0.020187836374732697,-0.00021017750514713688,-0.0023315482984474422,-0.025170411037736644
2020-06-05,-0.029177917582134567,-0.0178638951636638,-0.018455301693777442,-0.03823014828414377
2020-06-08,0.0034897651232048002,-0.007906456527644434,0.01168115739776768,0.012875259980344134
2020-06-09,-0.024952703008664305,-0.007145024451258306,0.022845810238261894,0.004360357169397229
2020-06-10,0.03479455287990613,0.016870929290917117,0.023132454042576096,0.03485469191170839
2020-06-11,-0.04263778646647764,-0.022866338194571706,-0.006873570714911004,-0.023691976938938757
2020-06-12,0.026099060253437837,0.0017948113705727423,-0.0015154179098352595,0.010466534859478127
2020-06-15,-0.015384648182167683,-0.0058545106479414065,0.05105369492103795,0.011365031105393116
2020-06-16,0.010670140298826849,0.018854747576081587,-0.0008391014449526369,0.009265741359474248
2020-06-17,-0.02083444843252963,-0.019176762597408505,-0.002293880638021782,-0.008810586369349081
2020-06-18,-0.002004200415121717,0.006582397757543718,0.0023404364915832407,-0.0193508255039108
2020-06-19,0.02024938359086641,0.022037431597024246,-0.009591768990048443,0.020132915041521916
2020-06-22,0.011779526585952146,0.03164343772374978,-0.012150724498094834,-0.013658730009981641
2020-06-23,0.02015410678791282,-0.007789398060359649,0.0009923285599305184,-0.0050823779131731065
2020-06-24,-0.04335463628410674,-0.02302525516435891,0.01441797601114529,0.0010575275108999597
2020-06-25,-0.003438646859488422,-0.010753771997398163,0.0008176126593697333,-0.01038650832024394
2020-06-26,0.010189423409969412,0.003004263230038854,0.02072473247840262,0.004790532658640697
2020-06-29,0.0037391982735075113,0.004992688255830318,-0.00848849374459374,0.007013693929612442
2020-06-30,-0.007790188259780561,-0.02011719028734616,0.023510009153119227,-0.02619865351584207
2020-07-01,-0.007652415349748656,-0.008324736410917483,0.02987036196638966,0.01136115949465373
2020-07-02,0.01457191369135164,0.00010611624833625453,-0.03777083003091118,-0.0022591865662040644
2020-07-03,-0.002005364064300011,-0.023242014556952604,-0.004966423256631921,-0.011162936456471283
2020-07-06,0.016987499233298793,0.011164208723417427,0.007436938942889208,0.02391796668639315
2020-07-07,0.0020831999461753186,0.006144046171207211,0.00798745687081762,0.008607805710295856
2020-07-08,-0.0402964780647862,-0.0020680458242143046,0.017437662897540906,-0.03345902656470027
2020-07-09,0.005782702983025589,0.009267444354206612,0.013327986829750551,0.008027563047361214
2020-07-10,-0.003877849968389759,-0.004512783365272699,-0.025574697577037345,-0.013048077306262278
2020-07-13,-0.01179833734549414,0.012856279973733715,0.015048382714445,-0.017670266892162445
2020-07-14,0.019859049244845592,0.03876596609277475,0.0006855878377646458,0.033537344698614885
2020-07-15,-0.009758985746151753,0.006519632056379064,0.0034757560407368275,-0.011714967903410867
2020-07-16,0.002927106662680565,-0.009887067009068547,-0.004000014740802114,0.002973228745353932
2020-07-17,0.013478325685275294,0.015059302095424595,-0.014403767124889682,-0.012251377953129007
2020-07-20,-0.008774766125064008,-0.002491502723386446,0.013332927785801184,0.008984589615072048
2020-07-21,0.014899205346764659,0.0280285712884772,0.03404441547894401,0.019266308781759542
2020-07-22,0.0027351667282910627,-0.006652240439416422,0.006997336383632723,0.0033523077588584194
2020-07-23,0.010102147871851631,-0.01692912776065973,0.013238838382402505,0.01027892856615214
2020-07-24,-0.022756595319111825,0.011812287377125478,0.00034675565012767714,-0.025648390858378608
2020-07-27,0.009465744287645586,-0.014950508151324916,0.005230991149293297,-0.009408291419037916
2020-07-28,-0.017079070866610226,-0.028246982879320558,0.010965615074631056,-0.04440722289724306
2020-07-29,-0.0033547570773789395,-0.0009279814340203115,0.030530092499155292,0.0020494809691497615
2020-07-30,0.010662602618057116,0.019404988951347096,-0.01192602460518346,0.016519007338488014
2020-07-31,-0.005636090915552983,-0.02772874639747417,-0.00022808833353466193,0.008877926004225805
2020-08-03,0.012806586423509453,0.027296500619956962,0.006374724183597271,0.007215630498912416
2020-08-04,0.000389961264367416,0.005889681010358334,0.014335203818912515,0.004371110973629083
2020-08-05,-0.0067797411562185335,0.0032064497581480046,-0.0158981948448373,0.01470229312113683
2020-08-06,-0.018896553387649544,-0.030895581020732345,-0.024758478818291005,-0.02140282296199594
2020-08-07,-0.02132121593984923,-0.004882903806558725,-0.0036123661427192094,-0.02470934254984177
2020-08-10,-0.005684795535915719,0.025495417827762303,0.009909025700368983,0.005234160850069582
2020-08-11,-0.007176923519083468,-0.02386371108065268,-0.011920873175664473,0.009446681858257885
2020-08-12,-0.006692011038544132,-0.02921041902929927,-0.028114223319470628,-0.005109639950480315
2020-08-13,0.011797757296364248,0.02331962215240826,-0.00839099259240619,-0.012832582003844179
2020-08-14,-0.04444093875847923,-0.026946958294896205,-0.03497042422422039,-0.056911305732356775
2020-08-17,-0.014386751680204622,0.01633512163805783,-0.01638135640979864,-0.005793984752588273
2020-08-18,0.0203830148124421,0.020793262782735453,-0.029768136719372663,0.029505828297308107
2020-08-19,0.007544377278081321,0.021923625429295993,0.02595749032161154,0.015200652911520481
2020-08-20,-0.01244178132097337,0.007702880294468585,0.020061345713967005,-0.010208301093050912
2020-08-21,0.009542042572954658,0.010223525263187915,0.017126496142906136,0.0016647350450839902
2020-08-24,0.005335106178122762,-0.0026232769819982747,1.6079697786318787e-05,-0.018114081549754517
2020-08-25,0.010280008064765346,0.016656521002738175,0.018552617438808712,0.01251389694008832
2020-08-26,0.004584679454788276,0.016784136137682076,0.025597270173815172,0.01774845333920683
2020-08-27,0.01995410188556691,0.0018181549428027397,0.0037171575464937014,0.020649122289644415
2020-08-28,0.016005193458493185,0.000613250085664251,-0.043518775454097894,-0.003735669512879631
2020-08-31,0.014783294911449764,0.030927197607894655,0.03364394963537025,0.023649281415659168
2020-09-01,0.01268421566238848,0.005547874096506301,0.05144124964864254,-0.016022859420646362
2020-09-02,-0.017366607756678417,-0.004196583345523518,-0.009871295352147341,-0.012614599342451837
2020-09-03,-0.007765224145031182,0.0004730681759449504,-0.015187022208942844,0.0008991759827333069
2020-09-04,-5.807148818584343e-06,-0.01618060355219714,0.02822324110566153,0.0029545837478988845
2020-09-07,-0.002383820671298705,0.004924175582853333,0.013336350244443455,-0.004153023097182786
2020-09-08,0.01253224319150056,0.020454151907059848,-0.04500388076651012,0.012730640881765102
2020-09-09,0.010719542794441626,-0.012244538600339387,-0.0037557732480242084,0.013826386568677532
2020-09-10,-0.004665013789500621,-0.016530808659498426,0.018061436286316394,-0.005791432321275875
2020-09-11,-0.024895177521254468,-0.014756658655580776,-0.015562894138908896,0.004192523478316915
2020-09-14,0.031290746662422514,0.02476264941724203,0.005070594747286947,0.05108696648001271
2020-09-15,0.0010398601541477478,-0.005144816278109609,0.011077651831590849,-0.017924092058507448
2020-09-16,0.0171599046581245,-0.004206683900268662,0.02656893214125835,0.0023334817297322448
2020-09-17,-0.013127272105384898,-0.0050458586298211755,-0.008817983928359493,-0.006269456812312344
2020-09-18,0.03474824164746866,0.04048401031069847,0.03951553567449849,0.0403413508255122
2020-09-21,-0.014710063300879121,-0.018020423373379762,0.013374722501316572,-0.005680410649130015
2020-09-22,0.02512574147701794,0.0010125286836089092,-0.010620323030413662,0.006338251220407875
2020-09-23,0.0032675422073826822,0.015250635924008587,0.01411250012228976,-0.011627200621414775
2020-09-24,-0.0074406535331526845,0.0027102869023339945,-0.04153769128048702,-0.0064068568720924285
2020-09-25,0.011727621612385029,0.017000916049796238,0.015301208211414605,0.021101851722771712
2020-09-28,0.0016169140452258516,-0.029441566984284556,-0.05775336176607304,0.000544998252652055
2020-09-29,0.025670871072318878,0.002588940542040842,0.006911841751617449,0.019854432064562996
2020-09-30,-0.006137233619181376,-0.0006923320699842546,0.027711799826783283,0.007607051661859884
2020-10-01,0.0006413913499863476,-0.0010886017505560557,-0.03799743369936595,0.0021746410406148103
2020-10-02,-0.008666129895882418,-0.00354492876164535,-0.011311456050703437,0.011914888362219758
2020-10-05,-0.00393716766569253,-0.011397152023963093,-0.03388163049938031,0.007523308587946844
2020-10-06,0.0012315468125673468,-0.005687024568331642,-0.027935067924298628,-0.011246965853611726
2020-10-07,0.014128732973250032,0.00742786497046385,-0.032540215350224035,0.014066126605280617
2020-10-08,-0.004549109853755206,-0.009859266221535093,0.0063211869128346025,-0.006325672299352291
2020-10-09,0.010652103618528879,-0.025950264936376467,0.013219543432316834,0.01967811204273093
2020-10-12,-0.003595916580375372,0.020171722868620363,0.014611815092052739,0.01021525512611761
2020-10-13,-0.012330051470906177,-0.000608072640612598,-0.01565658099422655,-0.009843398080316574
2020-10-14,0.0011243304557706018,-0.004324390521450845,-0.028645310257194346,-0.0031249302373172723
2020-10-15,0.009979480340968112,0.004983232644367873,0.01058946063830705,-0.008437274435857095
2020-10-16,-0.004517966047931645,0.012278522255137822,-0.053734203287160914,-0.007225179009147866
2020-10-19,-0.017998056526860002,-0.022427071095961548,-0.04162203789726745,-0.02032931882701173
2020-10-20,-0.013859355703610366,-0.002322936222775995,-0.020931391407267918,-0.0040444045037862425
2020-10-21,0.01885642622282156,0.0279943803491589,0.005420374379896657,0.017959111397891726
2020-10-22,0.009799589359028174,0.0005398662331075703,-0.04499362917095789,-0.008208064300026057
2020-10-23,0.00637704822812775,0.002223994817710435,-0.004475482728728558,-0.007440001743702975
2020-10-26,-0.003876377531638737,-0.012597229190270873,0.04429309105570478,-0.016455536352790286
2020-10-27,-0.015386999233931938,-0.030376969831763603,-0.026950587811429685,-0.012446381618839968
2020-10-28,0.018109830715922825,0.027713952019378294,-0.013814710913269414,0.016524951685123444
2020-10-29,0.01312180696268413,0.013588983408877615,0.02562525548396233,0.007045335275928067
2020-10-30,-0.022547179947271796,-0.01678149445837964,-0.03987835950386784,-0.016239918560675293
2020-11-02,0.002614341595883693,-0.015251426263091627,0.03982912564454277,-0.009143306850844446
2020-11-03,-0.0015646169768411759,-0.0003808638015765059,-0.003071841044336473,-0.001243945729329311
2020-11-04,-0.002981602126860253,-0.0036501545794020386,0.02063996144260638,-0.007644735964453266
2020-11-05,-0.020788037525568744,-0.0014148491901216182,-0.008525686530067397,-0.023075392111277408
2020-11-06,0.01324455059787262,0.03936000837725353,0.01296931952667831,0.013904503956981073
2020-11-09,-0.014051304381812957,0.0017572375131318086,0.0024798510372745735,-0.010562415578717678
2020-11-10,-0.0029774027279742595,0.011708046573429167,-0.0033376814481873227,0.014842910010757196
2020-11-11,-0.030440075117508424,-0.037805679319193014,0.021443862289578477,-0.03691709162238555
2020-11-12,-0.0022920860960610645,0.02832385018371882,-0.006656478436894084,0.016354977685933948
2020-11-13,0.007431901645480299,0.010841441334980148,0.006142805441675793,0.010619869473095414
2020-11-16,-0.0021783070128163374,0.01166574720263551,0.03770205947349055,0.009568152223454567
2020-11-17,0.011110774617902028,0.03373735253888615,0.04382282873896411,0.0019967562903418397
2020-11-18,0.02825898475359066,0.023152688856662957,-0.043448149031058016,0.024641748899772203
2020-11-19,0.009879678477759548,0.026553336892758853,0.030771432980936583,0.01120582800231086
2020-11-20,-0.011022415522192488,0.019067262468024357,-0.006197972164230157,-0.006050493381255106
2020-11-23,-0.0009519910699759425,0.004104829987463067,-0.024476293507012706,0.002538749245154861
2020-11-24,0.00546274877991328,0.03084689418426259,0.006351652599671931,-0.003218853960076689
2020-11-25,-0.0028456560552835766,0.007241179089904573,-0.014662109592735593,-0.008105585400936068
2020-11-26,0.006395761830289936,-0.004012730303563511,0.04283429605434093,0.009177972272429223
2020-11-27,-0.0014238108548473313,-0.006979119540734262,-0.021437451470559518,0.0011538904671261664
2020-11-30,0.0014631498814435004,0.001954350241015926,0.029278267086803846,0.0038586456705414105
2020-12-01,-0.008615453883498167,-0.010171416332362003,-0.03177795805435579,-0.01196384860045613
2020-12-02,-0.0041517766415935485,-0.007005496908783022,-0.01776114726185019,0.0033521605511687936
2020-12-03,-0.00516229072146098,0.003189929607731629,0.006072472709990554,-0.006573209591787418
2020-12-04,-0.007137740003555354,-0.007836467733663286,-0.021244876244255324,-0.01801264180117223
2020-12-07,-0.014641401961304467,0.014086106819986649,0.009229877481753957,-0.01176900544809855
2020-12-08,-0.003241753855945752,-0.0044243857245239975,0.03636137767252499,0.007053002864559725
2020-12-09,-0.017704600486119184,-0.013163705329051005,-0.03505493787656117,-0.02284178087407794
2020-12-10,-0.02595789998836747,-0.02238822957217428,-0.0024415584351989428,-0.021323793699473542
2020-12-11,-0.024530770051287405,-0.007639759240735603,0.030586993983173327,-0.019791358991393147
2020-12-14,-0.017773024515186878,0.0030943005936201013,-0.0056245010997890066,-0.012326046085631611
2020-12-15,-0.00781728596867678,0.031426839455340076,-0.015563893867607587,-0.020164605666524917
2020-12-16,-0.02918197525983666,-0.029064421706600983,-0.03405174446154603,-0.026044046879259555
2020-12-17,-0.022073286855760328,-0.020518800674428576,-0.020330340552129112,-0.027478155220210524
2020-12-18,0.017325025037853763,0.0005028925390232217,-0.00904278562640556,0.006974915652627819
2020-12-21,-0.003223081705056928,0.03448627893442536,-0.021464220173851953,-0.009959603838226591
2020-12-22,-0.01709137829517851,-0.015429156736497073,0.010577451453553436,-0.025164597535648266
2020-12-23,0.02291475155966527,0.016382597722516445,0.00017809735829409253,0.027695211304508128
2020-12-24,-0.018582754078032598,-0.001911560838762805,-0.01429222527004487,-0.04944748331147253
2020-12-25,0.007184485175117381,0.05424371713482185,-0.004803547440602718,-0.0039707076356083676
2020-12-28,-0.0032707887170551715,0.015773383449531345,0.024750041920622762,0.03024136266427867
2020-12-29,0.010297466473198288,0.01507426336643415,-0.02106435386467019,0.007042083390450039
2020-12-30,-0.023615314833700256,-0.022737325226486128,-0.026057531567777275,-0.016181491186544068
2020-12-31,0.04287609096363271,0.04644447986190999,0.06804230572595844,0.04659799076266104
2021-01-01,-0.028791158621646003,-0.028125611312008875,0.024454953796929812,-0.027646882655350546
2021-01-04,0.014861026516456297,0.02446513613368747,0.03243435442634755,0.002333007058678607
2021-01-05,-0.019976253660539026,-0.03831783359539795,0.041633646284725344,-0.013546316940270541
2021-01-06,0.002355897895041117,-0.0290384271733732,0.014237758933577836,-0.018613642385093568
2021-01-07,-0.016833995597456755,-0.01304179915192026,0.028431155721926664,-0.012950071687132688
2021-01-08,0.015268817264929213,0.01284594920635914,-0.006825627775506378,0.010971560683775644
2021-01-11,0.011407690338538128,-0.004688978054205477,-0.02354881347037324,0.003492442282735203
2021-01-12,0.047553366655695754,0.0423743430074756,0.019001149183751512,0.0522958164495453
2021-01-13,0.00859195524838304,0.008415601724234032,-0.03402780419084866,0.005547118443692261
2021-01-14,-0.043591947687100535,-0.012803162083744534,0.0010210374739480805,-0.04037703650553026
2021-01-15,0.012820475837911535,0.0335078239872773,0.056981049973853004,0.0006894052708700155
2021-01-18,0.01963222253814968,0.019425766583981253,-0.013354973675807008,0.015725924425793375
2021-01-19,0.02534957114695425,0.0022241457512500694,0.022129295154887683,0.03294905944652456
2021-01-20,-0.007914072261099062,-0.036430479694014174,-0.008738664828335716,-0.013519259152880748
2021-01-21,0.028486502717283042,0.022286766242054452,0.01486476663490506,0.020732581903063124
2021-01-22,0.023101850332488034,0.05005076833721992,0.024823023959659945,0.03019563014952131
2021-01-25,0.0160627762389825,0.02271064384863324,-0.010635852459568433,-0.0055883845137694845
2021-01-26,-0.03708862007732863,0.013090806983613382,0.015629775944550013,-0.0459632369861309
2021-01-27,0.008891689657756587,0.019841168922337782,0.018349482888765617,0.012327385224869638
2021-01-28,0.037727507429492,-0.01476597697857884,-0.0006765196255348674,0.05137648455132776
2021-01-29,0.010162374242212847,0.028389637351083827,0.04165945946685029,0.01642575187815369
2021-02-01,-0.01930360039596539,-0.02612034866918916,0.033269910317805886,-0.014491153546511593
2021-02-02,-0.03567049677990849,-0.033671039728982534,0.024983097538262805,-0.03966779944194513
2021-02-03,-0.015764337662086896,-0.045600923244059004,-0.012929066656256094,-0.007675451961009884
2021-02-04,0.031699772657930995,0.02251907434906283,0.03035466331430113,0.027061390864755164
2021-02-05,-0.011041317390189117,-0.005355301706082523,-0.027416045278137187,-0.008519704579726825
2021-02-08,0.005261405431678355,-0.002773306544309176,-0.050666596457042794,0.0030272515588980805
2021-02-09,-0.020889936899348895,0.0018594144762344334,-0.027153678529734732,-0.02174066609568404
2021-02-10,-0.005522863240323858,-0.006618365379074846,0.011394195890869697,-0.005772432523878551
2021-02-11,-0.017223970535922246,-0.02703145127792677,-0.045512464297683,-0.019072744216558135
2021-02-12,0.0013381166045671384,-0.021643637181428022,0.016006458805228243,-0.007119837151670478
2021-02-15,0.005917389568707947,0.0013817563244834974,-0.000655575380419022,0.008396141152463179
2021-02-16,0.018495933326274958,0.008507612864160505,0.03584092339252391,-0.004162873680759315
2021-02-17,-0.005150468100070454,0.02190391814355842,-0.006883898642308468,-0.012573772329452877
2021-02-18,-0.009806515259689907,0.011621441132963742,-0.01795708434110995,-0.013110746056879789
2021-02-19,0.024308516897635496,0.017636732991826772,0.011454590874083974,0.0040478346292974554
2021-02-22,0.041965523139334104,0.040111667986103106,0.004259529250996902,0.043581985397926515
2021-02-23,0.004288140884373201,0.0017519364162532677,0.005254743586816384,0.004484612556441726
2021-02-24,0.009295487924346334,-0.015425359766863562,0.005062753943099842,0.008812207152581924
2021-02-25,0.008910262818967412,-0.020957062934837817,-0.00776783025007777,0.00522443478025736
2021-02-26,0.015235259219559082,0.012317829505733714,-0.023398991278747686,0.020619670900838497
2021-03-01,-0.015343030238934859,-0.015696723939812085,-0.023653874721832373,-0.005676873156824044
2021-03-02,-0.0019167870088225274,0.01349096037654334,-0.01037392512783773,0.00839504395726994
2021-03-03,-0.013926129825909005,-0.0026451522415081017,-0.013363137202136634,-0.012147709127072696
2021-03-04,0.0057364174227614384,-0.010006413994197378,-0.011297045474574156,0.00014177465262116775
2021-03-05,-0.016263069931859622,-0.012694868929398244,-0.03030429927543588,-0.024152627695590484
2021-03-08,0.0013674177114360554,-0.03466800900142317,-0.010455419544066211,0.005735024193610343
2021-03-09,0.0018175830838181271,-0.006965437198559377,-0.02746765706420915,-0.00409209019837247
2021-03-10,0.015378211222712894,0.009589026540641404,0.012037026740486758,-0.005814541164314771
2021-03-11,-0.0011524203534703902,0.022429916862976736,0.000332101269551353,0.030210462410000524
2021-03-12,-0.0113584421048877,0.018182661745807634,-0.03277118629653358,0.0004942812751815732
2021-03-15,-0.013827377731797548,-0.012014634730739741,0.006959093409980146,-0.03300801781714722
2021-03-16,0.015031008174236188,0.01918972337847425,-0.008003442350712297,-0.0012171244952865405
2021-03-17,0.03253579605716164,0.04025126969675552,0.020411957265665717,0.01312665488918788
2021-03-18,0.0002481774793913071,0.005639492465245696,-0.0033049060628810934,0.00446293289960926
2021-03-19,-0.002595001466323392,-0.0009271859574609339,0.003168982419346598,0.011517462652318908
2021-03-22,0.007147901913016012,0.04167679345536654,0.004305672556617025,0.00379802251330719
2021-03-23,-0.006496880393341032,-0.0028051901362206874,0.005566705811106861,-0.007965368249728972
2021-03-24,0.01840256906581569,-0.007537700379293444,-0.0046793417897303255,0.0031348870797849797
2021-03-25,0.019715090089957317,0.016948029104132012,0.030577130174381406,0.009902563564092049
2021-03-26,0.021154072641550507,0.004054640537931262,-0.010552774500620985,0.031008919372258116
2021-03-29,-0.013667310971330473,0.018815563664731246,0.024562385952241757,-0.025952336136727306
2021-03-30,-0.003070154747930734,-0.014187883407362963,0.030257036372298703,0.010223404061798605
2021-03-31,-0.015363843831652044,0.0038823426687040505,-0.0012836399768328688,-0.009080724521209317
2021-04-01,0.00322450003318502,0.002619877967386523,-0.018350802187462337,-0.00026344700097368455
2021-04-02,-0.0004901537138837328,-0.0011969953365597824,0.0359930623843833,0.007645960498252831
2021-04-05,0.005360251559441964,-0.006226932336759348,0.001027159696864397,-0.00292814449013116
2021-04-06,0.004372082022029206,-0.007770718745220705,-0.005238898994162717,0.0006634490285144618
2021-04-07,-0.01333112870543994,-0.016977242880029685,0.00857473372801795,-0.002453867144340974
2021-04-08,0.007111857499287279,-0.0020907494723210645,-0.04454957379189211,-0.001658470904344747
2021-04-09,0.02351152894430255,-0.010581016113754735,-0.006220442582748101,0.010774966093454564
2021-04-12,-0.0022398797980248855,-0.019277702326462993,0.0008770179032870018,-0.0022789017916464258
2021-04-13,-0.005102934381087706,0.011695364778433782,-0.029854619850782433,-0.020312712396700936
2021-04-14,-0.015307937307900029,-0.012075893211428592,-0.03016314982479693,-0.009510591984003829
2021-04-15,0.005381269786414431,0.0016789986060744087,0.01714833864636091,0.0023802884674878184
2021-04-16,0.018106724004150417,0.014265798199905009,0.050603500216429356,0.008670681554648315
2021-04-19,0.017173049441255184,0.015018636146516532,0.026938296719888857,0.02051563081583321
2021-04-20,0.006705641385141816,0.026313859464274975,3.735321636854099e-05,0.001248609918704911
2021-04-21,0.00589289264305487,-0.0009429504697524415,-0.023317237867977555,-0.005328441602727778
2021-04-22,-0.021162575433995603,-0.027596088551348607,0.007334640431809282,-0.028162698194800957
2021-04-23,0.01089299052453781,0.0032128347481994762,0.003089120602563988,0.01570313212223881
2021-04-26,0.0018284481132798856,0.03247852554713967,0.007184139199840439,-0.001752273467184523
2021-04-27,0.0140277890530164,0.008873936745726702,-0.0031963734842187534,0.02296351016340584
2021-04-28,-0.00303638419809081,-0.015513381319649423,-0.00013956675840301206,-0.016114425776872145
2021-04-29,0.04093507037906858,0.011319828944107943,-0.006303013100055978,0.030690376471788978
2021-04-30,0.011206879995812139,0.011210312516971492,-0.020552505777087133,-0.006913361096151045
2021-05-03,0.02299960933820541,0.011562372366486608,0.007790061469556422,0.03480882794361379
2021-05-04,0.007004137257574569,0.018720232449444194,0.03210739069212909,0.0036279750873242783
2021-05-05,0.013384021456261476,0.014989084766296736,0.003227835704751072,0.016333400425750266
2021-05-06,0.008928817087174851,0.00904993453500055,0.030035269147779778,0.010709528611341527
2021-05-07,-0.015804080998411282,-0.008594066867243393,0.0016249163459125034,-0.006115480317864462
2021-05-10,0.014200973473741123,0.017676358467214538,0.03347816442745407,0.01632431333694329
2021-05-11,0.02878856597383526,0.05223682707046792,0.040276127099789935,0.02583895746234265
2021-05-12,-0.005633224076300985,0.02407589147668627,-0.01020179205519061,-0.00204876178060424
2021-05-13,0.007372580348756006,0.01288478424381502,0.00037508486757082755,0.022247701005377166
2021-05-14,-0.02465208637424449,-0.0327618746362348,-0.025941533782390804,-0.022772131921549112
2021-05-17,-0.02671870677603961,0.013317388568455537,-0.01546877577791666,-0.0430039325040993
2021-05-18,-0.013408857699478827,0.003363332153625289,0.012846147526051321,-0.020619262844943174
2021-05-19,0.004175388799634405,-7.882824823538133e-06,0.03126766136128369,0.02764434675989042
2021-05-20,0.011226157524059267,0.020112728012507707,0.0029307326578473904,0.019363116901418762
2021-05-21,-0.00873723598990826,0.0014910537987135948,-0.02392405075048049,0.0029918078123243497
2021-05-24,-0.028559997393960777,-0.030661663031286607,0.012138570194528948,-0.026519200342175805
2021-05-25,-0.004673735475591325,0.02129005189744539,0.005910550973574674,-0.006813676876110372
2021-05-26,0.017461464448270018,-0.01904246710534192,0.015258402238005285,0.03803940237790575
2021-05-27,-0.03945997761917721,-0.03188695992323582,-0.011979356049173965,-0.04446393555088805
2021-05-28,0.02300657265332301,-0.026737308760690637,0.02947733525162804,0.020117929244959847
2021-05-31,-0.045357070101707066,-0.04587756121282164,0.0017817524505854478,-0.05073864817483951
2021-06-01,0.0028104406672072157,-0.021963249759592983,-0.02798876548463854,-0.004898503623473903
2021-06-02,-0.016092820121461994,0.02232703204232705,-0.03906640349427522,-0.019089233534738227
2021-06-03,0.00899261001453838,0.03718989004534631,0.008488825338767743,0.021102269256825793
2021-06-04,-0.032373577930165445,0.026481229228471667,-0.012525298253127093,-0.03287976334648256
2021-06-07,0.028311159687859053,0.033534993374189095,-0.02789322392435142,0.01265826161175994
2021-06-08,0.018042857457945632,0.042197529170490744,-0.0009044313981395457,0.008399668543411553
2021-06-09,-0.016055098519376632,-0.04266731651704315,-0.032299371577681986,0.0038485784376275224
2021-06-10,0.028308366179050234,0.0037071015782856017,0.04842571824787667,0.014518477016929454
2021-06-11,-0.0036291288140324475,-0.039483160640895326,0.0007811969407647815,-0.033550844469457566
2021-06-14,0.009936735172366658,0.02084817487975115,-0.012266711635802324,0.010255873485390239
2021-06-15,-0.020393139339736337,-0.000541335035268799,-0.003836128517343508,0.0057108743290467095
2021-06-16,-0.01862288693686434,-0.055787369728313795,0.005559018015214252,-0.022089938287273563
2021-06-17,0.018665088617113145,-0.004306322456022202,0.008209946667171755,0.044886882022193396
2021-06-18,-0.0034729897566957734,-0.020810655319329407,0.002364627122254153,-0.02207985728470536
2021-06-21,-0.01143522699644303,-0.01794117783476188,-0.04997636438870258,-0.03255519737236556
2021-06-22,0.039730211784161244,0.037990864674874884,-0.004039031994232714,0.037297480014343874
2021-06-23,-0.0013008330244284863,-0.032400854578250184,-0.011874774596397318,-0.02511825599202188
2021-06-24,-0.027742752191866123,-0.009708880666125512,-0.029301945753711367,-0.04097929031347069
2021-06-25,0.0093535541866615,0.024242686639113838,0.005903947646254096,0.004073694894107953
2021-06-28,-0.018494576494641438,-0.0027611178292639726,-0.006331910888710443,-0.019887205374259687
2021-06-29,0.006156658128176072,-0.003796452455424916,-0.02604796369019894,0.0024523772977090345
2021-06-30,0.016031605453367653,0.033415606609576716,0.016800320413221236,0.014175750619126898
2021-07-01,0.022108515003184746,-0.0031959118032424405,-0.02186017476701293,0.013265312389107888
2021-07-02,0.011909261345140086,-0.010043984113736106,-0.010825761441169169,0.011170591223634263
2021-07-05,0.015094831022094152,0.0012688868378842063,0.03427926073506706,0.02264433659940607
2021-07-06,-0.011835382789231476,0.023017179160325394,-0.005310933482158003,-0.002520948207489332
2021-07-07,-0.020020523929099063,0.019795101692356234,0.010455514990330263,-0.030383767413753704
2021-07-08,0.004487727522140757,0.007736028529092406,0.02067472875055712,0.009554401652920446
2021-07-09,-0.005563992554934446,-0.010899384550919445,0.014435014382409956,-0.009562485375461437
2021-07-12,0.00809312113298767,0.027079236412715226,-0.014869771506732977,0.01119685238031096
2021-07-13,0.01769800448717629,0.00856798270769391,0.028048407559679366,0.008971000041826166
2021-07-14,0.004664135476186263,-0.00034826792750197147,-0.018681214031455447,0.010516691730802432
2021-07-15,-0.034697054978512235,-0.02225893442240147,0.028500286572638405,-0.03719363491351969
2021-07-16,-0.01825355683702662,0.01728083182417624,0.014521928950149445,-0.011588550464620782
2021-07-19,-0.024046187126650204,-0.03671550462602151,-0.0015062247017414666,-0.02617115603561362
2021-07-20,0.031242443670097632,0.02347110365247934,0.003235410459368467,0.03798699290866507
2021-07-21,-0.02955673749903438,-0.018470769622823315,0.007086334159442718,-0.036546514766921744
2021-07-22,-0.010764437268226946,0.004834406690876057,-0.008192386709600449,-0.03162742046211301
2021-07-23,-0.023028692188105097,-0.004120212509625417,-0.021173198915148524,-0.012725679193152312
2021-07-26,0.008056782158299778,0.002418315089022308,-0.014987422310944316,-0.01546089020239266
2021-07-27,-0.008169943754052248,0.004336894391629685,0.006468556503898778,-0.02354803288258943
2021-07-28,0.026811384007552046,0.0036778839470398687,-0.016790273637935192,0.02975149354261777
2021-07-29,-0.030388401255969297,0.0019450789442527748,0.012165388237789062,-0.01644783632226865
2021-07-30,-0.03179222156747084,-0.015061791931688943,-0.014208460520248094,-0.035053650835496775
2021-08-02,-0.011046740864897145,-0.0010587788595822786,0.018715478860567517,-0.00947343609881196
2021-08-03,0.0009853172792342296,0.002919351312629062,0.02421953426949616,-0.0011096990660620241
2021-08-04,-0.03929461940191241,-0.025189328873014744,-0.004583463463139305,-0.052751688855798694
2021-08-05,0.014342878796406824,0.0010597140769045253,0.01907100624447561,0.0020483821917361192
2021-08-06,0.021159355593271072,0.018471241992980662,-0.012640906995050763,0.03017674913913708
2021-08-09,-0.005298023826976232,-0.010417026349254505,0.01007875579807974,0.019612142536723817
2021-08-10,-0.017120578195069958,0.007500653118798819,0.010388680813475921,0.006424189832700663
2021-08-11,-0.0007189440443384036,-0.007174871929199687,0.011056060899252948,0.008622743969338651
2021-08-12,0.004958489820165183,0.01673819571185886,0.026284211423476714,0.01399759034992012
2021-08-13,-0.0038462305884323293,0.008020843907191702,0.00011525476540216693,-0.010113264356282205
2021-08-16,0.0041899491659223706,0.03981783735806003,0.02080296336703842,0.011970639160835536
2021-08-17,0.02170769596932637,0.03308990458440593,0.06330591500946628,0.04076742015581182
2021-08-18,-0.001910354230083748,0.011177904931560534,0.03637061322566201,0.009142454414774823
2021-08-19,-0.016871244557953323,0.010403814878374613,0.02229392073985558,-0.01353045202582474
2021-08-20,-0.010136177075933237,0.032592300056703,0.01197585713058568,0.0031320530212704386
2021-08-23,-0.024287722662256712,-0.015989694326581743,0.04365565130508107,-0.029785694735758813
2021-08-24,0.02607434850790324,-0.004421882364920921,0.012975501649799388,0.055777805456596566
2021-08-25,0.0023322782565442235,-0.0046407388182516125,-0.0012009512426518463,0.02199674128666452
2021-08-26,-0.017275155402061686,-0.025777079054249277,-0.0007646878162341194,-0.024693422231125882
2021-08-27,0.018479622347955887,0.02118641705283404,0.0029891258250453693,0.022416540752582963
2021-08-30,0.016879346316600985,0.00398411073470837,-0.010235839992612294,0.01650695178386487
2021-08-31,0.009986234660754507,0.026806597796387336,0.010015340650529959,0.013569123921475355
2021-09-01,-0.035091529652072816,-0.006222932033475499,0.006052680624112591,-0.031030016462076367
2021-09-02,-0.032109485594449184,-0.012486194826808366,-0.006654143218802499,-0.04069801376573647
2021-09-03,-0.001680929528916251,-0.03718316428677319,-0.047725507719651034,-0.004043364849416394
2021-09-06,-0.008912713185757029,-0.019120882064625533,-0.026582790172318963,-0.0027938264842951904
2021-09-07,0.004495122086353993,0.004053776113651661,0.015780857486344165,0.008612272294967664
2021-09-08,0.0019167776731167819,-0.025078519622239195,0.02374838920872783,0.018997448158940586
2021-09-09,0.016591679296301173,0.04798368649474589,0.017936630147466617,0.02046791335104113
2021-09-10,-0.014277770296255314,-0.006977016865300022,-0.01851618819410739,-0.013607273726569698
2021-09-13,-0.028271745004407683,-0.010173225922307422,-0.008270286253886459,-0.020247752208278673
2021-09-14,-0.02896361036026539,-0.010795536197988578,0.03259671827498002,-0.031148092489373957
2021-09-15,0.03624187237279572,0.030089444052640146,0.0004487618203720081,0.021915949549379605
2021-09-16,0.005080472626377141,0.023883388125519513,0.03444758453550572,0.023037792618609526
2021-09-17,0.05871846170725763,0.03624329043687899,0.03979472257228827,0.06410901500128673
2021-09-20,0.05407635381986136,0.06642891710786494,0.044740835506131824,0.03667167694243085
2021-09-21,-0.005713419321565995,-0.009554426026900598,0.008681452661337451,-0.009559365630837058
2021-09-22,-0.02545058382292013,-0.0204074023260189,-0.06464178043724192,-0.040874562152845434
2021-09-23,0.038452329668949126,0.017056465613060446,0.03951254726194957,-0.00980437761164274
2021-09-24,0.007899188904847235,0.002993445948631368,0.012630973112100473,0.033620684000330976
2021-09-27,0.02617508907661706,0.0008878167871086604,0.06069616878986985,0.01999575340608185
2021-09-28,-0.013678754236841091,0.0025289928155890784,-0.02678376158895412,-0.01208318525001293
2021-09-29,-0.01982014918311267,-0.0003532359848302816,0.0020222602139018317,-0.004564380687131461
2021-09-30,0.007531954142368757,-0.007525444252034619,-0.06734121838228875,-0.0003589987427711225
2021-10-01,0.019425461668710686,0.015613254024011081,0.025847227764221534,0.02010806207506772
2021-10-04,-0.005047585078158499,-0.019052973849595367,-0.025922131070923317,-0.00582777771242977
2021-10-05,-0.015746911653080935,-0.00258327653513113,-0.011523260782641778,0.006328108517141506
2021-10-06,0.056998347091104164,0.03328250448879794,0.03676046768706174,0.03932071599585281
2021-10-07,0.006491052133848503,0.012237639859033068,0.028944435656294107,0.02370405137542658
2021-10-08,0.011666591137090017,-0.015961407813090363,0.04177506784075415,0.012106708595822554
2021-10-11,0.010963299039449656,0.005263447150495025,-0.004786482110175622,-0.003250998114782051
2021-10-12,-0.01517120864879259,-0.0016019083552489934,-0.030887701312565383,-0.006641872259907519
2021-10-13,-0.011132157679492945,0.0037777171315463267,0.0015143144136749382,0.0008108551483347458
2021-10-14,0.00743681391411583,0.03731200417096691,0.0390061968837222,-0.0028026221898737585
2021-10-15,0.013960340966281844,0.007620364324761287,0.04593174758563911,0.020310156961526243
2021-10-18,0.0170609818885922,0.009915019914336628,0.020756609742239814,0.025761157467453652
2021-10-19,0.008496018911327417,0.010647589834505767,-0.018794392047849807,0.007218397094832981
2021-10-20,0.016958309692213725,0.002068216632038513,0.009170363688584184,0.014374297683321154
2021-10-21,0.006725341066883999,0.017500802727890664,0.06616011054401578,0.011376044274880539
2021-10-22,0.005374929869346468,0.0006611913974070824,0.01630523016398849,0.003494307869026775
2021-10-25,-0.004877863139662889,0.0004139527062158682,-0.03832345769307204,-0.001523571895234508
2021-10-26,-0.02095780652292681,0.012120200675091695,0.0034316423174406384,-0.022689248699369936
2021-10-27,0.030453893514669463,0.02052304145027107,0.010816685474177518,0.04362004472090827
2021-10-28,-0.002176194541622284,-0.027851204249157015,0.009952912258606355,0.014052001353246702
2021-10-29,-0.050917070331872996,-0.02130188108490668,0.014133278933555302,-0.04080101973053132
2021-11-01,0.04395489423406731,-0.011014450600643032,0.0166472948610562,0.014359267600468285
2021-11-02,-0.0075924257574760436,-0.012805802994155067,0.0013231144292606299,0.0035757606537950306
2021-11-03,0.022391935534297337,0.02608387133982472,-0.012655654308474618,0.015670352168347175
2021-11-04,-0.005082900592335058,-0.0003624824270495166,0.026831964931496134,-0.003783740270873665
2021-11-05,0.011564659067408396,-0.014773730730308951,-0.01568580026057001,0.0028311373877894846
2021-11-08,-0.00961293045542683,0.0009855169646649073,0.038941877747232186,0.0065209328225982535
2021-11-09,0.011963311274418279,0.034530906583188865,0.033879259028855864,0.007715685677368902
2021-11-10,-0.00042843235923252266,0.005512655370534397,-0.01388498905527372,-0.008462797557640272
2021-11-11,-0.02820898173754843,-0.03368727843503483,-0.03910927796912433,-0.01203438405707175
2021-11-12,0.018297319984645476,0.05113326341420023,0.02274826593094431,0.011159003365064162
2021-11-15,0.0171503802186986,-0.01007844781784973,-0.04502068505783662,0.01791299645976698
2021-11-16,0.025889429143786932,-0.019778116672575796,0.005893189272830427,0.03376881077322618
2021-11-17,0.002442815151672722,-0.02714186271887288,0.011164131203881688,0.019311041004450226
2021-11-18,0.002161484883216278,-0.05098027910826545,-0.029421340530841066,-0.018963002726985825
2021-11-19,0.015511276389857831,-0.014265974321422157,-0.027894721959240476,0.013071101672604427
2021-11-22,-0.00023656866058410393,0.03336377119162361,-0.025489647110580074,-0.00879221861321305
2021-11-23,-0.006753253769012004,-0.03716598716669682,-0.04580742975895754,-0.012554876316615697
2021-11-24,0.0299234703383019,0.05126122837715666,0.03149633654066679,0.03745465306343342
2021-11-25,0.01646562118800578,-0.04729944088423826,-0.01962984097438182,0.019324215603962667
2021-11-26,-0.005585459054735786,-0.03513883568679515,-0.05084819585086101,-0.017723422150431475
2021-11-29,-0.008229140885873556,-0.05236090384894929,-0.05283150337364463,-0.02505619361588004
2021-11-30,0.015968326470221773,0.025155929761834287,-0.048897294145212045,0.0047037122860953354
2021-12-01,-0.00467536237583519,0.025037593952036013,0.015804679497884944,-0.00902915953955514
2021-12-02,-0.01779098920804498,0.021722897518462757,-0.0018648973379867572,-0.02311996902814393
2021-12-03,-0.012537615889007854,-0.010291078747784968,-0.0621765373045602,-0.026277680487105225
2021-12-06,0.014368329486860823,0.018680025359394788,-0.0010400026045375927,0.020777072750460944
2021-12-07,0.005213973356104885,-0.011686600700824553,0.040349410617682845,0.008749419755755446
2021-12-08,0.0007694599224431106,0.023004806097677737,0.05969394637588735,0.026331026236826236
2021-12-09,-0.015217774537047842,-0.06339346488257387,-0.026633593393255005,-0.007161673989031044
2021-12-10,0.00561777034307326,-0.014454233787847194,-0.06074741874312567,-0.0018682709015733169
2021-12-13,0.017769260274251752,0.003087559994842551,-0.00445846403145506,0.03314644716129004
2021-12-14,-0.006910910124291782,0.006865264688289891,0.01436935169701396,-0.008603609541563237
2021-12-15,-0.0074564856692262505,-0.011154554319088067,-0.004894449455250792,-0.0018779683377336714
2021-12-16,-0.009651719506844408,-0.04590125175795769,-0.06202908161526946,0.007068791794471817
2021-12-17,0.005942044127983628,0.0020488835573696843,-0.011358965884875507,0.003748067476628496
2021-12-20,0.0015195143159386856,0.004286402632802681,0.005622406408585832,0.0021470929850392856
2021-12-21,-0.020990420867864342,0.017980004119311787,0.07688376187213923,-0.005768249795588587
2021-12-22,0.018469374911114573,-0.013924961636266716,0.01873563603612042,0.010572487319898773
2021-12-23,0.012493365347477537,-0.012479625503628817,-0.002371611719398277,0.018957163798348376
2021-12-24,-0.0003445064774418114,0.003952364374295535,-0.014936175450326092,0.012288126922066463
2021-12-27,0.0014493839998675382,-0.027431440837346856,-0.010637783912075783,-0.0012973544247373624
2021-12-28,-0.010062124330334266,-0.03014636599988593,0.0025895812433138097,-0.013077155808153395
2021-12-29,-0.015768753193501916,-0.02474949589474547,0.010930243282838951,-0.026388249694381312
2021-12-30,-0.01838650472627203,-0.049644245241251064,0.010556293019235859,-0.017100147049434952
2021-12-31,0.006050142843630409,0.015379817729795306,-0.04044511870703333,-0.001907206175415404
2022-01-03,-0.009222463663541715,-0.014733546055312055,-0.014086351979582403,-0.02010997611225107
2022-01-04,0.007132805200839278,-0.015531855707090512,-0.005702689902899479,-0.0006109914814682367
2022-01-05,0.007087955017625113,-0.002515438036309128,0.010524520151636362,0.0013983222616195377
2022-01-06,0.016701323135854068,0.007186173159815438,-0.015488649297862315,0.007430715335122361
2022-01-07,-0.019885471084762997,0.004737096058467232,-0.006353140067977706,-0.03066241581517408
2022-01-10,0.006704916961758469,0.014773369248899016,-0.00701868472187637,-0.007233306789047846
2022-01-11,-0.006385987407199641,0.015483881689717245,0.023117503130970007,0.0019592086286386815
2022-01-12,0.0028352842696596344,-0.0038222638763183324,0.04230714842292042,0.007263502139177977
2022-01-13,0.025152287682923248,0.03130978247988722,0.05211745523633692,0.03525828598998546
2022-01-14,-0.006096659260001505,0.0139555682533148,-0.06414100993286477,-0.016623194052043197
2022-01-17,-0.020691700457866554,-0.04192872343663504,-0.009626308575593857,-0.015405665270202484
2022-01-18,-0.009745212153741913,-0.023821458728593627,0.023197836821642285,-0.018086466582568867
2022-01-19,0.0022779516485750204,0.0176352803331225,0.0016619784586526475,0.009616190841971507
2022-01-20,-0.008467795360297632,-0.02292471816243961,-0.0246557426266394,-0.026017851488281746
2022-01-21,0.0029149364399020136,0.0232610276305085,0.011731215404199389,0.0016629849143054327
2022-01-24,-0.021020791346705835,-0.018360660132364218,0.0007686391384183771,-0.0193463318042325
2022-01-25,-0.002491422543149263,-0.024556705479889328,-0.004970421701033567,-0.010784090881351231
2022-01-26,0.018588640460888567,0.003975426883648489,0.0050015322414818176,0.015129923874166704
2022-01-27,-0.033080338461292505,-0.041525454072177045,-0.017087636951034775,-0.036867943058384076
2022-01-28,-0.014856744694846127,-0.003947944837671851,0.023972571136798,-0.015457220764933947
2022-01-31,-0.032637221316683375,-0.030669628607184172,-0.05102320034473729,-0.04861675169295718
2022-02-01,-0.01998897471206578,-0.01045341100906537,0.031184549133391436,-0.026633333605708367
2022-02-02,-0.01693398947497992,-0.003850590329282504,0.026577555039709874,-0.0037033687434888884
2022-02-03,-0.006194194558177599,0.000311393435749577,0.01993207784666472,-0.012497097094563349
2022-02-04,0.02397262845912032,0.045963480824311786,0.08259531280281393,0.03136709973342412
2022-02-07,-0.005884837836161414,0.01166256771702915,0.018087155104514016,0.018435673130558494
2022-02-08,-0.00634069959366272,0.006097011041196942,0.0193833367314869,-0.019984490586424354
2022-02-09,0.009815969842115363,0.02143214598958458,-0.07623123618587485,0.007977198258801972
2022-02-10,-0.013753524268314901,0.011770035488973199,-0.043786771813673686,-0.024051614086686476
2022-02-11,0.018843566787507118,0.017387528780337183,0.03898811678441959,0.015113195993632443
2022-02-14,-0.026095597902070528,-0.02210837117144111,0.03156921157043604,-0.01671748250133282
2022-02-15,0.02217096240408675,0.03589730233564174,-0.0074472072712431355,0.009341279198889444
2022-02-16,0.007047689785137597,0.03725957656513724,0.04478803401660816,0.02763565477135482
2022-02-17,0.015272758383540865,-0.008315350152224128,0.02875187229823739,0.025013292952760134
2022-02-18,-0.003966504877874214,-0.018245677349157805,-0.0024835984278297257,-0.010869992311689223
2022-02-21,0.007871783647404018,-0.011559690096593227,-0.032370060297798146,-0.008205483339604408
2022-02-22,-0.018776899374071204,-0.03706583020425853,-0.035517086875456745,-0.0317458932345955
2022-02-23,0.0027346404378278994,-0.0028090494524362366,0.027356098324908495,0.00915569072030694
2022-02-24,-0.002755872053832026,-0.011243585838443692,-0.0265481823449772,-0.0030774873403230625
2022-02-25,0.00014266076652585016,0.004718246084486755,-0.05521901496074674,0.0103583191396637
2022-02-28,0.0020177856610164857,-0.005438014850679205,-0.01431973735434996,-0.00869430271892072
2022-03-01,0.008287116681627618,-0.009969797570718501,-0.029856287304747164,0.008805910835318221
2022-03-02,-0.0009611655023090645,-0.005189358780929156,-0.025429598221958546,0.01074443496326008
2022-03-03,-0.022370867147329974,-0.039459281268612784,0.02168621697507765,-0.01628618397525093
2022-03-04,-0.008509526834656592,-0.032352359256612014,-0.027962315803295668,-0.011025023173037047
2022-03-07,0.0029800872174979617,-0.02279958778324063,-0.05939525660215045,-0.007393278939997515
2022-03-08,0.009100213881784067,-0.012657158102848485,-0.013063194068015626,-0.00490991004407694
2022-03-09,-0.00542806064564349,-0.022553392644825768,0.025480457462284768,-0.012620995187178869
2022-03-10,0.0021955898263541756,0.0020270148364170543,0.010789280693123118,0.0058402148901320694
2022-03-11,-0.021429917867559965,-0.03457069120149168,0.048534187182977605,-0.025057777866751018
2022-03-14,0.011006817815200472,-0.023970297467319025,0.005454911880736226,0.019725362350695875
2022-03-15,-0.030849813964475007,-0.03665330596346424,0.017052098616105935,-0.021353025166337875
2022-03-16,-0.005916272384414783,0.0018805776325915965,0.014381869447829593,-0.0057519182148257865
2022-03-17,-0.020559001429619177,-0.041329764849914644,-0.03841339187457729,-0.027752130851226024
2022-03-18,-0.00874881663747859,-0.023960574870381723,0.031766836918799626,0.008019907059681287
2022-03-21,-0.008754460860014609,-0.015124353582851488,0.005613261422167729,-0.01294921447542702
2022-03-22,0.014756386719591816,-0.004610376397546376,-0.029533044509566213,-0.0015071504207471995
2022-03-23,-0.025917057127556535,-0.037477530549934655,-0.04006868022550104,-0.03421872328556514
2022-03-24,-0.005404160542750437,-0.005857637564619899,-0.0045982046722869525,-0.005635688152672665
2022-03-25,0.024245164134618493,0.02361812545611534,0.01733536570872718,0.030385257468674792
2022-03-28,-0.011569457747065796,0.005754110494893049,0.02413663535291972,-0.005807499138731315
2022-03-29,0.003167900637159148,-0.022740731015844645,-0.021587579002064445,0.011332619646285505
2022-03-30,-0.018512646598191074,-0.03674892685101955,0.060946918850620896,-0.02186521533054521
2022-03-31,-0.029201375354468463,-0.010946009683852113,0.028404847651311068,-0.011224783271649176
2022-04-01,-0.018808135645859977,-0.026991524796818427,0.005293219569745587,-0.024788009627483718
2022-04-04,-0.022351616489117442,-0.013948397908196672,0.023860341848228838,-0.014864627926410951
2022-04-05,-0.0074604969756556635,-0.009797052298240225,0.016362098771603592,0.004178788528654566
2022-04-06,0.025151373848909826,0.011142386563012462,-0.007693396458049649,0.009925348232362944
2022-04-07,0.02884263633784127,0.03852058907598131,0.0844441843950184,0.011777867807534797
2022-04-08,0.012554291851968385,0.010917913913870264,0.02740241962974318,0.008326408867257133
2022-04-11,-0.006615695631098693,-0.04515280709743564,0.010480453133925236,0.004621513300297546
2022-04-12,0.05265016850287113,0.061535901554249726,0.0719366495813503,0.03957431223312575
2022-04-13,-0.028513636465028754,0.016381594339480773,-0.04278888033778733,-0.02062044885922243
2022-04-14,0.029084182717686466,0.030943867961953107,-0.02700381460728202,0.004311714905358703
2022-04-15,0.05528129101968952,0.020670370793738423,-0.0347022026848795,0.03786181648238601
2022-04-18,-0.019469548979714358,0.011024148007199528,-0.00015333182654576574,-0.013544159019542356
2022-04-19,0.012502081092939378,-0.014279738522091192,-0.03248853202344606,-0.012025054503794432
2022-04-20,-0.005102986480572194,0.01746451488626951,-0.07544563259784204,0.0001520187646895614
2022-04-21,-0.03725107754299693,-0.028884519001215556,-0.014519029035379136,-0.011529736453908656
2022-04-22,-0.040820515101309254,-0.018558689275888496,-0.021439690928586323,-0.03433037657846389
2022-04-25,-0.00971107378782616,0.009318927640787572,-0.014807822702929805,-0.008549748878467694
2022-04-26,0.017081322612537822,0.0017725453118352132,0.03741625409159076,0.026438835504534637
2022-04-27,-0.040547724865170484,-0.01723927811923292,0.045378632432254574,-0.01488657245179657
2022-04-28,-0.004984559185041586,-0.02456711302812276,0.0016032075009906074,-0.015310340292764008
2022-04-29,-0.020742724220324776,-0.011160106554351387,0.05901659764801875,-0.011960071236377094
2022-05-02,0.047141787799638964,0.04729907690298463,0.059677765125674555,0.009937413065644407
2022-05-03,0.027908120075579433,0.04266340563457918,0.024781521253137772,0.037335932786041984
2022-05-04,-0.04841089062880514,-0.04076133033144436,-0.07747805282985851,-0.03398044182662632
2022-05-05,-0.006281600885796763,-0.016447661573220307,-0.03860546931825896,-0.0023138834817064383
2022-05-06,0.037482912225170584,0.02235331183301118,0.0590074330282985,0.022263197311215132
2022-05-09,-0.10727389739801789,-0.07921700977844508,-0.01651844581280917,-0.06853776138839887
2022-05-10,-0.0007291845110328857,-0.01727399642654395,0.027737955833476175,0.00811920961165681
2022-05-11,-0.009839508128709464,-0.005007361243030602,-0.009034604116688771,0.0065144045081021755
2022-05-12,-0.003697533859212155,0.017887834338267555,0.01839054890548603,-0.008809348044962506
2022-05-13,-0.00310787949180855,0.0306327593019961,-0.02903895684160144,0.0031609867196907638
2022-05-16,0.021779811426439203,0.046296131049310074,0.007609963278020594,0.013100888554735509
2022-05-17,-0.007065538617713369,0.03130123144895546,-0.031972849952100625,-0.011419407512453928
2022-05-18,0.04175592654575211,0.04571047746017108,0.01834556692410012,0.01424515772796688
2022-05-19,0.011159214109119379,-0.02256125053428873,0.04410299829981945,-0.011392009161379127
2022-05-20,-0.00343015679428932,-0.025593985609690176,-0.026902365801098296,-0.012331178570626971
2022-05-23,-0.024878601472108543,-0.0204499806872799,-0.031741194542627936,-0.01844472290380707
2022-05-24,-0.0005337390354776266,-0.0014259633231132782,0.02669852376506298,0.010113272497075549
2022-05-25,-0.0052944403224331445,-0.04514315530994651,0.007810196289672472,0.0028603273471728315
2022-05-26,0.023631227436127153,-0.00018705909337211822,-0.01928931830230607,-0.0008644077600696141
2022-05-27,-0.02787628036902765,-0.03328711265206064,-0.016582422567852466,-0.022830478064806866
2022-05-30,0.060592880145426034,-0.012603499787925904,0.0199756341695904,0.03156656247351409
2022-05-31,-0.037456349635326285,-0.03863782160588237,0.008505930049346976,-0.03147223966144376
2022-06-01,0.02611415757347875,-0.009033915164607588,0.032517875301601516,0.021948628536819902
2022-06-02,-0.03550071055678826,-0.029716511847460707,-0.007568251909964358,-0.036082206525253645
2022-06-03,-0.003121822207374363,-0.01823214239372266,0.020443969852608705,0.00251525546578224
2022-06-06,-0.005795486457627869,-0.012963024526674083,-0.018139029683821816,-0.013932248610826444
2022-06-07,0.017239498340768006,0.010836090906167524,0.03090382399386571,0.002335587129777071
2022-06-08,0.006084904314293183,0.01874415240830358,-0.0028270787948240445,0.01886508101461217
2022-06-09,-0.011809435585453793,-0.0016152551918097295,0.011957476930101782,-0.02020399360369044
2022-06-10,-0.034724021009393896,-0.002688085829001594,-0.04821512264073566,-0.026825578166345634
2022-06-13,-0.009656141681904849,0.03711438859754253,0.01049321511643796,0.002386104176425436
2022-06-14,0.018667410864756737,0.03617417666199528,-0.0010234812385549465,0.005870458560450748
2022-06-15,0.022300968234746796,0.03546570468511858,0.02741553364038674,0.028071560331137477
2022-06-16,0.02251610054036691,-0.0030868837477067987,0.05845413305657685,0.002018929845765271
2022-06-17,0.03629843363427492,0.03292701888153857,-0.01676625583053744,0.030327940845465865
2022-06-20,0.00918212146750725,0.010413282574797013,0.0018843533910304106,0.001455865670477142
2022-06-21,0.015014985300376909,0.04328540190343016,0.00803778640356697,0.016829183231176575
2022-06-22,-0.04577420246260245,-0.04389768028535595,-0.03586068188247244,-0.03632325512025838
2022-06-23,-0.009652393150505275,-0.018395412464677376,-0.026387638376836255,-0.019539992351434558
2022-06-24,0.009477258180572507,0.006878959696766626,0.01748355930163703,-0.005349411793794742
2022-06-27,-0.0026662970758526976,0.005645952874051651,0.009454953520739207,-0.0070939976634742325
2022-06-28,-0.00245153470708602,0.013477845322027851,0.007740622038018,-0.015203845427064417
2022-06-29,-0.004055431286747117,-0.026716011971576876,0.01188095153498704,0.007390068136390388
2022-06-30,0.02381080663449254,0.025153104937546356,0.03397254489653493,0.013191894596623776
2022-07-01,-0.01420356802001744,-0.014184677162783413,0.0006888396924341826,-0.012867739290986011
2022-07-04,0.028379325822364868,0.021476125081549786,-0.04886964651149268,0.03083978070564704
2022-07-05,0.0201448314934092,0.021485690652405232,0.03439898601957203,0.012555989557012068
2022-07-06,0.005081735006158047,-0.027428430029546938,-0.016834810387640384,-0.010007399853907046
2022-07-07,0.01630382063706362,0.026684424564237624,0.012862655109485562,0.005942875460479117
2022-07-08,-0.018867390620472744,-0.027981544319556982,-0.008107368209204697,-0.01896868293211287
2022-07-11,-0.00027724795021986926,0.015523957069941538,-0.005297380628537349,0.0028200085548682695
2022-07-12,-0.017163143691875087,-0.02921757814634656,-0.0029478400158378247,-0.03715414652494112
2022-07-13,0.009882214105579693,0.006731070016610672,-0.05885487408718067,-5.5949047372656466e-05
2022-07-14,-0.028826666318978025,-0.020426254285901075,-0.02677491271717825,-0.022893712160398982
2022-07-15,0.007270522367491795,-0.01600855180716822,-0.0066251664227364865,-0.015582056254945168
2022-07-18,-0.04592093005183353,-0.030712612184795117,-0.026920534156156306,-0.033339240885324264
2022-07-19,-0.04432435785463563,-0.04517358583355384,-0.06694496397151271,-0.03304050934971853
2022-07-20,0.02802367344199862,0.03764025133732284,0.04331504508737659,0.026604990541287888
2022-07-21,0.04851531069556677,0.050661227620906954,0.07350404591032489,0.036951040161526796
2022-07-22,0.01928296073576033,0.0017005283824344862,0.020783376566049963,0.0015200340015896561
2022-07-25,0.04059374595073726,0.04577654403738511,0.02398661215320322,0.02596007043727398
2022-07-26,-0.006268109624020887,0.041183999746731835,-0.01925111758100756,0.0025665765575911626
2022-07-27,0.04624734072059112,0.010015483877308861,0.05406171050299154,0.02644193213428379
2022-07-28,0.04539276629401951,0.04104253658093148,0.03590664580314141,0.015291727396589138
2022-07-29,-0.05270638245749868,-0.025174711793191678,-0.03512990830038382,-0.044822338554834515
2022-08-01,0.0011981257147309146,0.03173205743332438,-0.0028710530254539715,-0.008506166678480791
2022-08-02,-0.05540684272473373,-0.056878516820968616,-0.005862918834313463,-0.02043895504496542
2022-08-03,-0.015157345614748949,-0.022321831456217477,0.015703751292812318,0.009880085692045423
2022-08-04,-0.0026595283216365563,0.012316861095470743,-0.007489730821307708,-0.0025742518325481746
2022-08-05,-0.007292046211975165,-0.004461926142124531,-0.034378569896825924,-0.010604499716259888
2022-08-08,0.04224928600948759,0.023141835344751588,0.02764596555482317,0.03879513456605469
2022-08-09,-0.017226550499424752,0.006708870744400188,0.0005484987702119991,-0.014960251666915787
2022-08-10,-0.018671673464605253,-0.006028419728878844,0.012842004721493567,-0.0020119963188980263
2022-08-11,0.016428788857732957,0.006491230905619708,0.0019553862902011022,0.02489950697456845
2022-08-12,-0.0006030189840390785,-0.006914606791449623,0.009425330170552472,-0.00033120541044458695
2022-08-15,0.022512165551164646,0.014520895302909587,0.013538819868951673,0.033189248385004866
2022-08-16,0.0018055179763210273,0.005686634634644765,0.002698057941849232,-0.02234964528853021
2022-08-17,-0.016914397776568297,-0.005755945192096598,0.01477691297803404,-0.0174811730911664
2022-08-18,-0.0039597955791046665,-0.010332607238253352,-0.01723695550820878,0.002372206702372871
2022-08-19,-0.026484910655330703,-0.011300097106565984,-0.014563970133280625,-0.02375049775862059
2022-08-22,0.04986483843994013,0.03701432506242417,0.025046526458426293,0.03620325234594662
2022-08-23,-0.03138733434356114,0.011108832063781273,-0.0023825263119784147,-0.04861917314291205
2022-08-24,-0.03687531834695224,-0.02614341978264305,-0.011282053216654554,-0.03794186320637996
2022-08-25,0.005819255757075071,0.029041941897742715,-0.0022495481265356384,-0.0007546385454817429
2022-08-26,0.011902052716727557,0.016044309646592435,-0.04998022760497327,-0.002360636700885185
2022-08-29,0.026712647143790163,0.030515974348861188,0.006149970858527223,0.0205651766471179
2022-08-30,0.017129637694234222,-0.02336197308559431,0.03290289289296345,0.016095243269414965
2022-08-31,-0.02778897915276868,-0.02310371044385363,-0.06861994200188545,-0.011402416934493034
2022-09-01,0.02429341261618489,0.0266010262311193,0.05801391914245465,0.015039346508330088
2022-09-02,-0.030694106571591367,-0.03484209560356412,0.0042248673512786895,-0.025180191973283795
2022-09-05,0.021746996017982252,0.03395727384979031,0.003289263228878483,0.02294923793905925
2022-09-06,-0.015977971391839707,-0.0011979362123874457,0.016714782164582796,-0.003385647624059122
2022-09-07,-0.0017006817980487541,-0.006928152068889357,-0.0560046974803571,5.4190241962590576e-05
2022-09-08,-0.018157951971776387,-0.018431670603583153,0.060266431347823834,-0.012893043184048074
2022-09-09,-0.027038246370477553,0.005731326938488879,-0.01807849263205962,-0.002639378282306962
2022-09-12,0.026554549973470395,0.009505040553082218,-0.026364977040971817,0.00964078145470113
2022-09-13,0.01784065860394332,-0.007537489464993631,-0.04200651098096295,0.023993207844496465
2022-09-14,-0.023863227342577786,-0.008776559868154477,0.023535247221399058,-0.0223385960815737
2022-09-15,-0.05111324711817731,-0.01272395267844748,-0.02393955862425181,-0.03366861328253714
2022-09-16,0.06219230326812277,0.029130552641205527,0.04006469608602742,0.03960989610658994
2022-09-19,0.03120871467924073,0.02716847840392079,0.012067503887716838,0.01747774548253995
2022-09-20,-0.02024283530129537,-0.025011667755696965,-0.011623975753455919,-0.02193903716640305
2022-09-21,-0.0336754817176629,-0.02583857145198159,-0.03533470597273975,-0.029698844777899067
2022-09-22,-0.06571772592885519,-0.011427061153008657,-0.05753794992746805,-0.05116997491758226
2022-09-23,-0.04942823730154219,0.0024558994004067014,0.04761582726505441,-0.04265665783645571
2022-09-26,0.062255839091368906,0.019628027380887605,0.009523185644645781,0.06067648753427378
2022-09-27,0.013730903622953029,-0.00783524773357895,0.03323342854227019,0.015488356702100097
2022-09-28,-0.029773042028517292,-0.035036809624810254,-0.01306035882886973,-0.0410529792948539
2022-09-29,-0.03785326449660167,-0.024514954516891455,-0.021716861449402984,-0.007484377552162389
2022-09-30,-0.002392801419765149,-0.013231020612681907,-0.039822772804224374,-0.03423287787412132
2022-10-03,0.030283535217552372,0.010171685961091113,0.00038350896359494333,-0.00018737545808849903
2022-10-04,0.05598918747787976,0.025512704371525276,0.04308831946998087,0.03820699947658628
2022-10-05,-0.04536321419213921,-0.02020393954927735,-0.030582384762778938,-0.03126602825419345
2022-10-06,0.001429406656978786,0.00855549058864145,-0.01073391740193768,0.0025313682882034776
2022-10-07,-0.04116529828154438,-0.04216199643922755,-0.04278467864398111,-0.033080429178032014
2022-10-10,0.01365784402049398,-0.02879821082737317,0.005911560488569954,0.030585180579019856
2022-10-11,0.023147611398073403,0.0011908508909695933,0.021853321412986938,0.008037907274644106
2022-10-12,0.03317843536617101,0.008394242940461677,-0.010018273378523363,0.028343187909598628
2022-10-13,-0.026733894547607752,-0.003894754804813735,-0.03252667299506616,-0.036261533545764654
2022-10-14,0.07354050613406683,0.051480847843083696,0.015013938266504231,0.057818543978009264
2022-10-17,-0.023831038502727702,-0.023777534362364443,-0.012742755526986433,-0.002043330736492518
2022-10-18,0.024680966629323658,0.022406621507957806,0.02094992793545938,0.008701617085003742
2022-10-19,0.06516503518345768,0.016194107890955517,-0.0325242853248407,0.043177256937850024
2022-10-20,0.02240744086001079,0.013070777101803367,0.05743063214203308,0.01739177562546636
2022-10-21,0.022746519140022296,-0.007218904844794975,0.007548424958513209,0.01643554176748503
2022-10-24,-0.07296261677813788,-0.04542962776423793,-0.04902351981692434,-0.04554547855076498
2022-10-25,0.012856342750852866,-0.013855984991987896,0.031094847389587416,0.022610471984563747
2022-10-26,-0.01240817582168604,-0.0037599302565440177,-0.005171642204054124,-0.00620093980916514
2022-10-27,0.02422525636706514,0.014933898063093063,-0.008163558893290247,0.01442470804715973
2022-10-28,-0.059622509256825565,-0.02975501244532254,-0.0023193632719561126,-0.04635895839700483
2022-10-31,-0.04647295084451255,-0.01640871522337404,0.0047131400917361935,-0.02878296246481801
2022-11-01,0.027324752508580734,0.01914309949858128,0.0049300115659363574,0.014105172631112084
2022-11-02,0.026524149920818474,0.03273702551889705,-0.012075389578996551,0.014235274136565102
2022-11-03,-0.017782151654441535,-0.009057029628715444,0.01744321323918151,-0.015553802225317813
2022-11-04,0.004598183931634579,0.006072668041360436,-0.010440906691338478,0.015246604340811992
2022-11-07,-0.039020463991589774,-0.028218208182447312,-0.05691092193722421,-0.05514012251129955
2022-11-08,0.037432936259841426,0.012988563771925006,0.00947206515455925,0.044860207721102226
2022-11-09,-0.01705840959028915,-0.02013036128237598,-0.045866386569888236,-0.0022500238636482743
2022-11-10,0.006692177809769452,-0.003370352555088064,-0.0075092090244868286,0.016235989860595497
2022-11-11,-0.022787922329345452,-0.033132567711625864,-0.06205821314128595,-0.01918207886834828
2022-11-14,-0.015336085769560024,-0.019968896188465167,-0.015890733005243112,-0.027209663716442574
2022-11-15,-0.05803796370537818,-0.012445844752546197,-0.06200085530922138,-0.05196559767251591
2022-11-16,-0.003439626168775135,-0.007014269599298818,-0.05733621644714114,-0.0029028287890426933
2022-11-17,-0.017973634746843135,-0.006987300064141631,-0.02919758772541212,-0.027638475200322928
2022-11-18,-0.01830828956624415,0.021586462411884076,-0.042300804902887075,-0.02201108096780112
2022-11-21,-0.013192589178467322,-0.022838125635658277,0.035646660406543636,0.008831790453983477
2022-11-22,-0.018452257585670914,-0.029268851084038042,-0.061114545204973655,-0.029927085378228066
2022-11-23,0.004308901861503047,0.004850543461804736,0.04434808158971902,-0.009853183660267429
2022-11-24,-0.0015501730641548066,-0.010173166377108401,-0.09116210039046427,-0.010025358915647625
2022-11-25,-0.02896272463022841,-0.02624359711259354,0.04993657545930649,-0.032730790007145766
2022-11-28,0.0189535041364716,0.004024597252092382,0.035396997640132113,0.004144518545331527
2022-11-29,-0.008214295264460781,-0.004307959988139126,-0.04482557809903226,-0.020751439950424753
2022-11-30,-0.042863734034804805,-0.024363729579025016,0.02057888693638968,-0.012878662313048074
2022-12-01,-0.03391759937959117,-0.014303847788920417,-0.014300654497437424,-0.0024378723088642126
2022-12-02,0.03735290524835041,0.01972602332144542,-0.03453753996479079,0.04048277088295834
2022-12-05,0.016178689423796494,0.015459881867119565,0.01831766088291709,0.017418560394578893
2022-12-06,-0.027004638267750517,-0.0006957956135170645,-0.0011293845330722788,-0.011085638511926461
2022-12-07,0.016046572015079766,-0.008318386240713389,-0.012542771789246818,0.0036951384308369782
2022-12-08,-0.028533081850890353,-0.023411441428699192,0.05057892045568895,-0.03820059307560239
2022-12-09,-0.024149962608583816,-0.01665533842932515,-0.011267161527195233,-0.010403776396809158
2022-12-12,0.0025731274611641825,-0.00420604352381552,0.0003606851734108479,-0.004565572786174322
2022-12-13,-0.008022496825235592,-0.010540063172913805,-0.05145074003541769,0.006249474555374325
2022-12-14,0.01251464800124215,-0.007473408740281034,0.022101386190939692,0.0020593498801856325
2022-12-15,0.012456806890085043,0.0016813691078107675,0.04080997855521947,0.014648978939861373
2022-12-16,0.015652415250360777,-0.0072633621739934436,0.03320294257569634,0.023409444527517854
2022-12-19,-0.01870788031866861,-0.009403394575490833,-0.007145505663645369,-0.004043989006435999
2022-12-20,0.012304268666276789,0.018380826085167,-0.005729250820715713,0.021546278896431532
2022-12-21,0.032294515506918725,0.012194035809945283,-0.03763180903829076,0.023007074364140283
2022-12-22,0.00589633935274797,0.007970833354390614,-0.011569965986243108,0.0015052137156352618
2022-12-23,0.008019967775460386,0.009091242563740977,0.023411450837501006,0.010904105026426851
2022-12-26,0.02854447101402067,0.01996230471737695,0.014941833503914521,0.03166519534321795
2022-12-27,0.01009608120772844,0.018437577430893907,-0.0035848184337892047,0.03009770436684856
2022-12-28,0.011839325594789469,-0.0029562987963730925,0.08198463571896437,0.010640864652716955
2022-12-29,-0.01367776409353785,0.004991955645690295,-0.03432213767130782,-0.004367957696551128
2022-12-30,-0.02053498737305594,-0.012918834288792279,-0.024411499028433817,-0.017520249364417706
2023-01-02,-0.035006504277904506,-0.0010775827125880711,-0.00695284094094377,-0.009989216395957798
2023-01-03,0.016251957937770577,-0.010937643722476648,-0.010220258246860174,0.016953598823775954
2023-01-04,-0.033391257916423105,-0.015199892350472744,-0.0232363356130445,0.00019092796426553032
2023-01-05,-0.0005736160656682716,0.009390826057925006,0.03105008234805801,-0.007523448086308431
2023-01-06,0.0006099220723278045,-0.00012088789150409771,-0.003611833893408556,0.0037964756110715073
2023-01-09,0.030061631501908468,0.016712234363454776,0.03292827468273807,0.015050890490750897
2023-01-10,-0.0051182554024578565,0.004977609386182273,-0.042568476151365206,0.0033784388483761615
2023-01-11,-0.016293520142962415,-0.026239190483760076,-0.008507340631669882,-0.02997612193541065
2023-01-12,0.011279537190235297,0.005868947719334728,-0.020550597070070037,0.00011095124677534101
2023-01-13,0.03198325552634941,-0.004828509618049015,0.04800941401466178,0.025277404414955868
2023-01-16,-0.03508080676541811,-0.021753437190002698,-0.009176661928893612,-0.021111921011645062
2023-01-17,0.029411078314822182,-0.00191115932428655,0.03776415640370351,0.030536366900990628
2023-01-18,-0.030762817728699782,-0.04106496142010136,-0.05369548088836197,-0.03527175819635049
2023-01-19,-0.004750896135988718,0.01770208710736129,-0.008641626120954347,-0.002879999296546871
2023-01-20,0.01724514635509168,-0.010772612991840454,0.03299797594283542,0.0172432282270119
2023-01-23,0.0323324004863483,0.008679724245974532,-0.006723581580760204,0.028659034694620538
2023-01-24,-0.02244936954030842,-0.0022499947879293203,-0.014726931053622062,-0.016347315087222064
2023-01-25,0.02790881672982777,-0.003410732289439005,0.010229330091338407,0.015104346669593665
2023-01-26,-0.04671218309334364,0.00045606222102587254,-0.02759542098412463,-0.024405154044442254
2023-01-27,0.03327325539472832,0.03269786889211671,-0.026892232821099652,0.0014424053223346582
2023-01-30,0.03619493342594018,0.03859549713199889,0.029353463534209825,0.02794774348880813
2023-01-31,0.010785497792263603,0.005582952292420755,0.009403959845164974,0.010034605489101862
2023-02-01,-0.03355280714186394,-0.02940125322949221,-0.008465818198867589,-0.029366210372157982
2023-02-02,-0.006781282836923255,-0.011751175508022214,0.011074732814771181,0.010789656079436218
2023-02-03,-0.01819731878181602,-0.002628083177043155,-0.004329452853044943,-0.0208820074004533
2023-02-06,-0.032151566332463286,-0.02432111401796446,0.03442759623292277,-0.028651578310189187
2023-02-07,-0.058865470665764384,-0.046490834340120815,0.01573388744992403,-0.031806797965377845
2023-02-08,0.01081296995839277,-0.014521316117682419,0.020412031028943275,0.02844541707388366
2023-02-09,0.01348477222824154,0.013287477290174907,0.04051938049635125,-0.004244789675731083
2023-02-10,-0.019372178036504147,-0.007101220952456634,-0.016875401574648223,-0.009064496211015322
2023-02-13,0.0054580963317773755,-0.0010420507756921907,-0.028766861106554253,0.0023584145961173314
2023-02-14,-0.0012339120021232837,0.0237738027968839,0.007556972775140501,0.008220088703742648
2023-02-15,0.02173173802219064,-0.0218259354112213,0.028601575422327007,0.0042626576378565475
2023-02-16,0.00024338842680511632,0.004970102870047966,0.03176826439833957,-0.003708549647519414
2023-02-17,-0.005252496186843316,-0.01141135738011307,-0.026826235516471567,-0.023556855122501573
2023-02-20,0.00545755787853506,0.017085408861404923,-0.03036170981682899,-0.0068751751058789235
2023-02-21,-0.00028122907228539417,0.011414044467453031,0.0317513764167152,-0.007961345486924605
2023-02-22,0.03224944320626016,0.03314579523766889,-0.0031268047583641687,0.010377900164320173
2023-02-23,0.03618860071076553,0.01860502296887713,-0.003838454536456253,0.023722917570995296
2023-02-24,0.03463278521017254,0.027992695139523918,-0.018548961698607227,0.028462378889880333
2023-02-27,0.017108650665948626,-0.01139325980449243,-0.008990986694014932,0.0029083036477994535
2023-02-28,0.009651569050819759,0.01268712019764908,0.010787940640543758,0.014187467262477079
2023-03-01,-0.00015278258610245632,0.0086191599976875,-0.02355073453966857,0.008092238977244932
2023-03-02,-0.01781012737086556,0.01115349293214708,-0.02414016091054818,-0.0076822334180183605
2023-03-03,0.02391250723368096,0.012139780291640452,0.027481857051258933,0.005777735556820559
2023-03-06,0.0208258216409507,0.006996360315213073,0.007438241537610584,0.006200019826792992
2023-03-07,0.01331043963112289,0.008576117305556696,0.014026414688026578,0.008567398608702625
2023-03-08,0.03341129942262105,0.022055388195278594,0.0026191786927119848,0.01293958128485515
2023-03-09,-0.050405850655019714,-0.02896479060507574,-0.042586824152372534,-0.0353279625610712
2023-03-10,-0.0253477494447662,-0.016455582255305825,0.05837587939844172,-0.01054090992255343
2023-03-13,0.02894809409435201,-0.032196590213018836,0.05132913626840885,0.012896863152497532
2023-03-14,0.018695109600667264,0.004795100583307107,-0.026204036353537696,0.002704836780394272
2023-03-15,-0.002463750700889345,-0.005358534639315498,-0.040252354292471905,0.0014713448672476574
2023-03-16,-0.008810920216980673,-0.0008436551126909847,0.0572738264266709,0.0009359075899519906
2023-03-17,-0.025386604465750116,-0.028525688968413836,-0.062061684925260374,-0.013686428056102555
2023-03-20,-0.005288363306037577,-0.006811046319751769,0.042868802206998714,0.011676840415429166
2023-03-21,-0.001439938579396484,-0.02323617287706562,0.03930472993905564,0.007343748703006829
2023-03-22,0.034000421657699405,-0.002374024307800091,-0.03894624946329756,0.023187559800718235
2023-03-23,-0.004729928054626602,0.028764516051536446,0.03700029107835657,-0.0070249904884079365
2023-03-24,0.004909204785029102,-0.0053900456980780975,-0.046663204096509314,0.009884644690696854
2023-03-27,0.0010543445156847534,-0.015943395753087466,-0.06760818041528789,0.0005682267483388551
2023-03-28,-0.03362272716471791,-0.017708800545575668,0.012534127011040222,-0.010534286585705233
2023-03-29,0.040673553139466564,0.014632948157878592,-0.017953896965239892,0.02917162579571699
2023-03-30,-0.02615446430852833,0.007070690295080053,0.018771716034422944,-0.017186146329891693
2023-03-31,-0.00018374316859445255,0.03155585138255157,-0.031092798870272397,-0.0042292722446864595
2023-04-03,-0.02248369115979727,-0.014912657121904177,0.020271134599785676,-0.009145743842683886
2023-04-04,-0.032653067808649267,-0.01991931355732791,-0.03852756640846179,-0.01572961244811048
2023-04-05,0.0009400525407127989,0.005292621231507717,-0.03622086171212164,-0.0013019630471072467
2023-04-06,0.010803825390927533,0.02469460444990582,-0.0002259113738316157,0.008600701636778634
2023-04-07,0.013501419807791657,0.0034819860197138034,0.04211845640137796,0.011252505578957742
2023-04-10,-0.03403004026951671,-0.002649990681695336,-0.11412616795595333,-0.01748487236762929
2023-04-11,-0.0011422254084570054,-0.015363438653877083,0.02449284405629052,0.021304799680493588
2023-04-12,0.007926835791530746,0.0038127611076083736,-0.01715680208572307,-0.004080195634247323
2023-04-13,-0.0072398727558938706,-0.013575257334592932,-0.038882182837237864,-0.003933138363149783
2023-04-14,0.004465891863016969,-0.0008645443856371877,0.05894084482724669,-0.0012867561116371579
2023-04-17,-0.020465945728273087,-0.004809202274713227,0.06006326601304294,-0.011039074618619906
2023-04-18,0.0069303538093596784,-0.00834932368431101,-0.021043873342106532,-0.003944729131461374
2023-04-19,0.023196375604939173,0.0268794790496541,-0.03675029690818392,0.010765927329106823
2023-04-20,0.030449665945995862,-1.0130617421010971e-05,0.11954432517261518,0.025595683933824855
2023-04-21,0.01711192907437766,0.009009822735557898,0.04747854739407069,0.01679473107353212
2023-04-24,0.002655349295229745,-0.003289001287838354,-0.05862641073743569,0.013596673234298041
2023-04-25,-0.01016115509940845,0.019211616577810925,0.010114248833126987,-0.004448918555594441
2023-04-26,0.019868167846686817,0.025780979845143857,0.0595805891198298,0.027747558206822072
2023-04-27,0.004715850260621244,-0.004936272340676239,-0.0034213939932075687,0.010261588253908356
2023-04-28,-0.021074041749127557,0.002744691873520663,-0.027350558022741868,-0.010567580840442141
2023-05-01,-0.01677832634596083,-0.02315533522734839,-0.018004490774210086,0.004361882465711302
2023-05-02,-0.018223611242535572,-0.006339313573786462,-0.012746208285644526,-0.02660705393641608
2023-05-03,-0.009112497328871495,-0.008069938617390728,0.032835078629656005,0.0009648382759621859
2023-05-04,0.018323617732395454,0.030240525034691892,0.05432638548144281,0.012142728366158715
2023-05-05,-0.0373582165744437,-0.012341841033697839,-0.0318242697225212,-0.03466354023040529
2023-05-08,0.0069216596951327865,-0.01628531049341423,0.016380668467011382,0.008856267790376793
2023-05-09,0.011845395147509099,-0.0002643786716752251,0.00420139616644147,0.007333349982487874
2023-05-10,-0.009011340600673514,-0.02043791869278892,0.030248812227301827,-0.01110629042346006
2023-05-11,0.03361257058364224,0.023332920339199544,0.00304965232292885,0.026614314795410633
2023-05-12,0.04132812424647243,0.04352181655091982,0.10506752672842118,0.03832122378669659
2023-05-15,-0.013623554461939066,-0.0039498079876077695,0.00654481363561564,-0.025223552027743405
2023-05-16,0.02554439830649433,0.026186306362838013,0.017355190529184453,0.01305432913044044
2023-05-17,-0.01294209407239391,0.001785855609177142,0.03790268899356622,-0.011862498436077758
2023-05-18,-0.01775699785588362,-0.026149466876837075,0.017770812522953396,-0.010894017533436313
2023-05-19,0.009573174668911796,0.017769718237904148,-0.05151491353739578,0.0063689163033356045
2023-05-22,0.024865141214433995,-0.013659166546391144,-0.033426423652642874,0.020208026226244718
2023-05-23,-0.017422474250286372,-0.03808887055375049,-0.013258967046244971,-0.021365069652405727
2023-05-24,-0.0035105760278583992,-0.011257169412326608,0.04691416275326202,0.020472095080199093
2023-05-25,-0.014407884222145466,0.0035624364720055917,-0.00017634338698691542,0.011669601525521045
2023-05-26,0.022116611822482035,0.001813728234219102,-0.0051213479032116566,0.01438629896224739
2023-05-29,0.013658775142383447,0.03704212035241735,0.09068118288668862,0.018312632232698543
2023-05-30,0.02662904003466353,0.03343389731130888,-0.02929092599269326,0.009545114580497447
2023-05-31,0.021383487809583906,-0.009006556587205177,-0.09405357480678168,-0.0005610339456457192
2023-06-01,0.027092986255749407,0.013676546020963763,-0.024068226180391797,0.023179527158305676
2023-06-02,0.020279299913464284,0.044526162865543395,-0.01472253590710499,0.007833284872419067
2023-06-05,-0.00043802166211084843,-0.01468558481899182,-0.033536164656638216,-0.01111211158025711
2023-06-06,-0.015090655070086985,0.02537507854644566,-0.055462955648103704,-0.01640132718018807
2023-06-07,-0.006311621080158407,-0.021067830079188294,-0.0022260936504753725,-0.005975606922864515
2023-06-08,-0.017196569277640877,-0.008164882140043024,-0.13732920745222807,-0.03336078604869913
2023-06-09,-0.002449295520155493,0.011217524581120143,-0.03559572390962366,-0.0009853828387847122
2023-06-12,0.001532124087375567,0.027248217747583712,-0.011852362495491544,0.010888835086672186
2023-06-13,0.006773929685460175,-0.005810577246234787,-0.10800624089101012,0.006933387661718674
2023-06-14,0.017198091340964054,0.025025122809686186,-0.0072969004065689515,0.016895243253608624
2023-06-15,-0.025993539357244383,-0.018453566095135654,-0.04615917590630335,-0.03887605341232265
2023-06-16,-0.014380503855826893,0.0005345413786799881,-0.0736992554846433,-0.016303429174755198
2023-06-19,-0.0020310511719872563,-0.024202347306258764,-0.05764379499732756,-0.008814739307665355
2023-06-20,-0.043119668005176894,-0.04114285506174187,0.024840324159900604,-0.04352010606377163
2023-06-21,-0.01629741196657217,-0.029251667771410007,-0.08860243788179556,-0.01484618258060542
2023-06-22,-0.018459478467961137,0.01650372531219046,0.0657065537333129,0.0038441297671114134
2023-06-23,-0.011039511300455013,0.0051070390998954615,-0.020695847522351655,-0.001858633729651811
2023-06-26,-0.008324089556421931,-0.03024111879812707,-0.038119927672201986,-0.00513139773047492
2023-06-27,0.017384435117952797,0.05170806289310412,0.10964849779607089,0.0316166852621397
2023-06-28,-0.027298843295301998,-0.022826865241177878,-0.03771912279617829,-0.025102418494623573
2023-06-29,0.018855293741305006,0.01965707056089317,0.05171929552121982,0.044175912479950806
2023-06-30,-0.007115073557418447,-0.0073532253321353476,0.02085802763202462,-0.010490634620318604
2023-07-03,-0.0030545833959396878,-0.013919544950309679,0.001827125054309315,-0.009790374463316256
2023-07-04,-0.0016801023192859277,-0.0034747992195118768,-0.014124126896496756,-0.011629384284494684
2023-07-05,-0.0033482015554869536,-0.001682416192534663,0.08679983774943362,-0.009541344801753913
2023-07-06,0.00031243510688719903,0.0032455606127309257,-0.07802760920789167,0.010959578307655236
2023-07-07,-0.01473250515120782,0.013693018085166389,-0.10580338599227702,-0.0165765585974651
2023-07-10,-0.01532834078837638,6.304796981967735e-05,-0.01926236712840354,-0.009220437534740418
2023-07-11,0.0230270664254384,0.026440059687592513,0.08542687026955643,0.009511748339009089
2023-07-12,0.011376050359486054,0.013671934138005224,0.054075179749368166,0.015248381270059603
2023-07-13,-0.009140615277659817,0.003226492781883439,-0.10898625809777601,-0.01565928182946775
2023-07-14,-0.01640935292697883,-0.005411257254322815,-0.07795750126649802,-0.02686962703432893
2023-07-17,0.028457401558478812,-0.0020036903906200114,-0.01947237809145109,0.03895726944818826
2023-07-18,0.014284546913429704,-0.016992552004880104,-0.0434733729517862,0.007452562746699742
2023-07-19,-0.02175004328649641,0.00911403771346887,0.02928234516518525,-0.023926478991399696
2023-07-20,-0.012122438857799383,-0.01242056346728356,0.006587672584602147,-0.004078081238576348
2023-07-21,-0.004231042747550919,0.004781764041174739,-0.07101811605042245,-0.01524447116762055
2023-07-24,-0.006873897673678874,-0.003662103244617764,0.055262158772388485,-0.017713090253063696
2023-07-25,-0.0050176576131170485,0.003278267375124759,0.005433778463656296,-0.0073652070078144526
2023-07-26,-0.018653435005808437,-0.005238196862137605,0.03398297598366965,-0.02676944408344891
2023-07-27,-0.010734175010105065,-0.011732597686321775,-0.03527180808984197,0.02495724370810604
2023-07-28,-0.006458458770608246,-0.007062946399668342,0.0003814723701749634,-0.014406009474963812
2023-07-31,-0.00012207141184410525,0.006399554050219448,0.02720051999825911,0.00033311617593159736
2023-08-01,-0.007209338227151552,0.005275005895181699,0.05244914003375658,-0.02039967848298052
2023-08-02,-0.01725126642998069,0.014242570445851435,-0.01367620658046784,-0.02106284557853796
2023-08-03,0.01062313486207975,-0.007902432293619602,0.06705905154878462,-0.0007976810105347057
2023-08-04,-0.0005141643713580495,-0.014170620819093593,0.06387883216063191,0.009318200618100465
2023-08-07,0.021017408111852768,0.010225235713601993,-0.013719762873313517,0.020544766944407072
2023-08-08,-0.00030406362013947957,-0.019399016111721495,0.019171548120741597,0.017044977756195095
2023-08-09,-0.010537872862261613,0.009160777298547508,-0.09518250541288661,-0.014580109687177212
2023-08-10,0.009813970765101262,0.0051690248511620405,0.03998600984750551,0.005909815397388854
2023-08-11,-0.01941330654260967,-0.03377751410639142,-0.013437229520568184,-0.01099719744979866
2023-08-14,-0.008770984247131991,-0.027229577440346,0.09403110135668298,0.0018216485174603937
2023-08-15,-0.015607119299169232,-0.019083100805865453,0.09037998436007912,0.0073956344862414055
2023-08-16,0.022894981455768203,0.016440508419074584,-0.036158521350068105,0.012341955441645444
2023-08-17,0.0065858914620420825,-0.013268807405367193,0.06637593870630702,0.012151565461534071
2023-08-18,0.009768848362954583,-0.012656945833984117,-0.09118215190955806,0.005746174837132702
2023-08-21,-0.015805722412452768,0.012762861981471287,-0.015005123959711352,-0.00669179281715974
2023-08-22,-0.014673217637181088,-0.027638875780623465,0.028965879925091288,-0.022332185332418555
2023-08-23,0.020299307567640378,0.00814050954829337,-0.042671670774855126,0.019903040121829724
2023-08-24,0.02145210861800919,0.0040715385337950095,0.05691118896300678,0.0251804525330095
2023-08-25,0.0027036780652286096,0.008431521268997143,0.03339667267963745,0.009429779187483512
2023-08-28,0.004804501218168744,0.007571310239613763,-0.016529110770357392,0.013655257743938
2023-08-29,0.012405144547214893,0.03540469475156856,0.0005948474442166125,0.016660073915653308
2023-08-30,0.02580648107371179,0.02537101534691066,0.023733728103401238,0.012416714227294373
2023-08-31,-0.009620209470593636,-0.009466077753629768,-0.036811495656399996,-0.029830433152480344
2023-09-01,-0.019041090256022873,-0.01532954046922994,0.016622201802524942,-0.016571438084130464
