date,rv_daily,rv_weekly,rv_monthly,close_return
2014-01-02,0.54429873,0.54429873,0.54429873,-0.29490507
2014-01-03,0.6785652418,0.6114319859,0.6114319859,1.18546875
2014-01-06,0.4381452949,0.5536697556,0.5536697556,-0.79758134
2014-01-07,0.8461154351,0.6267811755,0.6267811755,-1.10472622
2014-01-08,0.6421980012,0.6298645406,0.6298645406,-0.71528348
2014-01-09,0.550170767,0.631038948,0.616582245,-1.35214443
2014-01-10,0.8633465255,0.6679952047,0.6518342851,0.00305585
2014-01-13,1.0042502727,0.7812162003,0.6958862835,0.71759854
2014-01-14,0.8200008711,0.7759932875,0.7096767933,0.30658197
2014-01-15,0.9421902329,0.8359917338,0.7329281372,1.30831359
2014-01-16,1.0894172196,0.9438410244,0.7653362356,0.39432567
2014-01-17,0.9966549041,0.9705027001,0.7846127913,1.6304214
2014-01-20,1.4963190562,1.0689164568,0.8393594271,0.90964935
2014-01-21,1.3663366594,1.1781836145,0.877000658,0.89752378
2014-01-22,1.1647083318,1.2226872342,0.8961811696,1.34334622
2014-01-23,1.4548799555,1.2957797814,0.9310998437,0.56980725
2014-01-24,0.8996399605,1.2763767927,0.9292492623,0.08568468
2014-01-27,1.1956261602,1.2162382135,0.9440479789,-0.12709576
2014-01-28,1.3790435379,1.2187795892,0.966942482,0.36198188
2014-01-29,0.7387572632,1.1335893755,0.955533221,0.26277711
2014-01-30,0.8856013482,1.019733654,0.9522031319,-1.13017421
2014-01-31,0.9756378528,1.0349332325,0.9532683464,0.98203545
2014-02-03,0.7683689106,0.9494817825,0.9634533547,0.83553447
2014-02-04,1.0484810429,0.8833692835,0.9802677092,0.58782818
2014-02-05,0.8584538994,0.9073086108,0.9993726458,1.13719452
2014-02-06,1.0137156526,0.9329314716,1.0069908375,1.48657951
2014-02-07,1.0485644895,0.947516799,1.0254620415,-0.80145417
2014-02-10,1.122793432,1.0184017033,1.0514903445,-0.19419595
2014-02-11,1.1250416831,1.0337138313,1.0633855789,-0.47352365
2014-02-12,0.9715420197,1.0563314554,1.0618988401,-0.83595867
2014-02-13,1.1335886814,1.0803060611,1.0761528315,0.4196554
2014-02-14,1.4943826392,1.1694696911,1.1012524864,-1.49419754
2014-02-17,0.8169463728,1.1083002792,1.0888674479,-0.36494943
2014-02-18,0.8332970461,1.0499513518,1.0814420907,-1.37315916
2014-02-19,0.8353483762,1.0227126231,1.0513979689,-0.37426161
2014-02-20,0.4585339406,0.887701675,1.0101342089,-1.00819355
2014-02-21,0.9036220802,0.7695495632,0.998266652,0.23727416
2014-02-24,0.7778540541,0.7617310994,0.9674927474,-0.19728473
2014-02-25,0.7904883331,0.7531693568,0.9625313098,0.79155011
2014-02-26,0.6097910728,0.7080578962,0.9359024422,1.08136773
2014-02-27,0.5670633583,0.7297637797,0.8989942522,-1.53080754
2014-02-28,0.8095411562,0.7109475949,0.9022117019,-1.09806973
2014-03-03,0.9233576219,0.7400483085,0.9039278962,0.32252574
2014-03-04,0.9129777472,0.7645461913,0.9010797095,0.14696025
2014-03-05,0.6943251007,0.7814529969,0.8977140818,0.58524331
2014-03-06,0.7111333417,0.8102669935,0.8823800954,-1.39597007
2014-03-07,0.6177916628,0.7719170949,0.8714409028,0.1112392
2014-03-10,0.6551854023,0.7182826509,0.8551440733,-1.39437672
2014-03-11,0.978900961,0.7314672937,0.8519775492,0.10740982
2014-03-12,0.9353258962,0.7796674528,0.8434562976,-0.87839327
2014-03-13,0.7230081626,0.782042417,0.8251820467,-1.1511167
2014-03-14,0.8262625066,0.8237365857,0.8185784325,-0.96374438
2014-03-17,0.5564182172,0.8039831487,0.7923434114,1.50537205
2014-03-18,0.5621585095,0.7206346584,0.7499695873,-0.01930951
2014-03-19,0.7095717065,0.6754838205,0.7450889206,0.69178994
2014-03-20,0.7770406287,0.6862903137,0.7425318107,1.34315563
2014-03-21,0.6655340193,0.6541446162,0.7348129763,0.29100318
2014-03-24,0.8418391949,0.7112288118,0.7522359424,-0.54625428
2014-03-25,1.0151401111,0.8018251321,0.7573049438,0.73020915
2014-03-26,0.9144139077,0.8427935723,0.7635122099,0.32568855
2014-03-27,0.9117891106,0.8697432687,0.7690258816,0.96207111
2014-03-28,0.8620248024,0.9090414253,0.7804910511,-0.30379745
2014-03-31,0.6355635616,0.8677862987,0.7836046967,0.90921041
2014-04-01,0.5784906814,0.7804564127,0.7731024024,0.2875707
2014-04-02,0.5965316241,0.716879956,0.7582466753,0.38930272
2014-04-03,0.875141516,0.7095504371,0.7565268466,-1.25959529
2014-04-04,0.712335294,0.6796125354,0.7573454917,-0.07161079
2014-04-07,0.8009197272,0.7126837685,0.7614266911,-1.14469148
2014-04-08,0.591270798,0.7152397919,0.7602211972,0.68809864
2014-04-09,0.6654634078,0.7290261486,0.7606883793,-0.53477428
2014-04-10,0.6521056474,0.6844189749,0.7458340468,-0.00816892
2014-04-11,0.5907035182,0.6600926197,0.7301693933,-0.18041439
2014-04-14,0.9265563286,0.68521994,0.7394215827,0.02601586
2014-04-15,0.6089424862,0.6887542776,0.7295433999,-1.28011397
2014-04-16,0.8731657488,0.7302947458,0.743941015,-0.65084302
2014-04-17,0.7397547172,0.7478245598,0.7520135699,-0.23649181
2014-04-18,0.5589739858,0.7414786533,0.745168219,0.25640999
2014-04-21,0.5681220016,0.6697917879,0.7356719177,0.53379704
2014-04-22,0.6377937792,0.6755620465,0.7344109977,-0.06473141
2014-04-23,0.4699347863,0.594915854,0.7175062519,-1.06082721
2014-04-24,0.4513797089,0.5372408523,0.691880779,0.09733077
2014-04-25,0.5303651695,0.5315190891,0.6744240182,-0.60116639
2014-04-28,0.3709856037,0.4920918095,0.6498420406,-0.83068814
2014-04-29,0.3103954758,0.4266121488,0.6247679803,-0.89036475
2014-04-30,0.586643822,0.449953956,0.6225443558,0.01448144
2014-05-01,0.4223625215,0.4441505185,0.6154476213,0.2185645
2014-05-02,0.3842379635,0.4149250773,0.6057979094,0.06412154
2014-05-05,0.8010869993,0.5009453564,0.602431795,-0.00728529
2014-05-06,0.6126329189,0.5613928451,0.5978998689,-0.83342527
2014-05-07,0.6327880227,0.5706216852,0.5902575187,0.04408016
2014-05-08,0.6200680968,0.6101628003,0.5915664868,-0.40024006
2014-05-09,0.6155991454,0.6564350366,0.5892999294,-0.61272019
2014-05-12,0.908380786,0.677893794,0.6009487994,-0.77145022
2014-05-13,0.76737738,0.7088426862,0.6089794294,1.65061527
2014-05-14,0.4540798714,0.6731010559,0.5875032268,0.58663784
2014-05-15,0.5378833662,0.6566641098,0.5842732668,-0.60015608
2014-05-16,0.4700168139,0.6275476435,0.5659483152,0.05128516
2014-05-19,0.4705761227,0.5399867108,0.5537129246,-0.26883709
2014-05-20,0.6135369873,0.5092186323,0.556193061,0.08038775
2014-05-21,0.3795557639,0.4943138108,0.5476218684,0.4412044
2014-05-22,0.6978510445,0.5263073464,0.5503517441,-0.42450286
2014-05-23,0.5090402905,0.5341120418,0.552129267,0.61452029
2014-05-26,0.4423594407,0.5284687054,0.5517192548,-0.15324956
2014-05-27,0.6791154255,0.541584393,0.5584806301,0.87849052
2014-05-28,0.5572257615,0.5771183925,0.5669460918,-0.1709339
2014-05-29,0.6416739701,0.5658829777,0.5820042052,1.00261935
2014-05-30,0.9760567943,0.6592862784,0.5997047948,0.11897572
2014-06-02,0.939317768,0.7586779439,0.6232027606,-0.71609621
2014-06-03,0.7747736502,0.7778095888,0.6409543827,-0.87983607
2014-06-04,0.8528867835,0.8369417932,0.6433089184,0.25433699
2014-06-05,0.9286093784,0.8943288749,0.6576714847,1.44267466
2014-06-06,0.6523700919,0.8295915344,0.6585615788,-0.21444429
2014-06-09,0.6872035254,0.7791686859,0.6616131892,-0.36742717
2014-06-10,0.5803402399,0.7402820038,0.6600105116,0.01758067
2014-06-11,0.7428308914,0.7182708254,0.6524855164,0.47095516
2014-06-12,0.6002052511,0.65259,0.6448867833,-0.92490536
2014-06-13,0.8379392056,0.6897038227,0.6623349348,-0.43846239
2014-06-16,0.5080577701,0.6538746716,0.6609792259,-0.42220388
2014-06-17,0.6506131348,0.6679292506,0.6691881496,-0.58593321
2014-06-18,0.8797314847,0.6953093693,0.6877861206,-0.19268206
2014-06-19,0.5893996128,0.6931482416,0.6866889672,-0.51193622
2014-06-20,0.3673845052,0.5990373015,0.6861357282,-0.06635644
2014-06-23,0.5719119489,0.6118081373,0.6804112238,1.38180173
2014-06-24,0.8281558275,0.6473166758,0.6949164755,-0.48907719
2014-06-25,0.7846436707,0.628299113,0.7104748496,0.0966167
2014-06-26,0.637508401,0.6379208707,0.7085836212,1.15136842
2014-06-27,0.6337952785,0.6912030253,0.7120640538,0.10843124
2014-06-30,0.8747598168,0.7517725989,0.722658865,-0.4516298
2014-07-01,0.3392718361,0.6539958006,0.6937140942,-0.18476449
2014-07-02,0.6934395723,0.6357549809,0.6825378126,0.30756268
2014-07-03,0.6787580923,0.6440049192,0.678173469,0.47854311
2014-07-04,0.6902427655,0.6552944166,0.6707805591,0.68491635
2014-07-07,0.7896859604,0.6382796453,0.6644658583,0.5256128
2014-07-08,0.845118532,0.7394489845,0.673227151,-0.18268842
2014-07-09,0.5537991478,0.7115208996,0.6671633157,0.31365019
2014-07-10,0.816736169,0.7391165149,0.6779085852,-1.63612523
2014-07-11,0.4654102792,0.6941500177,0.6652985574,-1.13184829
2014-07-14,0.6148659024,0.6591860061,0.6659649506,0.92646193
2014-07-15,0.5426137058,0.5986850408,0.6525410643,0.47077375
2014-07-16,0.4382501552,0.5755752423,0.6493679909,-0.12213892
2014-07-17,0.5252916931,0.5172863471,0.6436715617,0.22893357
2014-07-18,0.2629118117,0.4767866536,0.6156343038,0.40880244
2014-07-21,0.8043650505,0.5146864833,0.6254054601,1.0663268
2014-07-22,0.6030106523,0.5267658726,0.6361157395,-0.75199667
2014-07-23,0.4689549374,0.532906829,0.6314358753,-0.12681665
2014-07-24,0.4375491364,0.5153583177,0.6136810257,0.06716384
2014-07-25,0.5517752791,0.5731310111,0.6030960989,0.59090267
2014-07-28,0.5666956989,0.5255971408,0.5998773397,-0.51785994
2014-07-29,0.604498466,0.5258947036,0.5985456664,-0.82640661
2014-07-30,0.6163411406,0.5553719442,0.5867993629,-0.93740788
2014-07-31,0.6290615617,0.5936744292,0.5999716232,0.58552798
2014-08-01,0.4385190369,0.5710231808,0.5883843261,0.54230419
2014-08-04,0.4591682863,0.5495176983,0.5784029713,0.22155794
2014-08-05,0.5107854643,0.530775098,0.5702458212,-1.08468001
2014-08-06,0.3531795648,0.4781427828,0.5504046214,0.32059898
2014-08-07,0.3422974961,0.4207899697,0.5275491198,0.50057688
2014-08-08,0.3199557999,0.3970773223,0.5169198767,0.48996001
2014-08-11,0.6289370281,0.4310310707,0.5083835521,-0.25459423
2014-08-12,0.7244472941,0.4737634366,0.5201579619,-0.35105664
2014-08-13,0.6480143669,0.532730397,0.5216647103,-0.86672684
2014-08-14,0.4923346951,0.5627378368,0.5193793007,0.69991047
2014-08-15,0.7318330556,0.645113288,0.532723978,0.24665868
2014-08-18,0.6247999651,0.6442858754,0.5372470813,0.33163722
2014-08-19,0.598869456,0.6191703077,0.5525178833,-1.55369678
2014-08-20,0.4732048507,0.5842084045,0.5374651469,-0.59017765
2014-08-21,0.5057416299,0.5868897915,0.5330438277,0.6198419
2014-08-22,0.5418609593,0.5488953722,0.5363577378,0.41261995
2014-08-25,0.3921360429,0.5023625878,0.5342935063,-0.21708655
2014-08-26,0.4192738889,0.4664434744,0.5282707158,-0.18741636
2014-08-27,0.6954810479,0.5108987138,0.5341245953,-0.30901407
2014-08-28,0.6254763214,0.5348456521,0.5350781342,-0.21559656
2014-08-29,0.5888151546,0.5442364911,0.533826953,-0.71864356
2014-09-01,0.305021928,0.5268136681,0.5190978788,0.1103337
2014-09-02,0.4942294715,0.5418047847,0.5216301712,0.61537977
2014-09-03,0.4559596206,0.4939004992,0.5214843228,0.37400055
2014-09-04,0.3290229273,0.4346098204,0.5132223893,0.03521069
2014-09-05,0.2794305148,0.3727328924,0.5098701598,0.26362049
2014-09-08,0.5773979867,0.4272081042,0.5205565457,-0.77042457
2014-09-09,0.4937790461,0.4271180191,0.5284576023,1.0282354
2014-09-10,0.5501222636,0.4459505477,0.524875113,-0.10172847
2014-09-11,0.5525884834,0.490663659,0.5170633489,0.51797048
2014-09-12,0.6103871947,0.5568549949,0.5153530229,-1.47767251
2014-09-15,0.5055367959,0.5424827567,0.5159531184,0.55065664
2014-09-16,0.6010636004,0.5639396676,0.5100090523,0.04655953
2014-09-17,0.4004087866,0.5339969722,0.4998094532,-0.01803578
2014-09-18,0.2898048494,0.4814402454,0.485761062,-0.22235828
2014-09-19,0.5867676491,0.4767163363,0.4909230074,0.911905
2014-09-22,0.4344872185,0.4625064208,0.4876841705,0.13787043
2014-09-23,0.3581532135,0.4139243434,0.4793338185,0.72283817
2014-09-24,0.3396031562,0.4017632174,0.47694596,-0.80607015
2014-09-25,0.4711288021,0.4380280079,0.4793030015,-0.9732309
2014-09-26,0.5952201644,0.439718511,0.4747456886,-0.59556752
2014-09-29,0.2908628062,0.4109936285,0.4595359834,-0.55220712
2014-09-30,0.2506143021,0.3894858462,0.4441632173,-0.44073701
2014-10-01,0.3129722787,0.3841596707,0.4445245969,0.72041314
2014-10-02,0.378022836,0.3655384775,0.4392424771,0.45784082
2014-10-03,0.471050651,0.3407045748,0.4399284331,0.31779648
2014-10-06,0.667824453,0.4160969042,0.4553285024,-1.42348471
2014-10-07,0.4237864366,0.4507313311,0.4618901352,-0.13278953
2014-10-08,0.6681649987,0.5217698751,0.4660159085,0.65341877
2014-10-09,0.5022019861,0.5466057051,0.4663987694,1.33766088
2014-10-10,0.7447655276,0.6013486804,0.4752461905,0.68534781
2014-10-13,0.5094021252,0.5696642148,0.4732831742,-0.09046787
2014-10-14,0.2948726946,0.5438814664,0.458941606,0.23127206
2014-10-15,0.5790401201,0.5260564907,0.4622826662,0.97967634
2014-10-16,0.4733118766,0.5202784688,0.4564757697,-0.37786027
2014-10-17,0.5185214773,0.4750296588,0.4618445283,1.18493648
2014-10-20,0.5264791485,0.4784450634,0.472602451,0.42519748
2014-10-21,0.6997454836,0.5594196212,0.4777378071,-0.03241941
2014-10-22,0.5060394053,0.5448194783,0.4809901793,-0.52546378
2014-10-23,0.7956360771,0.6092843184,0.500875764,0.1752956
2014-10-24,0.648836609,0.6353473447,0.51493183,0.14071204
2014-10-27,0.4021691159,0.6104853382,0.5117972988,0.15577771
2014-10-28,0.380137772,0.5465637959,0.5020208264,0.34654016
2014-10-29,0.5170145476,0.5487588243,0.512300451,-0.26006546
2014-10-30,0.8566121655,0.560954042,0.5398458085,0.33049813
2014-10-31,0.5640363663,0.5439939935,0.5512578124,0.51586119
2014-11-03,0.3661421553,0.5367886013,0.5507177815,-0.07988084
2014-11-04,0.4263947407,0.5460399951,0.5486879674,-0.79494302
2014-11-05,0.8000034349,0.6026377725,0.5546961029,-0.72636924
2014-11-06,0.92731302,0.6167779434,0.5775836749,-0.9838045
2014-11-07,0.7522848269,0.6544276356,0.5814073035,0.63469141
2014-11-10,0.6323160082,0.7076624061,0.5873215772,-0.6653883
2014-11-11,0.5376989205,0.7299232421,0.5779094587,-0.07350765
2014-11-12,0.5664253778,0.6832076307,0.5805014247,-0.52440802
2014-11-13,0.4753969121,0.5928244091,0.588707071,-0.23272939
2014-11-14,0.4385371593,0.5300748756,0.5823205727,-0.15646979
2014-11-17,0.6980740277,0.5432264795,0.5925370342,-1.17572651
2014-11-18,0.3641299334,0.5085126821,0.5855192367,-0.78823823
2014-11-19,0.5910919122,0.5134459889,0.5884561805,-0.32094027
2014-11-20,0.5189533345,0.5221572734,0.5802383556,-0.46781479
2014-11-21,0.5038360982,0.5352170612,0.5801382052,-0.00645666
2014-11-24,0.5674611283,0.5090944813,0.5697666167,0.57089361
2014-11-25,0.6685177932,0.5699720533,0.5706612159,0.53657544
2014-11-26,0.6518737514,0.5821284211,0.5820114266,-0.45127082
2014-11-27,0.5586333923,0.5900644327,0.5901248639,-0.0537953
2014-11-28,0.4956557886,0.5884283708,0.5891540112,0.43659869
2014-12-01,0.7487796553,0.6246920762,0.5842525335,0.552222
2014-12-02,0.8652400319,0.6640365239,0.5979436092,-0.97952303
2014-12-03,0.7586903935,0.6853998523,0.615786711,1.10373237
2014-12-04,0.8600873907,0.745690652,0.6355000132,-0.56861783
2014-12-05,0.8232161739,0.8112027291,0.6365551377,-0.68770618
2014-12-08,0.6458888569,0.7906245694,0.6237631303,-0.44765383
2014-12-09,0.9663808785,0.8108527387,0.633494769,2.34457283
2014-12-10,1.1198225811,0.8830791762,0.6556541587,-0.49067464
2014-12-11,0.8441671527,0.8798951286,0.6695845329,0.82464882
2014-12-12,0.7034819399,0.8559482818,0.6758143766,-0.56998584
2014-12-15,1.2640412009,0.9795787506,0.7116618443,-0.4173963
2014-12-16,0.6276733777,0.9118372505,0.7202589451,0.93667113
2014-12-17,0.4391812727,0.7757089888,0.7084910926,0.53951453
2014-12-18,0.3937888431,0.6856333269,0.7098392249,0.78283768
2014-12-19,0.5457413316,0.6540852052,0.7077778349,-0.26010164
2014-12-22,0.7862399951,0.558524964,0.7199272285,1.99235724
2014-12-23,0.8680699857,0.6066042856,0.7364833143,-1.12892348
2014-12-24,0.706830261,0.6601340833,0.7428182749,0.09869357
2014-12-25,0.6644982368,0.714275962,0.7426355678,0.07475447
2014-12-26,0.6498542409,0.7350985439,0.7425437719,0.97696358
2014-12-29,0.6072317216,0.6992968892,0.7447527868,0.66985093
2014-12-30,0.5638824574,0.6384593835,0.747853999,0.66622706
2014-12-31,0.6011099887,0.6173153291,0.7411417415,0.04025772
2015-01-01,0.8436782909,0.6531513399,0.7401616623,-1.45275683
2015-01-02,0.5360849636,0.6303974845,0.7300432337,-1.02692041
2015-01-05,0.7483083485,0.6586128098,0.7249623681,-1.18777394
2015-01-06,0.7518556477,0.6962074479,0.7217187079,-0.11489351
2015-01-07,1.0346924995,0.78292395,0.7393916007,1.22430674
2015-01-08,0.6732296619,0.7488342242,0.7260665454,-1.93956096
2015-01-09,1.0510995379,0.8518371391,0.7229427707,0.26544617
2015-01-12,0.8384700639,0.8698694822,0.7226838121,0.90282316
2015-01-13,0.5468203511,0.8288624229,0.7155628308,0.92302034
2015-01-14,0.6438413075,0.7506921844,0.6873719266,0.25247018
2015-01-15,0.6160192249,0.7392500971,0.6868421924,0.40097892
2015-01-16,0.5528350036,0.6395971902,0.692008271,-1.4859929
2015-01-19,0.6790908271,0.6077213429,0.704976543,0.27905698
2015-01-20,0.5909739872,0.6165520701,0.7070325728,0.18737716
2015-01-21,1.0116861071,0.69012103,0.7172801234,0.28132034
2015-01-22,0.8822138032,0.7433599457,0.7179230242,-0.14021373
2015-01-23,0.5787352232,0.7485399896,0.7121005225,1.33116814
2015-01-26,0.6046506359,0.7336519513,0.709380177,-0.41554458
2015-01-27,1.5373308355,0.922923321,0.7497200222,-2.63936288
2015-01-28,1.2136571577,0.9633175311,0.7772848147,0.73931114
2015-01-29,1.1519404396,1.0172628584,0.804014723,-3.2602255
2015-01-30,1.3551993622,1.1725556862,0.8382915127,2.63314327
2015-02-02,1.2136153951,1.294348638,0.8551068356,0.21473141
2015-02-03,0.9965550908,1.1861934891,0.876037296,0.39515437
2015-02-04,0.9986156648,1.1431851905,0.8874149012,-0.72148529
2015-02-05,1.0254041896,1.1178779405,0.8998489259,-1.48627013
2015-02-06,0.7251318642,0.9918644409,0.8857779879,1.91799102
2015-02-09,0.8159201563,0.9123253931,0.8922639195,-1.48362139
2015-02-10,0.9788709034,0.9087885557,0.8889807997,0.99462428
2015-02-11,0.8014274288,0.8693509085,0.8872970436,-0.01773244
2015-02-12,0.5931870075,0.782907472,0.8894046189,0.6121337
2015-02-13,0.7987094506,0.7976229893,0.8964440799,-0.21350475
2015-02-16,0.6352295121,0.7614848605,0.8973172748,0.22886663
2015-02-17,0.3959032603,0.6448913318,0.8901840137,-1.40203636
2015-02-18,0.6337877698,0.6113634,0.8881247839,0.34690456
2015-02-19,0.7389398969,0.6405139779,0.894850507,-0.72675798
2015-02-20,0.5005503214,0.5808821521,0.8716170622,-0.78269588
2015-02-23,0.4042270429,0.5346816582,0.8498903913,0.63400783
2015-02-24,0.5400889862,0.5635188034,0.8481337442,-0.82597009
2015-02-25,0.6794282888,0.5726469073,0.8515327284,0.73362815
2015-02-26,0.748659492,0.5745908263,0.815684031,-0.56545323
2015-02-27,0.8198465974,0.6384500815,0.7977835509,0.51694625
2015-03-02,0.3763999799,0.6328846689,0.7625317119,-0.25087772
2015-03-03,0.4760195677,0.6200707852,0.7225689939,0.15596665
2015-03-04,0.7509415699,0.6343734414,0.7015383655,-1.12520855
2015-03-05,0.4710839039,0.5788583238,0.6776533116,-0.78993414
2015-03-06,0.8002913565,0.5749472756,0.6686385703,-0.69837578
2015-03-09,0.6644682743,0.6325609345,0.6522323923,-0.53183649
2015-03-10,0.7094572173,0.6792484644,0.6515199084,-0.65500916
2015-03-11,0.5725788131,0.643575913,0.6404589382,-0.39883132
2015-03-12,0.5942137433,0.6682018809,0.6229745218,0.49666649
2015-03-13,0.7531574949,0.6587751086,0.6207804339,0.35108334
2015-03-16,0.8222774684,0.6903369474,0.6311936367,-1.19199964
2015-03-17,0.8191602404,0.712277552,0.6321232181,0.20591562
2015-03-18,0.6639801093,0.7305578113,0.6334300634,0.27330693
2015-03-19,0.6082134169,0.733357746,0.6430805251,0.01616718
2015-03-20,1.0472635138,0.7921789498,0.6618748771,0.72772818
2015-03-23,0.7640994625,0.7805433486,0.6630184937,0.49065613
2015-03-24,0.5712506864,0.7309614378,0.6662321466,0.1494935
2015-03-25,0.6246335063,0.7230921172,0.6762506222,0.08328418
2015-03-26,0.6567122166,0.7327918771,0.6815516782,0.27575064
2015-03-27,0.7229245652,0.6679240874,0.6835287816,0.42902284
2015-03-30,0.6909431397,0.6532928228,0.6809053111,-1.2272428
2015-03-31,0.5100421713,0.6410511198,0.6668232917,0.74250127
2015-04-01,0.5064908672,0.617422592,0.6727365139,0.92952612
2015-04-02,0.4408867281,0.5742574943,0.6711395666,0.11087142
2015-04-03,0.5399524858,0.5376630784,0.6615491537,-0.18516154
2015-04-06,0.4097059467,0.4814156398,0.6587592466,-0.61727749
2015-04-07,0.5901156995,0.4974303455,0.6492058076,0.14309494
2015-04-08,0.8193604147,0.560004255,0.6562463594,1.38021794
2015-04-09,0.8432375728,0.6404744239,0.6623272847,0.57670789
2015-04-10,1.016753941,0.7358347149,0.6825170632,-0.27810026
2015-04-13,0.9253063469,0.838954795,0.697566727,0.05014671
2015-04-14,0.6907186035,0.8590753758,0.6947285956,-0.14971817
2015-04-15,1.1069913549,0.9166015638,0.7076701359,1.42700851
2015-04-16,0.8089261966,0.9097392886,0.7072049521,1.20760146
2015-04-17,0.9273838009,0.8918652606,0.7191778472,-0.21138631
2015-04-20,0.9283405628,0.8924721037,0.7337290811,-0.11041823
2015-04-21,0.8774391423,0.9298162115,0.7260097914,0.81074597
2015-04-22,0.7941305829,0.8672440571,0.7273748424,0.63179511
2015-04-23,0.9525763377,0.8959740853,0.7447078265,-0.28544086
2015-04-24,0.6237703666,0.8352513984,0.7446685929,-0.23507764
2015-04-27,0.5860651442,0.7667963147,0.7414573623,-0.39226081
2015-04-28,0.3752917538,0.666366837,0.7256558709,0.54875252
2015-04-29,0.4795350944,0.6034477393,0.7160464143,0.25534287
2015-04-30,0.6903510439,0.5510026806,0.7242422721,0.24834569
2015-05-01,0.5710457225,0.5404577518,0.7271765838,0.96349914
2015-05-04,0.3366449447,0.4905737118,0.7224383209,0.11647119
2015-05-05,0.3791616913,0.4913476994,0.7151296484,0.09983126
2015-05-06,0.6295130439,0.5213432893,0.7251208801,-0.92588076
2015-05-07,0.5382951192,0.4909321043,0.7227653992,0.23838554
2015-05-08,0.8004709488,0.5368171496,0.7219067871,-1.4782433
2015-05-11,0.6039793353,0.5902840277,0.7110314126,0.57584439
2015-05-12,0.7016172118,0.6547751318,0.6967070159,-1.96061507
2015-05-13,0.5704567,0.642963863,0.6805774865,-0.0861953
2015-05-14,0.2611181853,0.5875284763,0.6610501947,0.49090401
2015-05-15,0.3281099931,0.4930562851,0.6256464965,-0.25470243
2015-05-18,0.5293419139,0.4781288008,0.61293812,-0.05596885
2015-05-19,0.343142883,0.4064339351,0.5863817146,0.83904288
2015-05-20,0.3096574077,0.3542740766,0.558259753,-0.53014544
2015-05-21,0.4487782062,0.3918060808,0.538775165,0.29995724
2015-05-22,0.4529022829,0.4167645387,0.5232647877,-0.04379529
2015-05-25,0.3239300436,0.3756821647,0.4946899562,0.43669871
2015-05-26,0.3720593479,0.3814654576,0.4832485462,0.9174462
2015-05-27,0.3947566549,0.3984853071,0.4745527058,-0.2245354
2015-05-28,0.6416733419,0.4370643342,0.4866609598,0.3640719
2015-05-29,0.4977416771,0.4460322131,0.4874885318,1.3499795
2015-06-01,0.7257685571,0.5263999158,0.4890984187,0.39349599
2015-06-02,0.5684935966,0.5656867655,0.488982413,-1.91180494
2015-06-03,0.4099130171,0.568718038,0.4923127799,-0.54619438
2015-06-04,0.6061646848,0.5616163065,0.5026310978,1.44078886
2015-06-05,0.4452188104,0.5511117332,0.4942540872,-0.42026986
2015-06-08,0.4258110091,0.4911202236,0.4891411731,0.28015932
2015-06-09,0.5985716193,0.4971358281,0.4799639309,-0.35056915
2015-06-10,0.3762852007,0.4904102649,0.4696141975,1.43418017
2015-06-11,0.3584419892,0.4408657258,0.4540153237,0.53216487
2015-06-12,0.2890069112,0.4096233459,0.4412221515,-0.09761108
2015-06-15,0.4301064664,0.4104824374,0.448903437,0.00967728
2015-06-16,0.2834935081,0.3474668151,0.446875415,0.09125493
2015-06-17,0.3237223802,0.336954251,0.4375290725,1.38233622
2015-06-18,0.4110504959,0.3474759524,0.4406157822,0.77335044
2015-06-19,0.3873380763,0.3671421854,0.4441467217,0.30775068
2015-06-22,0.395329919,0.3601868759,0.4417172541,0.14758448
2015-06-23,0.406394739,0.3847671221,0.4396032748,0.53186733
2015-06-24,0.4486671876,0.4097560836,0.445273145,0.33215943
2015-06-25,0.3459480706,0.3967355985,0.4440862688,-0.87027722
2015-06-26,0.3111410878,0.3814962008,0.4402855612,0.37575196
2015-06-29,0.3224116675,0.3669125505,0.4257736669,0.37800981
2015-06-30,0.2927569212,0.344184987,0.416456178,0.2855942
2015-07-01,0.2781298945,0.3100775283,0.396108966,0.05095192
2015-07-02,0.2918317092,0.299254256,0.3835334257,0.5651811
2015-07-03,0.2412305685,0.2852721522,0.3758660417,1.12791229
2015-07-06,0.4081087453,0.3024115677,0.366863499,-0.05497934
2015-07-07,0.4271074758,0.3292816787,0.3660402565,0.10460027
2015-07-08,0.32397846,0.3384513918,0.3614115043,-0.3717499
2015-07-09,0.2859003965,0.3372651292,0.3471991759,-0.55527483
2015-07-10,0.2601640937,0.3410518343,0.3419209438,-0.49398219
2015-07-13,0.2679584674,0.3130217787,0.3378080564,-0.23206575
2015-07-14,0.2013917144,0.2678786264,0.3338255475,-0.47442142
2015-07-15,0.1748791196,0.2380587583,0.3222243045,0.72846667
2015-07-16,0.1606712684,0.2130129327,0.3166414754,0.00461521
2015-07-17,0.1822986345,0.1974398409,0.3102131233,0.1217484
2015-07-20,0.1564953044,0.1751472083,0.2986424328,0.1895912
2015-07-21,0.1547450713,0.1658178796,0.2880700235,0.30674003
2015-07-22,0.2388512079,0.1786122973,0.2809573548,0.5291071
2015-07-23,0.2263785065,0.1917537449,0.2727747988,-0.51346561
2015-07-24,0.2802271421,0.2113394464,0.2651184331,-0.41598689
2015-07-27,0.1916687495,0.2183741355,0.2581057366,-0.89768413
2015-07-28,0.2898024901,0.2453856192,0.2571358004,0.26289915
2015-07-29,0.3261967788,0.2628547334,0.2573078509,0.08854384
2015-07-30,0.2972123818,0.2770215085,0.2575103718,0.06088225
2015-07-31,0.2942436391,0.2798248079,0.2582428148,-0.43429659
2015-08-03,0.3744601569,0.3163830894,0.2619986533,-1.62107176
2015-08-04,0.3974707282,0.337916737,0.2691004787,0.42264057
2015-08-05,0.1814888649,0.3089751542,0.2587995751,-0.10639716
2015-08-06,0.1461808697,0.2787688518,0.2460301839,0.31165529
2015-08-07,0.1606212592,0.2520443758,0.2386048566,0.109464
2015-08-10,0.1771804394,0.2125884323,0.2336630404,0.47150655
2015-08-11,0.2063550485,0.1743652963,0.2312171747,-0.31652018
2015-08-12,0.1464146591,0.1673504552,0.2256924561,0.50602438
2015-08-13,0.3903791568,0.2161901126,0.2342827944,0.28128968
2015-08-14,0.3748256145,0.2590309837,0.2433712714,-0.25686751
2015-08-17,0.4612500686,0.3158449095,0.2570339442,-0.02760265
2015-08-18,0.3627314207,0.347120184,0.2652354345,0.37436562
2015-08-19,0.3966457164,0.3971663954,0.2761513623,0.03242071
2015-08-20,0.4133896521,0.4017684945,0.2879079341,0.24315801
2015-08-21,0.3346453564,0.3937324428,0.2922622136,0.74222785
2015-08-24,0.4854469617,0.3985718215,0.3040380525,-0.22537571
2015-08-25,0.512879263,0.4286013899,0.3146131489,-1.59764469
2015-08-26,0.4930576555,0.4478837777,0.3283126446,0.45357615
2015-08-27,0.7817250292,0.5215508532,0.35067276,0.76141363
2015-08-28,0.6918506931,0.5929919205,0.3672933925,0.96676454
2015-08-31,0.5056255528,0.5970276387,0.3767667184,0.28412079
2015-09-01,0.5061198933,0.5956757648,0.3863974573,-0.57490255
2015-09-02,0.7051156232,0.6380873583,0.4014272512,-0.76313113
2015-09-03,0.4055363253,0.5628496176,0.4017938693,-0.67271942
2015-09-04,0.5710336193,0.5386862028,0.419500449,-0.23067405
2015-09-07,0.3340090624,0.5043629047,0.4280380941,-0.45056418
2015-09-08,0.5583704378,0.5148130136,0.4461176022,-0.20021752
2015-09-09,0.8602604608,0.5458419811,0.4771666941,0.64697554
2015-09-10,0.6600157162,0.5967378593,0.4977876336,1.03741026
2015-09-11,0.5427591724,0.5910829699,0.5158032933,0.04427562
2015-09-14,0.390313211,0.6023437996,0.5158002957,0.2909255
2015-09-15,0.7343503149,0.6375397751,0.5321423276,1.79308975
2015-09-16,0.9246448507,0.650416653,0.5532057267,0.42885357
2015-09-17,0.7050030233,0.6594141145,0.5687635269,0.20115023
2015-09-18,0.4786730813,0.6465968963,0.5724920434,0.38429125
2015-09-21,0.3514007998,0.638814414,0.5696743683,1.30013798
2015-09-22,0.556226271,0.6031896052,0.5797462281,-0.00454541
2015-09-23,0.4839128312,0.5150432013,0.5796764949,0.49540084
2015-09-24,0.5673429499,0.4875111866,0.582152117,-0.72649701
2015-09-25,0.7794842598,0.5476734223,0.5951715081,-0.62049163
2015-09-28,0.6667180681,0.610736876,0.589943919,0.75410504
2015-09-29,0.9442622982,0.6883440814,0.6014171738,-0.71411053
2015-09-30,1.2636155059,0.8442846164,0.6358712625,0.05813702
2015-10-01,0.7897218243,0.8887603913,0.6487622594,-0.23266008
2015-10-02,0.6501177039,0.8628870801,0.646262354,-1.1373192
2015-10-05,0.4866576399,0.8268749944,0.6499496865,-0.52429326
2015-10-06,0.737092433,0.7854410214,0.6574978144,-1.10928513
2015-10-07,0.5991481846,0.6525475571,0.6695495926,0.49969434
2015-10-08,0.5327509504,0.6011533824,0.6683850705,1.43889444
2015-10-09,0.5383737005,0.5788045817,0.6537538541,0.38732987
2015-10-12,0.7475825472,0.6309895631,0.6577341646,0.56867249
2015-10-13,0.9350342159,0.6705779197,0.6755648484,-1.07673473
2015-10-14,0.8951593378,0.7297801504,0.6985123996,-0.91959559
2015-10-15,0.9534736205,0.8139246844,0.7084725499,-2.24183702
2015-10-16,0.5414357059,0.8145370855,0.6910539524,-0.24971602
2015-10-19,0.6068098459,0.7863825452,0.6865906261,-0.79778834
2015-10-20,0.5651465411,0.7124050103,0.690521238,0.7263551
2015-10-21,0.7095031671,0.6752737761,0.7067986183,-0.37617764
2015-10-22,0.8561972015,0.6558184923,0.7204336606,-1.84246632
2015-10-23,0.4740975974,0.6423508706,0.7199875136,1.19637035
2015-10-26,0.5298103203,0.6269509655,0.718281485,0.08553862
2015-10-27,0.4456518465,0.6030520266,0.7031072844,-1.07273872
2015-10-28,0.4898450379,0.5591204007,0.6950676012,0.60551652
2015-10-29,0.5367801622,0.4952369929,0.6765456859,-0.71212489
2015-10-30,0.5733180429,0.5150810819,0.6451685285,-0.04133747
2015-11-02,0.4898967181,0.5070983615,0.6315401146,-1.71914602
2015-11-03,0.4992685416,0.5178217005,0.6246833345,1.03947949
2015-11-04,0.5347215986,0.5267970127,0.6268680599,0.30592563
2015-11-05,0.5899703202,0.5374350443,0.6201806911,0.75295636
2015-11-06,0.5184749907,0.5264664338,0.6165137277,-0.62528163
2015-11-09,0.5882699955,0.5461410893,0.6190373207,-0.09198854
2015-11-10,0.6593429862,0.5781559782,0.6245359246,0.11500321
2015-11-11,0.672033343,0.6056183271,0.6211018699,-0.82557975
2015-11-12,0.6136884365,0.6103619504,0.6064952435,-0.43574663
2015-11-13,0.8080285279,0.6682726578,0.6025347522,0.44824895
2015-11-16,1.1011404417,0.7708467471,0.6092468804,0.13361754
2015-11-17,0.6172478286,0.7624277156,0.612692886,-0.16427559
2015-11-18,0.6768286894,0.7633867848,0.6158755607,-1.47553233
2015-11-19,0.6073289557,0.7621148887,0.6177929432,-0.49079147
2015-11-20,0.5882447503,0.7181581332,0.6122811969,-1.21793837
2015-11-23,0.5645326386,0.6108365725,0.5990237168,-1.0917312
2015-11-24,0.5164215745,0.5906713217,0.6009475339,0.66850494
2015-11-25,0.6340511466,0.5821158131,0.6056857533,-0.65255199
2015-11-26,0.6798113582,0.5966122936,0.6163293675,0.65400624
2015-11-27,0.5951366775,0.5979906791,0.6211153511,-0.39583384
2015-11-30,0.7551592497,0.6361160013,0.6310416733,-0.30252895
2015-12-01,0.6895358765,0.6707388617,0.6363243021,-0.19370751
2015-12-02,0.5273480209,0.6493982366,0.638026634,0.64006511
2015-12-03,0.7107313438,0.6555822337,0.6476385796,-1.2299347
2015-12-04,0.6753597765,0.6716268535,0.654031224,0.30020301
2015-12-07,0.7290475062,0.6664045048,0.6603529143,-1.13123629
2015-12-08,0.5569645267,0.6398902348,0.6621024387,1.03117421
2015-12-09,0.8617069486,0.7067620204,0.6745313911,0.30904054
2015-12-10,0.9484812313,0.7543119979,0.6876740386,-1.66111391
2015-12-11,0.5339150781,0.7260230582,0.6813959356,-1.67243287
2015-12-14,0.6071100243,0.7016355618,0.6810969169,-0.39990428
2015-12-15,0.488620277,0.6879667118,0.66657836,-0.4807684
2015-12-16,0.3034622982,0.5763177818,0.6303202626,-0.10852487
2015-12-17,0.390464677,0.4647144709,0.6200119375,0.31974813
2015-12-18,0.4294056749,0.4438125903,0.6087654369,-0.09432642
2015-12-21,0.3449047804,0.3913715415,0.5968370653,0.32253408
2015-12-22,0.5931326795,0.412274022,0.5970592439,-0.0877328
2015-12-23,0.4600639048,0.4435943433,0.5923106651,-0.49985291
2015-12-24,0.5925033829,0.4840020845,0.5957689291,0.85680343
2015-12-25,0.5210149585,0.5023239412,0.5906309205,0.7252171
2015-12-28,0.4542230026,0.5241875857,0.5803769044,0.62914328
2015-12-29,0.4290417841,0.4913694066,0.5728271365,0.23609207
2015-12-30,0.5183149474,0.5030196151,0.5620614864,0.67847427
2015-12-31,0.4478405664,0.4740870518,0.5510753359,-0.45132357
2016-01-01,0.4860992139,0.4671039029,0.5492003901,0.35730903
2016-01-04,0.456251378,0.4675095779,0.537633119,0.13857584
2016-01-05,0.8852747751,0.5587561761,0.5471747098,0.00755615
2016-01-06,0.6250151893,0.5800962245,0.5424459681,-0.92617282
2016-01-07,0.4603635015,0.5826008115,0.5380550124,-0.94101965
2016-01-08,0.584394272,0.6022598232,0.5254498908,1.02952507
2016-01-11,0.4588234077,0.6027742291,0.503192717,0.65116773
2016-01-12,0.5256872557,0.5308567252,0.502818725,0.48919481
2016-01-13,0.3902334114,0.4839003697,0.4929606972,-0.62935071
2016-01-14,0.2589493638,0.4436175421,0.4825211102,-0.96415146
2016-01-15,0.2740509237,0.3815488725,0.4811842296,0.23108304
2016-01-18,0.3041774612,0.3506196831,0.4772620834,0.34435908
2016-01-19,0.3208679529,0.3096558226,0.4723285506,-0.07995023
2016-01-20,0.3258155759,0.2967722555,0.4714608595,-0.76904239
2016-01-21,0.3201860618,0.3090195951,0.459054195,0.72224315
2016-01-22,0.4877375704,0.3517569244,0.4603120889,-1.20552804
2016-01-25,0.5918439966,0.4092902315,0.4602821168,-0.92241334
2016-01-26,0.3867255531,0.4224617516,0.4541780529,0.6646749
2016-01-27,0.5061531859,0.4585292736,0.4565385158,0.85623201
2016-01-28,0.3311310549,0.4607182722,0.4520880281,0.91793139
2016-01-29,0.4173804165,0.4466468414,0.4475000949,-0.64498698
2016-02-01,0.5200606679,0.4322901756,0.4507828268,-0.86559623
2016-02-02,0.4830172523,0.4515485155,0.4506427376,0.78179609
2016-02-03,0.5009035538,0.4504985891,0.452672382,-1.29561302
2016-02-04,0.4661416749,0.4775007131,0.4336208774,0.88016445
2016-02-05,0.4139104986,0.4768067295,0.4240252097,0.55930838
2016-02-08,0.3579881341,0.4443922227,0.4193717839,0.9787431
2016-02-09,0.3943664724,0.4266620667,0.4107341566,0.53199334
2016-02-10,0.3969604639,0.4058734488,0.4079222046,0.29476474
2016-02-11,0.3024889399,0.3731429018,0.3977768266,-0.90511566
2016-02-12,0.401496885,0.3706601791,0.3982888027,-0.54495096
2016-02-15,0.4083014371,0.3807228396,0.4050775333,0.68005004
2016-02-16,0.3069750899,0.3632445631,0.4065740863,-0.3090588
2016-02-17,0.3187731353,0.3476070974,0.407237526,0.95803719
2016-02-18,0.3031388753,0.3477370845,0.4064316589,-0.14297068
2016-02-19,0.2799860245,0.3234349124,0.4043484974,-1.09652886
2016-02-22,0.2360719092,0.2889890068,0.4005251269,0.07874963
2016-02-23,0.2053135422,0.2686566973,0.387687671,-0.93646999
2016-02-24,0.2195741689,0.248816904,0.3707663152,0.99830594
2016-02-25,0.4348297936,0.2751550877,0.3729528716,0.02357831
2016-02-26,0.7480634578,0.3687705743,0.3839487931,0.66445254
2016-02-29,0.3804265471,0.3976415019,0.3861894973,-0.48913745
2016-03-01,0.3715635806,0.4308915096,0.3841069138,1.00203914
2016-03-02,0.3666223075,0.4603011373,0.3771324429,-0.30790424
2016-03-03,0.5025584623,0.473846871,0.3780206797,-0.10790584
2016-03-04,0.3300734017,0.3902488598,0.3702556728,0.43035168
2016-03-07,0.3468683989,0.3835372302,0.3648341603,-0.3837314
2016-03-08,0.292752535,0.3677750211,0.3593269801,0.59520905
2016-03-09,0.3379360602,0.3620377716,0.3584155222,1.1515115
2016-03-10,0.3311340667,0.3277528925,0.3555413219,-0.02331925
2016-03-11,0.4007027941,0.341878771,0.3557114278,-0.83459291
2016-03-14,0.3258924988,0.3376835909,0.356775226,-0.76312112
2016-03-15,0.3834330572,0.3558196954,0.3559541429,0.10738827
2016-03-16,0.2855513882,0.345342761,0.3503745952,0.24699836
2016-03-17,0.1789897211,0.3149138919,0.3445570785,0.3025667
2016-03-18,0.227617758,0.2802968847,0.3404136522,-0.00701841
2016-03-21,0.2447226681,0.2640629185,0.3377583701,0.03066812
2016-03-22,0.2092284345,0.229221994,0.334542116,0.01717956
2016-03-23,0.2265149857,0.2174147135,0.3341077104,-0.95759884
2016-03-24,0.2525710974,0.2321309887,0.3362557811,-0.70527472
2016-03-25,0.2347265025,0.2335527376,0.3369445235,-0.40497471
2016-03-28,0.2186454889,0.2283373018,0.3271179642,0.71889455
2016-03-29,0.1765168639,0.2217949877,0.3011385736,-0.1451481
2016-03-30,0.248754595,0.2262429095,0.2951534848,0.17565906
2016-03-31,0.1832342323,0.2123755365,0.2865930599,-0.55391668
2016-04-01,0.2797822549,0.221386687,0.2826457848,-0.11714305
2016-04-04,0.2149344158,0.2206444724,0.2695719645,-0.00814015
2016-04-05,0.3759079847,0.2605226965,0.2716553546,-0.43168929
2016-04-06,0.347025321,0.2801768417,0.2716624874,0.03723618
2016-04-07,0.2440796515,0.2923459256,0.2694500837,-0.5657719
2016-04-08,0.2014916108,0.2766877968,0.2632480632,-0.29054163
2016-04-11,0.3100991366,0.2957207409,0.26229193,-0.29748194
2016-04-12,0.2060007034,0.2617392847,0.253441835,0.20422786
2016-04-13,0.443387367,0.2810116939,0.2587825108,-0.66678452
2016-04-14,0.2804757134,0.2882909062,0.2541026316,-1.3882042
2016-04-15,0.3071800792,0.3094285999,0.2550857539,-0.38390248
2016-04-18,0.3482087838,0.3170505294,0.2627775295,0.37274379
2016-04-19,0.2310004168,0.322050472,0.2629312867,-0.31590254
2016-04-20,0.272117239,0.2877964464,0.2641764945,-0.77809537
2016-04-21,0.2817279513,0.288046894,0.267471927,0.07950605
2016-04-22,0.2616291858,0.2789367154,0.269068027,0.38119537
2016-04-25,0.2197076709,0.2532364928,0.2675742349,0.06481341
2016-04-26,0.2435958411,0.2557555776,0.2679773867,0.60372754
2016-04-27,0.1968709712,0.2407063241,0.2669876359,0.6447475
2016-04-28,0.2191218526,0.2281851043,0.2689242263,-0.18454292
2016-04-29,0.2640848976,0.2286762467,0.2696210582,0.27916412
2016-05-02,0.27506122,0.2397469565,0.2737950122,0.37451916
2016-05-03,0.2122715086,0.23348209,0.2707263419,0.14529098
2016-05-04,0.1810048793,0.2303088716,0.2691840903,0.05020493
2016-05-05,0.2396342561,0.2344113523,0.2629898299,0.15352631
2016-05-06,0.2064526712,0.2228849071,0.256600164,-0.36283187
2016-05-09,0.1990631607,0.2076852952,0.2545539598,-0.3016398
2016-05-10,0.2217418171,0.2095793569,0.2554744238,-0.03251615
2016-05-11,0.2667703772,0.2267324565,0.2535049347,-0.44302845
2016-05-12,0.2730425566,0.2334141165,0.2565522917,-0.2166962
2016-05-13,0.248013083,0.2417261989,0.2476716424,-0.6934897
2016-05-16,0.3704936238,0.2760122915,0.2517633656,1.13406178
2016-05-17,0.2840020971,0.2884643475,0.2507098209,0.04473973
2016-05-18,0.2015341704,0.2754171062,0.2440427931,-0.24912806
2016-05-19,0.2403008919,0.2688687732,0.2444655419,-0.89427778
2016-05-20,0.271919544,0.2736500654,0.2444565558,0.20669401
2016-05-23,0.3076254207,0.2610764248,0.2456337135,-0.11499908
2016-05-24,0.2079588071,0.2458677668,0.2431941508,1.2521743
2016-05-25,0.2617472956,0.2579103919,0.2451050429,-0.26512367
2016-05-26,0.4148493984,0.2928200932,0.2528892955,-0.68414555
2016-05-27,0.4451567917,0.3274675427,0.2641750146,-0.22752915
2016-05-30,0.4475087531,0.3554442092,0.2745562373,1.30388167
2016-05-31,0.4359305316,0.4010385541,0.2823674025,-0.79174804
2016-06-01,0.3239935957,0.4134878141,0.2845916014,-0.383433
2016-06-02,0.3244045127,0.3953988369,0.2896885561,0.31746228
2016-06-03,0.2930042151,0.3649683216,0.294779435,-0.49933631
2016-06-06,0.3513525204,0.3457370751,0.2998575379,-0.31458773
2016-06-07,0.3089533682,0.3203416424,0.3045166605,0.76860052
2016-06-08,0.3058120087,0.316705325,0.3093688809,-0.18760258
2016-06-09,0.3013496121,0.3120943449,0.312987417,0.47668028
2016-06-10,0.3867970957,0.330852921,0.318443177,-0.16783458
2016-06-13,0.4033533644,0.3412530898,0.3243663955,-0.11130712
2016-06-14,0.2982077187,0.3391039599,0.3266479699,-0.9303911
2016-06-15,0.277024596,0.3333464774,0.3223993777,0.49863945
2016-06-16,0.3279427048,0.3386650959,0.324396678,-0.91129829
2016-06-17,0.2601846572,0.3133426082,0.3270626093,0.4310817
2016-06-20,0.2296732536,0.2786065861,0.3265795348,-0.36315289
2016-06-21,0.2043667536,0.259838393,0.3235089534,-0.03858402
2016-06-22,0.2148148844,0.2473964507,0.3192902927,-0.37020567
2016-06-23,0.2905918867,0.2399262871,0.3230463417,0.36829165
2016-06-24,0.2616009132,0.2402095383,0.323039688,-0.2827583
2016-06-27,0.3619431282,0.2666635132,0.3206348575,-0.30558718
2016-06-28,0.4329450661,0.3123791757,0.3200797791,0.02161752
2016-06-29,0.3463028972,0.3386767783,0.3154795129,-0.28865555
2016-06-30,0.3657658697,0.3537115749,0.3122902101,0.22076236
2016-07-01,0.3779084981,0.3769730918,0.3147408875,0.27760149
2016-07-04,0.2949437824,0.3635732227,0.3134017634,-0.8395833
2016-07-05,0.3118918053,0.3393625706,0.3142602902,0.02465487
2016-07-06,0.3612775824,0.3423575076,0.3147114294,-0.74120911
2016-07-07,0.321461453,0.3334966243,0.3152799787,0.07025046
2016-07-08,0.2730750837,0.3125299414,0.3137919367,0.09678896
2016-07-11,0.3530183641,0.3241448577,0.3161405163,-0.86215188
2016-07-12,0.3143088899,0.3246282746,0.3128455979,0.70911223
2016-07-13,0.3147327531,0.3153193088,0.3088173882,0.33428917
2016-07-14,0.3920762411,0.3294422664,0.3130841393,1.01542018
2016-07-15,0.3407098918,0.342969228,0.3159789254,-0.79928646
2016-07-18,0.3357318825,0.3395119317,0.316332979,0.05692974
2016-07-19,0.4483195306,0.3663140598,0.3248845641,-0.09128787
2016-07-20,0.3193422844,0.3672359661,0.3289604292,0.11273198
2016-07-21,0.2177876637,0.3323782506,0.3295704705,-0.07383018
2016-07-22,0.4674875469,0.3577337816,0.3410555916,1.14867533
2016-07-25,0.501994109,0.3909862269,0.3506647835,-0.46437372
2016-07-26,0.4792472223,0.3971717653,0.3605577975,-0.58726915
2016-07-27,0.2544070567,0.3841847197,0.3556697943,-0.16510144
2016-07-28,0.2702430055,0.3946757881,0.3482742461,0.89909319
2016-07-29,0.231676811,0.3475136409,0.3430639694,-0.18599098
2016-08-01,0.2647653057,0.3000678803,0.3384730347,-0.09941541
2016-08-02,0.2148874305,0.2471959219,0.3310629862,-0.05839738
2016-08-03,0.2384043577,0.2439953821,0.3284930123,-0.21570017
2016-08-04,0.2795853364,0.2458638483,0.3270245365,-0.37728252
2016-08-05,0.2640399714,0.2523364803,0.322604645,-0.95130831
2016-08-08,0.3000407049,0.2593915602,0.3216309747,-0.30899081
2016-08-09,0.184801331,0.2533743403,0.3176185314,-0.0245291
2016-08-10,0.4476698312,0.295227435,0.3219208708,1.03903345
2016-08-11,0.5309413323,0.3454986342,0.3317678,0.05999006
2016-08-12,0.3686509387,0.3664208276,0.3342186266,-1.03733825
2016-08-15,0.3078246231,0.3679776113,0.3303890076,-0.22837208
2016-08-16,0.3051804346,0.392053432,0.3287740323,0.38184548
2016-08-17,0.3057573277,0.3636709313,0.3274115525,0.17138954
2016-08-18,0.4789265888,0.3532679826,0.3288027824,0.86408264
2016-08-19,0.5806705622,0.3956719073,0.3406813405,-0.64783243
2016-08-22,0.410829802,0.4162729431,0.3494559832,-0.58815529
2016-08-23,0.4122431226,0.4376854807,0.346944873,-0.51805911
2016-08-24,0.4008142756,0.4566968702,0.3423457896,0.01572473
2016-08-25,0.4509844997,0.4511084524,0.3410611204,-0.71019883
2016-08-26,0.3851957517,0.4120134903,0.3470060611,-0.43399303
2016-08-29,0.5780221198,0.4454519539,0.3609960208,0.98386267
2016-08-30,0.3104889069,0.4251011107,0.3645783888,0.89148993
2016-08-31,0.4553918572,0.4360166271,0.3732432321,-0.65314551
2016-09-01,0.4111053146,0.42804079,0.3821622268,-0.02174256
2016-09-02,0.3980960161,0.4306208429,0.3894209386,0.45819527
2016-09-05,0.3917063218,0.3933576833,0.394517347,0.26951202
2016-09-06,0.4774678959,0.4267534811,0.4042186163,0.11611669
2016-09-07,0.3722765116,0.410130412,0.407502062,0.58466585
2016-09-08,0.420160022,0.4119413535,0.4182001844,0.28605363
2016-09-09,0.3423883656,0.4007998234,0.4134146632,-0.25585971
2016-09-12,0.2944095576,0.3813404705,0.4026632189,-0.73879854
2016-09-13,0.360320456,0.3579109826,0.4022845606,-0.10392334
2016-09-14,0.3217518902,0.3478060583,0.4029176182,0.45827894
2016-09-15,0.4016231018,0.3440986742,0.4073013758,0.46702549
2016-09-16,0.3478186494,0.345184731,0.409213254,-0.76679723
2016-09-19,0.2743375979,0.3411703391,0.3999137545,-0.5983222
2016-09-20,0.387941495,0.3466945469,0.3911533423,-0.40787287
2016-09-21,0.2975469505,0.3418535589,0.3860041218,-0.80499637
2016-09-22,0.3083141068,0.3231917599,0.3812800756,-0.44864044
2016-09-23,0.475128395,0.348653709,0.3846579901,-0.11733024
2016-09-26,0.4727089085,0.3883279712,0.3856454633,0.27287597
2016-09-27,0.5810001195,0.4269396961,0.3945456618,-1.24258315
2016-09-28,0.5003065058,0.4674916071,0.3910131339,0.03218201
2016-09-29,0.3723662481,0.4803020354,0.3938257403,-0.1203315
2016-09-30,0.3882805211,0.4629324606,0.390775225,-0.68828251
2016-10-03,0.398392352,0.4480691493,0.3901973631,-0.36829853
2016-10-04,0.3197040539,0.3958099362,0.3866340921,0.74225766
2016-10-05,0.3008555415,0.3559197433,0.3825045112,-0.2153355
2016-10-06,0.3373066928,0.3489078323,0.3761335474,-0.03878737
2016-10-07,0.252177337,0.3216871954,0.370674494,0.13672739
2016-10-10,0.3471880459,0.3114463342,0.367357586,0.523919
2016-10-11,0.3311029653,0.3137261165,0.3668446133,-0.72762498
2016-10-12,0.4228006956,0.3381151473,0.3726805741,0.14104135
2016-10-13,0.1782725393,0.3063083166,0.3644056688,-0.60019887
2016-10-14,0.2338698431,0.3026468178,0.3604110303,-0.38575408
2016-10-17,0.3170412652,0.2966174617,0.3565664013,-0.36559514
2016-10-18,0.254493972,0.281295663,0.3523243705,0.02273251
2016-10-19,0.2954514266,0.2558258092,0.35328409,-0.11996387
2016-10-20,0.2861314678,0.2773975949,0.3486563615,0.24435455
2016-10-21,0.3189290551,0.2944094373,0.3496282754,1.46912742
2016-10-24,0.4966219489,0.3303255741,0.3581877227,0.34727951
2016-10-25,0.3784749373,0.3551217671,0.3537943837,-0.30038934
2016-10-26,0.3738883231,0.3708091464,0.3493025389,-0.81139142
2016-10-27,0.3124115018,0.3760651532,0.3370939654,-0.43933789
2016-10-28,0.245104021,0.3613001464,0.3254938525,0.17691888
2016-10-31,0.2891181167,0.31979938,0.3217098465,-0.10238915
2016-11-01,0.31969426,0.3080432445,0.3185922892,0.38073109
2016-11-02,0.282827036,0.2898309871,0.3133393203,1.01251932
2016-11-03,0.2324707489,0.2738428365,0.30937417,-0.76459125
2016-11-04,0.3734448122,0.2995109948,0.3126736823,0.45391327
2016-11-07,0.2449020118,0.2906677738,0.3084734696,-0.19944526
2016-11-08,0.2160671004,0.2699423419,0.3068320952,0.17023505
2016-11-09,0.194986348,0.2523742043,0.2999138362,0.3166609
2016-11-10,0.1612196414,0.2381239828,0.2921918669,0.76352651
2016-11-11,0.2563982662,0.2147146736,0.2846281201,-0.43730975
2016-11-14,0.1955330242,0.204840876,0.2854126876,-0.53870602
2016-11-15,0.232022509,0.2080319578,0.2853287179,0.54371832
2016-11-16,0.2008017953,0.2091950472,0.2800451056,-0.12568352
2016-11-17,0.1511198978,0.2071750985,0.2753462841,-0.06001305
2016-11-18,0.1948069315,0.1948568315,0.2707715343,-0.11173744
2016-11-21,0.2463427785,0.2050187824,0.2689629575,0.61589119
2016-11-22,0.262018836,0.2110180478,0.2663761294,-0.33093555
2016-11-23,0.2200332732,0.2148643434,0.2538039168,0.38624526
2016-11-24,0.1571527625,0.2160709163,0.243743818,-0.57788926
2016-11-25,0.2237339377,0.2218563176,0.2369186186,-0.40076853
2016-11-28,0.2951967308,0.231627108,0.236136129,-0.14682407
2016-11-29,0.2436440157,0.227952144,0.2360697652,0.49401761
2016-11-30,0.3751421273,0.2589739148,0.2399799475,-0.62579746
2016-12-01,0.2207750235,0.271698367,0.2354836185,-0.07230744
2016-12-02,0.2721329228,0.281378164,0.2349975225,-0.34354465
2016-12-05,0.304470086,0.283232835,0.2382702196,-0.15026113
2016-12-06,0.2032877802,0.275161588,0.2305358091,-0.37442209
2016-12-07,0.2177861101,0.2436903845,0.2293032681,0.35742814
2016-12-08,0.221925304,0.2439204406,0.2295695501,-0.04741119
2016-12-09,0.2040548176,0.2303048196,0.2299817532,0.01687223
2016-12-12,0.2354170073,0.2164942038,0.2333543608,0.21034204
2016-12-13,0.1669344839,0.2092235446,0.2292878252,-0.3497348
2016-12-14,0.1828415822,0.202234639,0.2287109415,0.68143977
2016-12-15,0.2067377578,0.1991971297,0.2275616346,0.15094481
2016-12-16,0.1233691179,0.1830599898,0.2240419675,0.09712596
2016-12-19,0.1177595263,0.1595284936,0.2225255869,0.61252022
2016-12-20,0.206233644,0.1673883256,0.223044983,-0.86408608
2016-12-21,0.3000067755,0.1908213643,0.2254842555,0.70558916
2016-12-22,0.2275030966,0.1949744321,0.2239153583,0.16409228
2016-12-23,0.2393554682,0.2181717021,0.2247936399,0.38437332
2016-12-26,0.1882493124,0.2322696593,0.2262071194,-0.30247666
2016-12-27,0.2368724324,0.238397417,0.2268043237,-0.71296772
2016-12-28,0.3796629467,0.2543286513,0.2306436972,0.80153413
2016-12-29,0.1584899761,0.2405260272,0.226773059,-0.07665395
2016-12-30,0.3137931637,0.2554135663,0.2239844698,0.58447389
2017-01-02,0.3204273342,0.2818491706,0.2285141203,-0.76027751
2017-01-03,0.2155319846,0.277581081,0.2259413503,1.09540972
2017-01-04,0.2985749969,0.2613634911,0.2256733917,0.48600555
2017-01-05,0.231158463,0.2758971885,0.226940241,-0.32926595
2017-01-06,0.2461087565,0.262360307,0.228227634,0.16259781
2017-01-09,0.1547163616,0.2292181125,0.2251726821,-0.48265551
2017-01-10,0.2784573311,0.2418031818,0.2285546145,-0.78290467
2017-01-11,0.21337558,0.2247632984,0.2275527314,0.15847522
2017-01-12,0.1598218464,0.2104959751,0.2272294297,0.48334741
2017-01-13,0.1883728533,0.1989487945,0.2274808511,0.23462112
2017-01-16,0.2548145855,0.2189684393,0.2296661615,-0.09192956
2017-01-17,0.1890769367,0.2010923604,0.2326528805,-0.33715926
2017-01-18,0.1700688753,0.1924310194,0.2350305782,-0.33748156
2017-01-19,0.2036285673,0.2011923636,0.2349121656,0.1035283
2017-01-20,0.202082054,0.2039342038,0.2304610419,-0.4455666
2017-01-23,0.1907205222,0.1911153911,0.2287891067,0.7210602
2017-01-24,0.1878186685,0.1908637375,0.2264465249,-0.41952766
2017-01-25,0.2788409619,0.2126181548,0.2305643272,0.46800449
2017-01-26,0.3749812593,0.2468886932,0.2368420011,-0.08712401
2017-01-27,0.254716929,0.2574156682,0.2311626367,0.35747211
2017-01-30,0.1880036501,0.2568722938,0.2325041673,-0.50291072
2017-01-31,0.2706438178,0.2734373236,0.2305428334,-0.62761625
2017-02-01,0.2018579007,0.2580407114,0.2251533137,0.64465609
2017-02-02,0.2291838289,0.2288812253,0.2257738521,0.24661037
2017-02-03,0.1791494823,0.213767736,0.2203454196,-0.18151708
2017-02-06,0.1685072199,0.2098684499,0.2174976358,0.43332846
2017-02-07,0.1640312756,0.1885459415,0.2137668413,0.1866487
2017-02-08,0.1804114401,0.1842566494,0.2149347994,0.07745154
2017-02-09,0.1314529742,0.1647104784,0.2082527831,-0.43863208
2017-02-10,0.151479121,0.1591764062,0.2054393077,0.01503434
2017-02-13,0.1632252425,0.1581200107,0.2055940076,0.31969473
2017-02-14,0.1970171605,0.1647171877,0.2059869306,-0.65452338
2017-02-15,0.2379994955,0.1762347988,0.2052226083,0.39412847
2017-02-16,0.2101784807,0.1919799001,0.2061817694,-0.01717015
2017-02-17,0.2819702069,0.2180781172,0.2112681936,-0.11792674
2017-02-20,0.3353580458,0.2525046779,0.2172558972,-0.53435799
2017-02-21,0.3087759354,0.2748564329,0.222105619,-0.61853766
2017-02-22,0.2591479641,0.2790861266,0.2252159573,0.30172808
2017-02-23,0.3711237973,0.3112751899,0.2335480086,-0.27722158
2017-02-24,0.2407355117,0.3030282509,0.2318159427,-0.44068615
2017-02-27,0.4367846466,0.323313571,0.2346251876,0.0524875
2017-02-28,0.3320476777,0.3279679195,0.2381402216,0.44302666
2017-03-01,0.395870813,0.3553124893,0.247588729,0.62888386
2017-03-02,0.2396200225,0.3290117343,0.2461785565,1.04353666
2017-03-03,0.2076272021,0.3223900724,0.2464407975,0.45034587
2017-03-06,0.4830101765,0.3316351784,0.2579783587,0.17400598
2017-03-07,0.3686471142,0.3389550656,0.2665918874,-0.4152627
2017-03-08,0.4054199286,0.3408648888,0.2773606469,-0.04002249
2017-03-09,0.2639113846,0.3457231612,0.2819006519,-0.51140518
2017-03-10,0.3277001743,0.3697377556,0.2885955943,-1.25524945
2017-03-13,0.3908755655,0.3513108334,0.3003875303,-1.37154944
2017-03-14,0.3949005854,0.3565615277,0.3114521423,0.20670048
2017-03-15,0.3242591063,0.3403293632,0.3187718634,0.50492956
2017-03-16,0.336013671,0.3547498205,0.3250898866,0.73477815
2017-03-17,0.3248596266,0.3541817109,0.3290380744,0.48346196
2017-03-20,0.2719902636,0.3304046505,0.3318477009,-0.9012425
2017-03-21,0.3412374594,0.3196720253,0.3345416669,0.14115747
2017-03-22,0.3609391896,0.327008042,0.3357044462,-0.82809899
2017-03-23,0.4229791344,0.3444011347,0.3408955007,-0.1407868
2017-03-24,0.3838346305,0.3561961355,0.3465630764,0.03715
2017-03-27,0.2442865854,0.3506553999,0.3407977486,0.48791421
2017-03-28,0.2804577309,0.3384994542,0.342603304,-0.55195393
2017-03-29,0.2210896771,0.3105295517,0.3327989872,-0.14328698
2017-03-30,0.2865795143,0.2832496276,0.3307322525,0.12238924
2017-03-31,0.256032618,0.2576892251,0.3243759709,0.79350075
2017-04-03,0.2763192782,0.2640957637,0.3260441189,-0.65370433
2017-04-04,0.2953556905,0.2670753556,0.3300317775,-0.60217159
2017-04-05,0.2520050736,0.2732584349,0.3195315455,0.21339768
2017-04-06,0.2751606354,0.2709746591,0.3152821601,-0.10168712
2017-04-07,0.3812823761,0.2960246108,0.3141849987,0.22559205
2017-04-10,0.3827083469,0.3173024245,0.3195848606,0.12737318
2017-04-11,0.2929949404,0.3168302745,0.31800735,-0.26144503
2017-04-12,0.3372092903,0.3338711178,0.3155679738,-0.86740737
2017-04-13,0.3339547362,0.345629938,0.3127977079,0.60218018
2017-04-14,0.3721340192,0.3438002666,0.3149738403,-1.0762154
2017-04-17,0.4235332863,0.3519652545,0.3189520047,-0.58847821
2017-04-18,0.2680979963,0.3469858657,0.3163719306,-0.22607355
2017-04-19,0.3343616813,0.3464163439,0.319206995,0.21934579
2017-04-20,0.2324763292,0.3261206625,0.3142633073,-0.1353333
2017-04-21,0.2324046295,0.2981747846,0.3084208273,0.22279089
2017-04-24,0.306488735,0.2747658743,0.3031258091,0.68443713
2017-04-25,0.3631240345,0.2937710819,0.3021844184,-0.5867545
2017-04-26,0.3069466427,0.2882880742,0.3050326028,-0.02629118
2017-04-27,0.1735131221,0.2764954327,0.3001714842,-0.36873764
2017-04-28,0.2031269415,0.2706398951,0.2993549963,0.09856287
2017-05-01,0.2741799346,0.2641781351,0.298791379,0.05826367
2017-05-02,0.3371191444,0.258977157,0.3024771302,1.26176668
2017-05-03,0.3539833821,0.2683845049,0.3060073167,0.40359336
2017-05-04,0.3747764728,0.3086371751,0.3096173523,0.0236788
2017-05-05,0.3496300964,0.3379378061,0.3140548533,-0.67422434
2017-05-08,0.2392899168,0.3309598025,0.3124243661,-0.70048013
2017-05-09,0.4321295976,0.3499618932,0.3147356035,0.12632102
2017-05-10,0.4622981819,0.3716248531,0.3183533232,-0.04891519
2017-05-11,0.4419912596,0.3850678105,0.3251258832,-0.68917689
2017-05-12,0.4114880764,0.3974394065,0.3285021917,0.41922116
2017-05-15,0.2415056967,0.3978825624,0.3242999626,-0.85435246
2017-05-16,0.36565532,0.3845877069,0.3240054763,0.21141329
2017-05-17,0.5682342773,0.405774926,0.330582794,-1.63422197
2017-05-18,0.4535243714,0.4080815484,0.3390112656,1.09413972
2017-05-19,0.492347743,0.4242534817,0.3461924503,-1.57538985
2017-05-22,0.4797970327,0.4719117489,0.3574343004,0.19020156
2017-05-23,0.622080276,0.5231967401,0.3751468298,-1.29749996
2017-05-24,0.3862696425,0.4868038131,0.3787732347,0.06711621
2017-05-25,0.3686065849,0.4698202558,0.3790224415,-0.60821826
2017-05-26,0.3173583733,0.4348223819,0.379495702,0.1383217
2017-05-29,0.2923195373,0.3973268828,0.3848959936,-0.40866086
2017-05-30,0.430012371,0.3589133018,0.3952089677,-1.32977046
2017-05-31,0.3699628996,0.3556519532,0.3995627388,-0.28607102
2017-06-01,0.3441536865,0.3507613735,0.3998824907,1.0264299
2017-06-02,0.3127320379,0.3498361064,0.3980074296,0.74165057
2017-06-05,0.3584240302,0.363057005,0.3972641368,0.48990652
2017-06-06,0.3060180943,0.3382581497,0.395281773,1.85599843
2017-06-07,0.3382980854,0.3319251869,0.3997821443,0.41511579
2017-06-08,0.5024150213,0.3635774538,0.4029769363,0.96604279
2017-06-09,0.4750393274,0.3960389117,0.4035560793,-0.54176811
2017-06-12,0.3868163914,0.401717384,0.4010481307,-0.37525988
2017-06-13,0.4449640813,0.4295065814,0.4025697673,-0.15217029
2017-06-14,0.4985602206,0.4615590084,0.4142540639,0.10874001
2017-06-15,0.4367606548,0.4484281351,0.4174861245,-1.2678553
2017-06-16,0.4166768439,0.4367556384,0.4105971503,-0.1504577
2017-06-19,0.3116764659,0.4217276533,0.4041495182,0.66236004
2017-06-20,0.6137044489,0.4554757268,0.4096657321,-0.89905171
2017-06-21,0.6076982065,0.477303324,0.4154794218,-1.10835501
2017-06-22,0.3265050834,0.4552522097,0.4020441858,-0.2869678
2017-06-23,0.2441495945,0.4207467598,0.3955841836,-1.00933212
2017-06-26,0.6125170976,0.4809148862,0.4066710251,0.91667922
2017-06-27,0.6199379336,0.4821615831,0.4204246415,-0.05512204
2017-06-28,0.4350562606,0.4476331939,0.4269126744,-0.24713629
2017-06-29,0.5530052269,0.4929332226,0.4325032587,2.08426638
2017-06-30,0.4453818197,0.5331796677,0.4359313915,0.78970202
2017-07-03,0.6541796576,0.5415121797,0.4500234811,1.02145118
2017-07-04,0.7760214303,0.572728879,0.4710820898,0.10595489
2017-07-05,0.4691920704,0.579556041,0.4761170007,0.03999606
2017-07-06,0.2968290833,0.5283208123,0.4756993184,0.0094371
2017-07-07,0.3517943397,0.5096033163,0.4763127845,-0.23754055
2017-07-10,0.5175306337,0.4822735115,0.4769998578,-0.13920986
2017-07-11,0.6660286251,0.4602749504,0.4856811895,-0.46382166
2017-07-12,0.7803558917,0.5225077147,0.5035693486,-0.39887891
2017-07-13,0.7527005328,0.6136820046,0.5175573692,-1.3354448
2017-07-14,0.632808667,0.6698848701,0.5236595713,0.04428541
2017-07-17,0.4970155551,0.6657818544,0.5263984304,0.21719946
2017-07-18,0.6014349782,0.652863125,0.5347965274,-0.82579179
2017-07-19,0.5425961777,0.6053111822,0.5452928779,0.99228106
2017-07-20,0.5846515761,0.5717013908,0.5439722928,1.30858005
2017-07-21,0.59778065,0.5646957874,0.5435214948,-0.52998298
2017-07-24,0.458271851,0.5569470466,0.5495108933,-0.55310246
2017-07-25,0.3998287447,0.5166257999,0.5565872183,1.12215773
2017-07-26,0.3833898944,0.4847845433,0.5461723454,-0.40905454
2017-07-27,0.2909210628,0.4260384406,0.5312170331,-0.4021389
2017-07-28,0.3959663271,0.385675576,0.529440218,-0.28344838
2017-07-31,0.3410437271,0.3622299512,0.5198056044,0.31882598
2017-08-01,0.6169093881,0.4056460799,0.527602312,0.15503612
2017-08-02,0.6114343162,0.4512549643,0.5256593419,-1.09798729
2017-08-03,0.3534562453,0.4637620008,0.5064518335,-0.1077542
2017-08-04,0.2326877565,0.4311062867,0.4957016374,-0.73422198
2017-08-07,0.2301423066,0.4089260025,0.4926704203,-0.00437211
2017-08-08,0.2437800557,0.3343001361,0.4877606801,0.8264918
2017-08-09,0.34390386,0.2807940448,0.4798685541,0.39665192
2017-08-10,0.3241974731,0.2749422904,0.4643307744,0.00573983
2017-08-11,0.4215103358,0.3127068062,0.4480196128,0.99891362
2017-08-14,0.3279313732,0.3322646196,0.4287119237,-0.42024758
2017-08-15,0.4217130248,0.3678512134,0.4191166673,-0.64920324
2017-08-16,0.3726726255,0.3736049665,0.4134647159,0.87638616
2017-08-17,0.3030441233,0.3693742965,0.3999014952,-0.0400304
2017-08-18,0.4237455457,0.3698213385,0.3944991938,-0.40863606
2017-08-21,0.406210129,0.3854770897,0.3863882189,-1.98873081
2017-08-22,0.5811511902,0.4173647227,0.3856323344,0.31040795
2017-08-23,0.3674658185,0.4163233613,0.3815047874,0.77942536
2017-08-24,0.4878192974,0.4532783962,0.385504358,0.68088242
2017-08-25,0.4429668934,0.4571226657,0.3882124034,-0.78689013
2017-08-28,0.589616553,0.4938039505,0.4017894712,1.91352014
2017-08-29,0.5230033919,0.4821743909,0.4075638832,1.10965696
2017-08-30,0.4692895129,0.5025391297,0.4133932371,-0.91306588
2017-08-31,0.3365806155,0.4722913934,0.4006510202,-0.1106055
2017-09-01,0.4939782347,0.4824936616,0.3953121074,0.49077295
2017-09-04,0.3328010208,0.4311305552,0.3943732335,0.70517109
2017-09-05,0.4414994681,0.4148297704,0.403864675,-0.6666371
2017-09-06,0.4651699466,0.4140058572,0.4145477495,0.48772778
2017-09-07,0.32936199,0.412562132,0.4184378374,0.36552013
2017-09-08,0.3148861868,0.3767437225,0.4171188523,-0.33218688
2017-09-11,0.296450696,0.3694736575,0.4158576351,0.48796726
2017-09-12,0.3844915879,0.3580720815,0.4141749648,0.17618585
2017-09-13,0.5653630312,0.3781106984,0.4249673129,-0.37185998
2017-09-14,0.4183962033,0.395917541,0.4248165483,0.06608013
2017-09-15,0.3928103312,0.4115023699,0.4257318985,0.0373139
2017-09-18,0.5651525925,0.4652427492,0.4376459198,1.25608722
2017-09-19,0.3880763209,0.4659596958,0.4360245915,0.51642102
2017-09-20,0.4483356123,0.442554212,0.4379393861,0.30827132
2017-09-21,0.5002961111,0.4589341936,0.4342641553,-0.3166972
2017-09-22,0.3614008666,0.4526523007,0.4339884756,0.05792249
2017-09-25,0.5387638792,0.447374558,0.4363041385,-0.02804007
2017-09-26,0.5628177197,0.4823228378,0.4417519033,0.83560534
2017-09-27,0.5416789463,0.5009915046,0.4395729212,0.66909737
2017-09-28,0.5890541961,0.5187431216,0.4425752304,0.13032306
2017-09-29,0.8483828236,0.616139513,0.4598067446,-0.11993574
2017-10-02,1.1455879906,0.7375043352,0.4965798071,0.7582832
2017-10-03,0.9800107219,0.8209429357,0.5186721928,0.31037709
2017-10-04,0.6364436901,0.8398958845,0.5324741324,-0.66290126
2017-10-05,0.8339439078,0.8888738268,0.550312516,0.75132363
2017-10-06,0.5850643562,0.8362101333,0.5557622619,0.10515144
2017-10-09,0.69591596,0.7462757272,0.572423806,0.2645977
2017-10-10,0.5531505908,0.660903701,0.5832540061,0.43644204
2017-10-11,0.8092968772,0.6954743384,0.6065651962,-1.88455832
2017-10-12,0.9044881385,0.7095831845,0.630201403,1.19649201
2017-10-13,0.9088515265,0.7743406186,0.6458145165,-0.1520259
2017-10-16,0.9370012515,0.8225576769,0.6693874732,-0.21720712
2017-10-17,0.8996789387,0.8918633465,0.6924269554,0.0293936
2017-10-18,1.2810345703,0.9862108851,0.7249670453,0.9052706
2017-10-19,1.224012843,1.050115826,0.7629641599,-0.2784445
2017-10-20,0.9300612332,1.0543577673,0.784860779,0.11505938
2017-10-23,0.6066822641,0.9882939699,0.7896965133,0.11269311
2017-10-24,0.5801051251,0.9243792071,0.7996376159,0.04602207
2017-10-25,0.6361431647,0.795400926,0.8040639471,-0.26364852
2017-10-26,0.5177869147,0.6541557404,0.8020170923,0.48215834
2017-10-27,0.5852344225,0.5851903782,0.8039968867,-0.26852769
2017-10-30,0.9075041508,0.6453547555,0.8184718846,-1.05432841
2017-10-31,0.5521263156,0.6397589936,0.8050056797,0.2205751
2017-11-01,0.6030728688,0.6331449345,0.7803459014,1.54120084
2017-11-02,0.5902787388,0.6476432993,0.7626308113,-0.82495761
2017-11-03,0.4142190477,0.6134402243,0.7525296912,0.32787848
2017-11-06,0.4285640758,0.5176522093,0.7341033352,-0.2663831
2017-11-07,0.5318095462,0.5135888555,0.731682662,-0.89055794
2017-11-08,0.5268236453,0.4983390108,0.7239966477,-0.39419594
2017-11-09,0.2876767326,0.4378186095,0.7119296542,-0.80678753
2017-11-10,0.3862324009,0.4322212802,0.6926994507,-1.20814351
2017-11-13,0.3709393117,0.4206963273,0.6684472313,0.06523432
2017-11-14,0.4718736092,0.4087091399,0.6485845987,-1.19375472
2017-11-15,0.4502116347,0.3933867378,0.6264577979,-0.02135114
2017-11-16,0.6912847339,0.4741083381,0.6169853341,-0.71399493
2017-11-17,0.5888023815,0.5146223342,0.5855202346,-0.0594456
2017-11-20,0.6140737799,0.5632492279,0.5577957317,-0.08435011
2017-11-21,0.4750029836,0.5638751027,0.5371112658,-0.4163074
2017-11-22,0.6187845688,0.5975896895,0.5376613706,-0.23270661
2017-11-23,0.7283852234,0.6050097874,0.544401375,-0.20872691
2017-11-24,0.6230969077,0.6118686927,0.5438083634,-1.4279413
2017-11-27,0.4264494434,0.5743438254,0.5396566601,-0.2602113
2017-11-28,0.4174047242,0.5628241735,0.5320280375,-0.78337412
2017-11-29,0.571321167,0.5533314931,0.5167469928,0.32501092
2017-11-30,0.7780321105,0.5632608706,0.527015438,0.09450938
2017-12-01,0.7480184825,0.5882451855,0.533603875,0.40607993
2017-12-04,0.451842355,0.5933237678,0.5273113121,-0.77260189
2017-12-05,0.3584880759,0.5815404382,0.5247780861,-0.63395177
2017-12-06,0.6236910508,0.5920144149,0.533647494,-0.1099023
2017-12-07,0.7646778188,0.5893435566,0.5442324155,-0.97189863
2017-12-08,0.6351678881,0.5667734377,0.5491571538,-0.54997863
2017-12-11,0.520332747,0.5804715161,0.5597324272,0.64153999
2017-12-12,0.3429147558,0.5773568521,0.5577634433,0.46796164
2017-12-13,0.527105581,0.5580397581,0.5648619101,-0.46465108
2017-12-14,0.4893147075,0.5029671359,0.5656546873,0.35189304
2017-12-15,0.4306959953,0.4620727573,0.5647676128,-0.02392145
2017-12-18,0.222714683,0.4025491445,0.5434689741,0.44736115
2017-12-19,0.3686574904,0.4076976914,0.5334623882,-0.13538664
2017-12-20,0.4122946949,0.3847355142,0.5242906116,0.27124177
2017-12-21,0.3089740827,0.3486673893,0.5167438434,0.23657038
2017-12-22,0.4282937361,0.3481869374,0.5080851691,0.67460252
2017-12-25,0.3301398426,0.3696719693,0.4899831064,-1.20589585
2017-12-26,0.4297134447,0.3818831602,0.481192949,-0.52666219
2017-12-27,0.6089760107,0.4212194234,0.4894896111,-2.20890744
2017-12-28,0.4164351993,0.4427116467,0.4894455418,-0.94128502
2017-12-29,0.3681159765,0.4306760948,0.4802089422,0.07209148
2018-01-01,0.4361210458,0.4518723354,0.4646675302,-0.06406242
2018-01-02,0.5186861267,0.4696668718,0.4542433322,0.91460742
2018-01-03,0.4117465456,0.4302209788,0.4524207954,-0.61415982
2018-01-04,0.3604702687,0.4190279927,0.4525108951,-0.34750151
2018-01-05,0.5501524649,0.4554352904,0.4491682321,0.34314793
2018-01-08,0.4421509727,0.4566412757,0.4345079209,0.16047591
2018-01-09,0.4566380037,0.4442316511,0.4263929262,0.05621793
2018-01-10,0.4457350262,0.4510293472,0.4230021207,0.06522289
2018-01-11,0.3541920759,0.4497737087,0.4235147261,0.94565369
2018-01-12,0.3748301721,0.4147092501,0.4165931166,0.65045052
2018-01-15,0.4183257573,0.4099442071,0.4133663462,-0.33245178
2018-01-16,0.3651874185,0.39165409,0.4103886836,-0.41306883
2018-01-17,0.4136614749,0.3852393797,0.4190680832,-0.5448408
2018-01-18,0.3450226191,0.3834054884,0.4179937709,0.35784761
2018-01-19,0.2705770002,0.362554854,0.4115520575,0.10135155
2018-01-22,0.4827173322,0.375433169,0.4194494779,-0.4519913
2018-01-23,0.2779038773,0.3579764607,0.4126135753,-0.1320152
2018-01-24,0.4602858037,0.3673013265,0.4185293008,-1.32462023
2018-01-25,0.6455235824,0.4274015192,0.4283388525,0.01723411
2018-01-26,0.7414456685,0.5215752528,0.4343602006,0.10969585
2018-01-29,0.5566530842,0.5363624032,0.4407337408,0.06324185
2018-01-30,0.711761374,0.6231339026,0.4563539861,0.21208003
2018-01-31,0.5862626912,0.6483292801,0.4631786064,0.7934627
2018-02-01,0.5806758648,0.6353597365,0.4659963217,-0.76444263
2018-02-02,1.0353808843,0.6941467797,0.4943433371,0.02247005
2018-02-05,0.4684739522,0.6765109533,0.4992525955,-0.92402661
2018-02-06,0.7240539782,0.6789694741,0.5071572097,1.06917938
2018-02-07,0.4147740077,0.6446717374,0.5059128022,-0.63792675
2018-02-08,0.6071202405,0.6499606126,0.5127529039,1.32267893
2018-02-09,0.4606964849,0.5350237327,0.5134329702,0.05823422
2018-02-12,0.664487183,0.5742263789,0.5275372932,-1.96770446
2018-02-13,0.583828564,0.546181296,0.5370372201,0.13112389
2018-02-14,0.5851244186,0.5802513782,0.5446189775,-0.59625715
2018-02-15,0.3906393307,0.5369551963,0.5457758826,-0.5501133
2018-02-16,0.4992237843,0.5446606561,0.5496650785,0.06682965
2018-02-19,0.4828950711,0.5083422337,0.5559320081,-1.26165597
2018-02-20,0.732902831,0.5381570871,0.5769468186,0.86296294
2018-02-21,1.0120136416,0.6235349317,0.6010057417,2.2199598
2018-02-22,0.7024970426,0.6859064741,0.6203054311,1.53422043
2018-02-23,0.8044687388,0.746955465,0.6359501099,-0.46842493
2018-02-26,1.0816346902,0.8667033889,0.6557733421,1.97826442
2018-02-27,0.9157197961,0.9032667819,0.6636948934,-0.65978965
2018-02-28,0.6792974465,0.8367235429,0.6692696371,0.72352575
2018-03-01,0.4763021208,0.7914845585,0.6585669438,-0.12201629
2018-03-02,0.5277264268,0.7361360961,0.6559062045,-0.12774457
2018-03-05,0.5072610114,0.6212613603,0.6525691657,1.17870588
2018-03-06,0.6972613834,0.5775696778,0.6372000975,2.01136486
2018-03-07,0.4830925899,0.5383287064,0.637864581,-0.06708881
2018-03-08,0.7048246365,0.5840332096,0.63699052,0.92374045
2018-03-09,0.7488326741,0.628254459,0.6521750049,0.33562543
2018-03-12,0.6141876191,0.6496397806,0.6524962493,-1.54912214
2018-03-13,0.714258298,0.6530391635,0.6640217863,-0.8001537
2018-03-14,0.8256695659,0.7215545587,0.6713482582,-1.43499575
2018-03-15,0.6090184385,0.7023933191,0.6724932525,0.03031024
2018-03-16,0.5896002699,0.6705468383,0.6726967003,0.72856712
2018-03-19,0.6568101811,0.6790713507,0.6847953753,-0.18213012
2018-03-20,0.7898700314,0.6941936974,0.6980065684,0.84610099
2018-03-21,0.9870797941,0.726475743,0.7209240558,-0.52722101
2018-03-22,0.9143308153,0.7875382183,0.7291707824,-0.06135738
2018-03-23,0.5300243752,0.7756230394,0.7072621793,-0.5824862
2018-03-26,0.5669077599,0.7576425552,0.7010990301,-0.68085793
2018-03-27,0.4849206247,0.6966526738,0.6865741159,0.95942489
2018-03-28,0.6629547012,0.6318276553,0.6675432073,0.19492598
2018-03-29,1.0103096018,0.6510234126,0.6718427439,-0.50491375
2018-03-30,0.732065811,0.6914316997,0.6742413059,1.51830799
2018-04-02,0.905310016,0.7591121509,0.6937416648,1.3311885
2018-04-03,0.7613621368,0.8144004534,0.7043614698,1.06178834
2018-04-04,0.9686867361,0.8755468603,0.7253353664,-0.12272349
2018-04-05,0.8355735165,0.8405996433,0.7316222815,-1.85469649
2018-04-06,0.7566899867,0.8455244784,0.7440585268,-0.04143546
2018-04-09,1.0258586206,0.8696341993,0.7586509806,0.51221169
2018-04-10,1.247688166,0.9668994052,0.7813262303,-0.99167455
2018-04-11,0.8655986142,0.9462817808,0.7927540028,-0.66831195
2018-04-12,1.0643972488,0.9920465273,0.8086694096,1.50342262
2018-04-13,1.1420972511,1.0691279801,0.8230524862,0.67747668
2018-04-16,0.6717920646,0.9983146689,0.8259058329,0.94736055
2018-04-17,0.6972199555,0.8882210268,0.8307976368,2.69495972
2018-04-18,0.7124912464,0.8575995533,0.8333285943,1.08330029
2018-04-19,0.6261942991,0.7699589633,0.8258887883,-0.37269126
2018-04-20,0.5573973166,0.6530189764,0.8063577666,-0.94700881
2018-04-23,0.51852413,0.6223653895,0.7883665536,-0.89042651
2018-04-24,0.5141313797,0.5857476744,0.7876441447,0.19999263
2018-04-25,0.8255438687,0.6083581988,0.7994003315,0.10275898
2018-04-26,0.6886401391,0.6208473668,0.8086603094,0.78372595
2018-04-27,0.5837581918,0.6261195418,0.8050604681,1.46789756
2018-04-30,0.4842783357,0.619270383,0.781149956,-1.42984008
2018-05-01,0.4017574677,0.5967956006,0.7661359403,0.01422871
2018-05-02,0.6072566639,0.5531381596,0.7525880607,0.22035133
2018-05-03,0.8383666311,0.583083458,0.756088265,-0.75943499
2018-05-04,0.8515204691,0.6366359135,0.7507625256,-0.42226586
2018-05-07,0.9375206439,0.7272843751,0.7553964859,0.76699457
2018-05-08,0.672080213,0.7813489242,0.7515505871,1.2023601
2018-05-09,0.6460099073,0.7890995729,0.7342847365,2.0798115
2018-05-10,0.7720394941,0.7758341455,0.7126643423,0.10755274
2018-05-11,0.7903782038,0.7636056924,0.7092452328,-1.32650074
2018-05-14,0.5122642263,0.6785544089,0.6841482772,1.7535582
2018-05-15,0.5330027949,0.6507389253,0.6564621656,0.11182675
2018-05-16,0.9057374897,0.7026844418,0.6670960485,-0.20722071
2018-05-17,0.5699162349,0.6622597899,0.6613095158,0.64464978
2018-05-18,0.5983594678,0.6238560427,0.6561217076,-1.83883263
2018-05-21,0.6233481131,0.6460728201,0.6559923355,1.42060474
2018-05-22,0.7288032051,0.6852329021,0.6637835123,-0.07055514
2018-05-23,0.7440588296,0.6528971701,0.6740350896,2.13204102
2018-05-24,0.6069028544,0.660294494,0.6782519748,0.35512115
2018-05-25,0.5547426084,0.6515711221,0.6659428266,-0.43570587
2018-05-28,0.9775683954,0.7224151786,0.6790759291,-1.36237033
2018-05-29,0.6524297438,0.7071404863,0.6821973633,0.62247922
2018-05-30,0.4250301301,0.6433347464,0.6795042631,-0.97311819
2018-05-31,0.5736730595,0.6366887874,0.6873186081,-0.24915836
2018-06-01,0.5267976231,0.6310997904,0.683661379,-1.14708757
2018-06-04,0.3804480895,0.5116757292,0.6628468999,0.46720897
2018-06-05,0.4132273398,0.4638352484,0.6429244849,0.02103331
2018-06-06,0.5333991914,0.4855090607,0.6245553279,0.91268489
2018-06-07,0.6481254311,0.500399535,0.6234664742,-0.32842715
2018-06-08,0.7459967213,0.5442393546,0.6280113294,1.02604503
2018-06-11,0.763112594,0.6207722555,0.6276055612,0.76428886
2018-06-12,0.7451717466,0.6871611369,0.6255507223,-0.37860165
2018-06-13,0.6965330512,0.7197879088,0.6339265779,-0.60157575
2018-06-14,0.7233757279,0.7348379682,0.6425798931,-0.49148117
2018-06-15,0.7152859839,0.7286958207,0.6339230064,0.65946233
2018-06-18,1.2947903892,0.8350313798,0.6668718316,-1.23208941
2018-06-19,1.1601476934,0.9180265691,0.6924076601,0.55787813
2018-06-20,0.9600762432,0.9707352075,0.7077134842,-0.14266132
2018-06-21,1.1420132201,1.054462706,0.7264957576,-1.75666447
2018-06-22,0.7871634091,1.068838191,0.7284550567,0.12418657
2018-06-25,0.9095462805,0.9917893693,0.742211576,0.7485013
2018-06-26,0.9510819751,0.9499762256,0.7602270018,1.02796463
2018-06-27,1.6518871759,1.0883384121,0.7908778554,-0.19950718
2018-06-28,0.7505847106,1.0100527102,0.7953394448,-0.40864593
2018-06-29,1.0616792539,1.0649558792,0.8242780414,-0.21052962
2018-07-02,0.9020481406,1.0634562512,0.8392041814,-0.4250055
2018-07-03,0.7400370485,1.0212472659,0.8488968826,0.57953842
2018-07-04,1.1852045869,0.9279107481,0.8854767234,-0.34966988
2018-07-05,0.9149627148,0.9607863489,0.9082828768,0.21769686
2018-07-06,0.6681126667,0.8820730315,0.9144062166,-0.54338315
2018-07-09,0.6118390327,0.8240312099,0.9127568348,0.38591634
2018-07-10,0.9352314516,0.8630700906,0.9213584135,0.97767479
2018-07-11,0.8567076622,0.7973707056,0.9256127348,-2.5460232
2018-07-12,0.5884490395,0.7320679706,0.9184889753,-0.38622151
2018-07-13,0.609504827,0.7203464026,0.914533147,0.70526808
2018-07-16,0.4109380281,0.6801662017,0.9003314333,-0.17699322
2018-07-17,0.4735790897,0.5878357293,0.8893447563,-0.58670683
2018-07-18,0.5663779071,0.5297697783,0.8562350981,-0.33944959
2018-07-19,0.8459115312,0.5812622766,0.8419516361,0.36520988
2018-07-20,0.6902355088,0.597408413,0.8296861482,-1.30191667
2018-07-23,0.8614044686,0.6875017011,0.816931205,1.76234273
2018-07-24,0.7689622339,0.7465783299,0.8161038788,-0.20089902
2018-07-25,0.7028553897,0.7738738265,0.8067088383,1.15108196
2018-07-26,0.6649794577,0.7376874118,0.7937041784,0.27233102
2018-07-27,0.4247774947,0.6845958089,0.7379264657,0.15441237
2018-07-30,0.4236295047,0.5970408161,0.7230648654,-0.85883642
2018-07-31,0.6855669671,0.5803617628,0.7059688524,-1.27789438
2018-08-01,0.363791708,0.5125490264,0.6815026509,0.87751142
2018-08-02,0.428262293,0.4652055935,0.6673310711,0.74992692
2018-08-03,0.4622475862,0.4726996118,0.6344693892,0.25792972
2018-08-06,0.4724936942,0.4824724497,0.614357161,-0.10769578
2018-08-07,0.4224604834,0.429851153,0.6031911527,0.49200778
2018-08-08,0.4765599662,0.4524048046,0.5970421042,-0.22423151
2018-08-09,0.5167357581,0.4700994976,0.5780195727,0.21965239
2018-08-10,0.4163391367,0.4609178077,0.5580028215,0.0925064
2018-08-13,0.6521849234,0.4968560536,0.5608999072,-0.78346807
2018-08-14,0.4597305751,0.5043100719,0.5540919866,0.10685429
2018-08-15,0.572181176,0.5234343139,0.5614212206,-0.1551307
2018-08-16,0.576494394,0.535386041,0.566099189,0.79493503
2018-08-17,0.6464439242,0.5814069985,0.5697385534,-0.17198233
2018-08-20,0.6744616803,0.5858623499,0.5619453784,-0.44779781
2018-08-21,0.5925707841,0.6124303917,0.5575060727,-2.2372993
2018-08-22,0.7425455182,0.6465032602,0.5521033931,0.63657596
2018-08-23,0.8695846889,0.7051213191,0.5566771411,-0.16250405
2018-08-24,0.4929161485,0.674415764,0.5471344483,-0.13815087
2018-08-27,0.4747392907,0.6344712861,0.538487168,-0.03719368
2018-08-28,0.3866765982,0.5932924489,0.5367553091,0.53995299
2018-08-29,0.3298887724,0.5107610997,0.5324943667,0.31749329
2018-08-30,0.2718074019,0.3912056423,0.5136871137,-0.44004783
2018-08-31,0.2550775387,0.3436379204,0.5087455606,-0.56045149
2018-09-03,0.4115043647,0.3309909352,0.5079838365,-0.18683917
2018-09-04,0.4744663293,0.3485488814,0.508539234,-0.68023432
2018-09-05,0.3728174797,0.3571346229,0.5040084969,0.13199396
2018-09-06,0.3766008871,0.3780933199,0.5019239698,-0.23538001
2018-09-07,0.3733787035,0.4017535529,0.4972339124,-0.53972174
2018-09-10,0.4217079887,0.4037942777,0.4929144684,0.14971401
2018-09-11,0.6080145546,0.4305039227,0.5016269874,0.29647111
2018-09-12,0.4623179905,0.4484040249,0.4929966722,-1.47767905
2018-09-13,0.4628433752,0.4656525225,0.4931381632,-0.56792352
2018-09-14,0.4310480294,0.4771863877,0.4867230201,1.03207107
2018-09-17,0.3738995467,0.4676246993,0.4775141634,-0.0178067
2018-09-18,0.4886667338,0.4437551351,0.470342473,-0.96920645
2018-09-19,0.4620568391,0.4437029048,0.4606877075,-0.6202198
2018-09-20,0.3468717583,0.4205085815,0.4495195699,0.76418046
2018-09-21,0.4951746942,0.4333339144,0.4382754416,0.50960432
2018-09-24,0.5304613312,0.4646462713,0.4228607435,0.21623022
2018-09-25,0.4966769273,0.46624831,0.423031688,-0.38026808
2018-09-26,0.3496277975,0.4437625017,0.4173448019,0.71581746
2018-09-27,0.4065329195,0.4556947339,0.418247362,-1.03179216
2018-09-28,0.4258529611,0.4418303873,0.4226093705,0.04502534
2018-10-01,0.5489985585,0.4455378328,0.4352089686,0.09154134
2018-10-02,0.4454637136,0.43529519,0.4438628856,0.67917227
2018-10-03,0.5103974252,0.4674491156,0.4483580247,0.11544166
2018-10-04,0.467323969,0.4796073255,0.448033372,-0.42688381
2018-10-05,0.4576934631,0.4859754259,0.4518913712,-0.66686839
2018-10-08,0.5249945092,0.481174616,0.4586365359,0.14109501
2018-10-09,0.4905927814,0.4902004296,0.4639644485,-0.29900768
2018-10-10,0.5526085881,0.4986426622,0.4699144757,-0.69396196
2018-10-11,0.6518002396,0.5355379163,0.4719047342,0.72401196
2018-10-12,0.7851992796,0.6010390796,0.4865811564,-1.08284135
2018-10-15,1.5100945377,0.7980590853,0.534183482,-1.85312986
2018-10-16,1.2206845965,0.9440774483,0.5700760532,0.23234688
2018-10-17,0.8005649327,0.9936687172,0.5894699344,-1.34981705
2018-10-18,1.04002039,1.0713127473,0.6145314642,1.56200644
2018-10-19,1.0353693366,1.1213467587,0.6405911232,3.61117854
2018-10-22,0.83061046,0.9854499432,0.662579246,-0.64377441
2018-10-23,0.5043960195,0.8421922278,0.6629983971,0.58046953
2018-10-24,0.6646132853,0.8150018983,0.6690962132,-0.24993079
2018-10-25,0.5361821336,0.714234247,0.6708919044,-0.36988791
2018-10-26,0.3978625448,0.5867328886,0.6730843929,-0.03388203
2018-10-29,0.5684594522,0.5343026871,0.6804446899,-0.97298171
2018-10-30,0.8273612481,0.5988957328,0.6986950666,-1.46787043
2018-10-31,0.7521479119,0.6164026581,0.7079291281,-0.04501228
2018-11-01,0.9292225842,0.6950107482,0.7299181677,1.34045925
2018-11-02,0.7518571482,0.7658096689,0.7408936096,0.49366432
2018-11-05,0.2985172164,0.7118212218,0.7332205754,-0.19607479
2018-11-06,0.5580603922,0.6579610506,0.7377827085,2.0222764
2018-11-07,0.5198197872,0.6114954256,0.7375474939,-0.09874624
2018-11-08,0.5613113305,0.5379131749,0.7407619734,-0.70043012
2018-11-09,0.7722019372,0.5419821327,0.7507434893,0.06371473
2018-11-12,0.6179693747,0.6058725643,0.7492057227,-0.75096119
2018-11-13,0.7108534025,0.6364311664,0.7458263646,-0.24285184
2018-11-14,0.4734584308,0.6271588951,0.6987065416,0.80651271
2018-11-15,0.5158333668,0.6180633024,0.6666678493,-0.29703879
2018-11-16,0.7016178192,0.6039464788,0.6621702533,-0.43009655
2018-11-19,0.8739567627,0.6551439564,0.6546219066,-0.82531891
2018-11-20,0.7234678487,0.6576668457,0.6404445662,-0.13963506
2018-11-21,0.7435111477,0.711677389,0.6364855066,-7.415e-05
2018-11-22,0.7965267562,0.7678160669,0.6497641764,-0.69726112
2018-11-23,0.9286969017,0.8132318834,0.6617679772,0.74225853
2018-11-26,0.887799071,0.8160003451,0.6777505652,1.66212776
2018-11-27,0.7510917201,0.8215251193,0.6938064368,0.72880069
2018-11-28,0.5132959418,0.7754820782,0.6912990045,1.77717122
2018-11-29,0.4883839632,0.7138535196,0.6758909461,-0.33721103
2018-11-30,0.5458043387,0.637275007,0.6665116928,-0.544353
2018-12-03,0.4849188399,0.5566989607,0.6463160681,0.9733773
2018-12-04,0.8274417886,0.5719689744,0.6497517335,-1.43832358
2018-12-05,0.7456312773,0.6184360415,0.6700750999,0.89637527
2018-12-06,0.728680929,0.6664954347,0.6778305789,0.20878149
2018-12-07,0.5814464665,0.6736238602,0.6806317916,0.0989738
2018-12-10,0.5068002431,0.6780001409,0.6781540149,0.77037477
2018-12-11,0.6264773653,0.6378072562,0.6715301707,0.24960385
2018-12-12,0.5703655726,0.6027541153,0.6693663615,0.9712968
2018-12-13,0.4676742728,0.5505527841,0.6583127647,0.38437579
2018-12-14,0.6563646466,0.5655364201,0.6666266836,2.02758483
2018-12-17,0.6031190835,0.5848001882,0.6705942162,-0.85723538
2018-12-18,0.6389218183,0.5872890788,0.667744398,-0.21920933
2018-12-19,1.314278194,0.736071603,0.6877590085,-1.21282319
2018-12-20,0.7585343685,0.7942436222,0.6893529412,1.42069902
2018-12-21,0.7047653835,0.8039237696,0.6875917701,-2.04167481
2018-12-24,0.8775123604,0.8588024249,0.6912729339,-0.66842573
2018-12-25,0.9580997344,0.9226380082,0.6926094263,0.77381752
2018-12-26,1.0942465765,0.8786316847,0.7019934038,-0.11201656
2018-12-27,1.2638801741,0.9797008458,0.7253019699,1.44112426
2018-12-28,0.9748891905,1.0337256072,0.7462834812,0.26223784
2018-12-31,1.4450877174,1.1472406786,0.7897700155,0.4396627
2019-01-01,1.0689532789,1.1694113875,0.8135495128,-0.04526133
2019-01-02,0.9331074105,1.1371835543,0.8339217206,-0.68351866
2019-01-03,0.7318240994,1.0307723393,0.829575462,-0.24617013
2019-01-04,0.8909183888,1.013978179,0.8361794216,-0.6987647
2019-01-07,0.9519711481,0.9153548651,0.846328977,-0.02798223
2019-01-08,0.9027273746,0.8821096843,0.8609326546,-1.11547986
2019-01-09,0.964655057,0.8884192136,0.8817442371,0.6468306
2019-01-10,1.3890007247,1.0198545386,0.9164043898,1.08971846
2019-01-11,0.8785886707,1.017388595,0.9304145306,0.74132147
2019-01-14,0.6636043796,0.9597152413,0.9393204445,-0.32618546
2019-01-15,0.4851982603,0.8762094185,0.9315401543,-0.43105121
2019-01-16,0.6010424646,0.8034869,0.9314457625,0.35781349
2019-01-17,0.6928179207,0.6642503392,0.9338955853,-0.13249163
2019-01-18,0.9819390183,0.6849204087,0.9187892592,-1.23626659
2019-01-21,0.9875752499,0.7497145828,0.9292002083,0.45205259
2019-01-22,1.1060771718,0.8738903651,0.9474416532,-2.00927951
2019-01-23,0.9816356507,0.9500090023,0.9521745301,0.71292905
2019-01-24,0.6863287008,0.9487111583,0.9398213013,0.50260992
2019-01-25,0.5603088158,0.8643851178,0.9155514031,1.97533639
2019-01-28,1.0304859965,0.8729672671,0.9049425768,0.28224317
2019-01-29,0.7627745047,0.8043067337,0.8953010002,0.19615935
2019-01-30,1.2020524534,0.8483900942,0.8842539427,0.79994883
2019-01-31,0.8792659285,0.8869775398,0.8756317904,0.59306423
2019-02-01,0.6665563882,0.9082270543,0.8635158349,0.16022653
2019-02-04,0.8914991694,0.8804296888,0.8707737926,-0.7368669
2019-02-05,0.9238532626,0.9126454404,0.8722708323,-0.05771452
2019-02-06,1.0685219561,0.885939341,0.8775685963,1.78164143
2019-02-07,1.3405783078,0.9782018168,0.8974709115,-0.33891961
2019-02-08,0.8503592101,1.0149623812,0.8922756457,-0.18869245
2019-02-11,1.1443971667,1.0655419807,0.8811573021,0.87540124
2019-02-12,1.5254962701,1.1858705822,0.910562193,-0.09266738
2019-02-13,1.1585799017,1.2038821713,0.9330610804,-0.18179238
2019-02-14,0.9200024705,1.1197670038,0.9528249081,1.26242877
2019-02-15,0.6139986399,1.0724948898,0.9534138252,0.416627
2019-02-18,0.6200873205,0.9676329206,0.9501078888,0.74631038
2019-02-19,1.3081173113,0.9241571288,0.9649341749,2.00015094
2019-02-20,1.2282620807,0.9380935646,0.9758744854,-0.43139741
2019-02-21,0.7935031593,0.9127937023,0.9616665757,-1.34916582
2019-02-22,0.6747836343,0.9249507012,0.9477187568,-1.74880957
2019-02-25,0.8596729679,0.9728678307,0.9555980416,1.22968293
2019-02-26,1.4091649753,0.9930773635,0.9941824125,-0.94703896
2019-02-27,1.2726221821,1.0019493838,1.0051886028,2.83747618
2019-02-28,1.0707129101,1.0573913339,1.019185803,0.68759046
2019-03-01,1.1660865672,1.1556519205,1.01755099,-0.50048176
2019-03-04,1.3901137679,1.2617400805,1.0407713464,-1.69710901
2019-03-05,1.4207403785,1.2640551612,1.0750524368,-0.91814766
2019-03-06,1.18999978,1.2475306807,1.0886206464,-0.92373569
2019-03-07,1.6830174855,1.3699915958,1.1231281111,0.77317444
2019-03-08,1.3714225686,1.4110587961,1.1368963207,1.63296186
2019-03-11,1.2552834929,1.3840927411,1.1330192837,0.39106764
2019-03-12,1.218095401,1.3435637456,1.1497345651,-0.68108384
2019-03-13,0.9645997602,1.2984837416,1.1415619557,-1.19049153
2019-03-14,1.2844184588,1.2187639363,1.1306038734,-0.39226831
2019-03-15,0.8245239055,1.1093842037,1.1154195099,0.35250967
2019-03-18,1.4409328746,1.14651408,1.1390981646,2.04353741
2019-03-19,0.8906543626,1.0810258724,1.1516734248,0.44953835
2019-03-20,0.9128129025,1.0706685008,1.164979133,2.11139205
2019-03-21,0.7189642784,0.9575776647,1.1381994497,0.31260092
2019-03-22,0.7952353128,0.9517199462,1.1185164148,0.71770208
2019-03-25,0.592146119,0.7819625951,1.1093638221,-0.75582717
2019-03-26,0.6223494654,0.7283016156,1.1069804508,0.13030822
2019-03-27,0.8316539037,0.7120698158,1.1057068569,1.10401128
2019-03-28,0.68210923,0.7046988062,1.0726588685,-0.39081496
2019-03-29,0.3972900076,0.6251097451,1.0328710424,0.01365748
2019-04-01,0.5432125672,0.6153230348,1.0088937541,-1.00346042
2019-04-02,0.5696063414,0.60477441,0.9817810165,0.09787431
2019-04-03,0.4631346705,0.5310705633,0.939645603,-1.48764685
2019-04-04,0.3364650474,0.4619417268,0.8903603607,0.55672528
2019-04-05,0.3637616508,0.4552360554,0.8528040821,0.79860747
2019-04-08,0.4114651179,0.4288865656,0.7950062472,0.61820886
2019-04-09,0.825557051,0.4800767075,0.7701941782,0.52661836
2019-04-10,0.5924884905,0.5059474715,0.7400671327,-0.88090397
2019-04-11,0.6224539575,0.5631452535,0.7129925216,-0.13816592
2019-04-12,0.4104293216,0.5724787877,0.6878029562,-1.12578746
2019-04-15,0.6365228572,0.6174903356,0.6583531561,-0.62050694
2019-04-16,0.8918391311,0.6307467516,0.6614129391,1.79536662
2019-04-17,0.9696497319,0.7061789998,0.6399909781,-0.39195383
2019-04-18,0.7640282589,0.7344938601,0.6342352461,-0.65839549
2019-04-19,0.7954616793,0.8115003317,0.6289010996,0.459613
2019-04-22,0.7004937305,0.8242945063,0.6280615292,-0.55600026
2019-04-23,0.7378743889,0.7935015579,0.6254542145,0.33945707
2019-04-24,1.0587973481,0.8113310811,0.646665634,0.1536893
2019-04-25,0.8026610798,0.8190576453,0.6548616165,-0.70975344
2019-04-26,0.4484254877,0.749650407,0.637442143,-1.14331444
2019-04-29,0.5128296457,0.71211759,0.6297476165,0.0912111
2019-04-30,0.6932730453,0.7031973213,0.6432013909,-1.03466825
2019-05-01,0.6422397035,0.6198857924,0.6477026244,0.63976335
2019-05-02,0.620068865,0.5833673495,0.6499963755,0.03631655
2019-05-03,0.656120436,0.6249063391,0.6587684557,0.55502978
2019-05-06,0.2924823713,0.5808368842,0.6567692432,-0.1775987
2019-05-07,0.517911638,0.5457646027,0.6637760608,0.36149462
2019-05-08,0.9727391656,0.6118644952,0.6892885175,1.18210833
2019-05-09,0.7265664732,0.6331640168,0.6847889457,-0.21204906
2019-05-10,0.8893004612,0.6798000219,0.698280399,1.29226493
2019-05-13,0.7137686601,0.7640572796,0.7024310673,0.149017
2019-05-14,0.5975103814,0.7799770283,0.7109347518,-0.06463572
2019-05-15,0.5878092937,0.7029910539,0.7087204989,-0.04777688
2019-05-16,0.4359817551,0.6448741103,0.6879997091,-0.74359468
2019-05-17,0.5675891226,0.5805318426,0.6697242269,0.20923651
2019-05-20,0.5685045212,0.5514790148,0.6608367842,-0.31211352
2019-05-21,0.3875555987,0.5094880583,0.6422955988,-0.0330992
2019-05-22,0.506474737,0.4932211469,0.6334765536,-0.06779261
2019-05-23,0.5183277414,0.5096903442,0.6234971605,-0.23232318
2019-05-24,0.5597555521,0.5081236301,0.6008134425,0.23916406
2019-05-27,0.3913142386,0.4726855736,0.5821158588,-0.25166536
2019-05-28,0.5654842817,0.5082713102,0.5874367131,-0.34393054
2019-05-29,0.5294716228,0.5128706873,0.5881931666,-0.08555997
2019-05-30,0.9269491611,0.5945949713,0.5988148082,0.37636626
2019-05-31,0.6541967384,0.6134832085,0.5993583098,-0.61130456
2019-06-03,0.4878956943,0.6327994997,0.5933504384,1.07104016
2019-06-04,0.9070644898,0.7011155413,0.6047569863,0.18121488
2019-06-05,1.0050875655,0.7962387298,0.6371481315,-0.00495628
2019-06-06,0.7127146555,0.7533918287,0.6460028141,-0.71182351
2019-06-07,0.5599564497,0.7345437709,0.6272399634,-0.11784956
2019-06-10,0.5327920939,0.7435230509,0.6184320371,-0.24018616
2019-06-11,1.1042331579,0.7829567845,0.6282017051,-0.88115955
2019-06-12,0.8297736465,0.7478940007,0.633474659,0.18765021
2019-06-13,0.7199194441,0.7493349584,0.6390387073,1.84679662
2019-06-14,0.7324003733,0.7838237431,0.6456110291,-0.29598652
2019-06-17,0.8369896447,0.8446632533,0.6638386605,1.12441869
2019-06-18,0.7789742613,0.779611474,0.6734470759,1.38198714
2019-06-19,0.5810182368,0.729860392,0.6740158811,0.05712613
2019-06-20,0.6403556785,0.7139476389,0.6855067939,-0.68563646
2019-06-21,0.5500605619,0.6774796766,0.6874879677,-0.02797381
2019-06-24,0.8119192669,0.6724656011,0.7008330371,-0.0191548
2019-06-25,0.7621660169,0.6691039522,0.7100335127,0.12081333
2019-06-26,0.9332196761,0.7395442401,0.7346655781,-1.56171394
2019-06-27,0.882324245,0.7879379534,0.7490673946,-1.2809791
2019-06-28,0.6904750498,0.816020851,0.7563857322,-0.08429517
2019-07-01,0.4662759953,0.7468921966,0.7354460428,-0.15848788
2019-07-02,0.5853401166,0.7115270166,0.7323161964,0.56825402
2019-07-03,0.6350211526,0.6518873119,0.7390037172,0.25629315
2019-07-04,0.4236841528,0.5601592934,0.7170318837,0.12849248
2019-07-05,0.4239197783,0.5068482391,0.6906151661,0.19579238
2019-07-08,0.6369272091,0.5409784819,0.6871702822,0.63860894
2019-07-09,0.6753395793,0.5589783744,0.6924149699,0.01092827
2019-07-10,0.6111228518,0.5541987143,0.6959754589,-1.48895941
2019-07-11,0.6307311898,0.5956081217,0.6744526422,-0.85761914
2019-07-12,0.6976998673,0.6503641395,0.6684492886,-0.43376232
2019-07-15,0.8202718374,0.6870330651,0.673010761,0.99165093
2019-07-16,0.6866837381,0.6893018969,0.6709327321,-1.86197205
2019-07-17,0.3301635582,0.6331100382,0.6478951827,-0.37632187
2019-07-18,0.3608180909,0.5791274184,0.6288880841,-0.65178009
2019-07-19,0.5670462402,0.552996693,0.6282529933,-0.06935661
2019-07-22,0.447210355,0.4783843965,0.6194736604,-1.34904701
2019-07-23,0.681123592,0.4772723673,0.6254310709,-0.37319845
2019-07-24,0.4574541014,0.5027304759,0.6093190179,0.81144724
2019-07-25,0.5339521824,0.5373572942,0.5989456618,0.66531992
2019-07-26,0.5677056202,0.5374891702,0.5823313865,0.04458688
2019-07-29,0.9653998434,0.6411270679,0.5861075501,-0.76267212
2019-07-30,0.6256836015,0.6300390698,0.5831624843,0.16517427
2019-07-31,0.4935679082,0.6372618312,0.5844030258,-1.02579473
2019-08-01,0.6825692554,0.6669852458,0.5888225321,-0.96172763
2019-08-02,0.6515967742,0.6837634766,0.5895759694,-0.26122181
2019-08-05,0.4437933108,0.57944217,0.5904900221,0.73175657
2019-08-06,0.4789607215,0.550097594,0.5929918831,-0.60554407
2019-08-07,0.5217769534,0.5557394031,0.5877577806,0.0417278
2019-08-08,0.6266616427,0.5445578805,0.5855451471,0.54354848
2019-08-09,0.6378352323,0.5418055721,0.5867593462,-0.67450895
2019-08-12,0.6957402052,0.592194951,0.5897143015,0.94402326
2019-08-13,0.806188697,0.6576405461,0.5946456119,1.18686266
2019-08-14,0.6130174663,0.6758886487,0.5852249587,0.76933392
2019-08-15,0.5160620566,0.6537687315,0.5774694277,-0.51385846
2019-08-16,0.4766560829,0.6215329016,0.5841281788,0.19291317
2019-08-19,0.3664650546,0.5556778715,0.584384859,-0.39316408
2019-08-20,0.3133143397,0.457103,0.5728515908,-0.03379175
2019-08-21,0.2643348281,0.3873664724,0.5645390668,-0.12429781
2019-08-22,0.4454359366,0.3732412484,0.5538259916,0.86217601
2019-08-23,0.3862503612,0.355160104,0.5505894579,-0.21857184
2019-08-26,0.6112095107,0.4041089953,0.5541011547,0.35891167
2019-08-27,0.6192363345,0.4652933942,0.5564434599,-1.25125564
2019-08-28,0.7133964418,0.555105717,0.5449887598,1.78968387
2019-08-29,0.62684829,0.5913881876,0.5450417002,0.07954859
2019-08-30,0.7470902815,0.6635561717,0.5565654444,0.63509436
2019-09-02,0.5976051759,0.6608353047,0.5527034408,0.61776145
2019-09-03,0.6179205811,0.660572154,0.5511727047,0.08137799
2019-09-04,0.6250032027,0.6428935062,0.559409518,-0.6048086
2019-09-05,0.6321253302,0.6439489143,0.5663715457,0.42156066
2019-09-06,0.4587006302,0.586270984,0.5635044401,0.65913752
2019-09-09,0.5048212281,0.5677141945,0.5579662394,1.13520167
2019-09-10,0.5649653263,0.5571231435,0.554653971,0.0970328
2019-09-11,0.7430455203,0.580731607,0.5568042125,-0.74476865
2019-09-12,0.5224419822,0.5587949374,0.5439066346,-0.20045501
2019-09-13,0.5002033916,0.5670954897,0.5387787221,-0.48599749
2019-09-16,0.5750903507,0.5811493142,0.5414618264,-0.83366346
2019-09-17,0.516932085,0.571542666,0.5432925538,0.16065478
2019-09-18,0.4011441354,0.503162389,0.5448688756,-0.83489866
2019-09-19,0.3489450981,0.4684630122,0.5464884556,0.33680677
2019-09-20,0.4581100387,0.4600443416,0.5552964197,1.29682054
2019-09-23,0.6325040576,0.471527083,0.5637995161,0.23574024
2019-09-24,0.4905161492,0.4662438958,0.5685388701,-0.60258653
2019-09-25,0.5050103076,0.4870171302,0.5637116336,-0.26941281
2019-09-26,0.5344732521,0.524122761,0.5598587662,-0.62706672
2019-09-27,0.5326466235,0.539030078,0.5516428654,1.77859359
2019-09-30,0.4276860008,0.4980664666,0.542590034,0.6133529
2019-10-01,0.4490880041,0.4897808376,0.529044476,-0.75205698
2019-10-02,0.4186404706,0.4725068702,0.5209097166,0.62541539
2019-10-03,0.3703191575,0.4396760513,0.5096551065,0.28352743
2019-10-04,0.3656079294,0.4062683125,0.4978644122,-0.13649066
2019-10-07,0.3689218988,0.3945154921,0.4859006199,0.72722178
2019-10-08,0.4297806623,0.3906540237,0.4845860759,0.28828495
2019-10-09,0.3400295447,0.3749318385,0.4770955448,-0.31222116
2019-10-10,0.34247035,0.369362077,0.4669821368,0.48555015
2019-10-11,0.3313457157,0.3625096343,0.4482685094,-0.49859248
2019-10-14,0.3735117327,0.3634276011,0.4414989526,0.26449834
2019-10-15,0.4082752893,0.3591265265,0.4373204025,0.12792612
2019-10-16,0.4300236905,0.3771253557,0.4307264634,0.07687626
2019-10-17,0.4300788228,0.3946470502,0.4267785878,1.05815287
2019-10-18,0.397071788,0.4077922647,0.4265934811,-0.21394045
2019-10-21,0.4659131231,0.4262725427,0.4319102095,0.59790962
2019-10-22,0.426753011,0.4299680871,0.4304848901,1.30033264
2019-10-23,0.3167055603,0.407304461,0.4161304129,0.64672592
2019-10-24,0.4172002488,0.4047287462,0.412797872,0.42306193
2019-10-25,0.3693722105,0.3991888307,0.4066325039,-0.82069019
2019-10-28,0.3450323045,0.375012667,0.3980215518,0.78654764
2019-10-29,0.2637041033,0.3424028855,0.3857968918,0.10105472
2019-10-30,0.3527918583,0.3496201451,0.3823926126,-1.1281348
2019-10-31,0.4506278456,0.3563056644,0.3824626054,-0.95800779
2019-11-01,0.351193158,0.3526698539,0.3793968184,-0.36859959
2019-11-04,0.4108753127,0.3658384556,0.38124028,0.30588302
2019-11-05,0.5401378259,0.4211252001,0.3891734571,0.2118232
2019-11-06,0.5232643677,0.455219702,0.3961890239,-0.00700757
2019-11-07,0.4574776351,0.4565896599,0.3974479772,0.22952751
2019-11-08,0.2963328847,0.4456176052,0.3954617654,0.25979452
2019-11-11,0.3864681014,0.440736163,0.3974616632,-0.28058038
2019-11-12,0.4595300782,0.4246146134,0.4032882251,0.97953378
2019-11-13,0.518634559,0.4236886517,0.4098847172,0.19954691
2019-11-14,0.5804744146,0.4482880076,0.4177119502,0.10674099
2019-11-15,0.4196660512,0.4729546409,0.4172411484,-0.93374548
2019-11-18,0.3154166331,0.4587443472,0.4120292307,-0.06565447
2019-11-19,0.4051360986,0.4478655513,0.4123957903,0.6146801
2019-11-20,0.6465560617,0.4734498518,0.4206068329,-0.36327561
2019-11-21,0.5205574653,0.461466462,0.4248706718,0.7948906
2019-11-22,0.5351002486,0.4845533015,0.434797703,0.83429146
2019-11-25,0.4948347015,0.5204369152,0.4383265418,0.10543373
2019-11-26,0.4813255468,0.5356748048,0.4434153298,0.32824966
2019-11-27,0.61709494,0.5297825804,0.4557818133,-0.40755476
2019-11-28,0.6839309541,0.5624572782,0.4748830337,-1.16762559
2019-11-29,0.5743668859,0.5703106057,0.4849546259,-0.09048266
2019-12-02,0.3929329279,0.5499302509,0.4823321296,-0.69480447
2019-12-03,0.7097651021,0.595618162,0.4986308544,-1.06046353
2019-12-04,0.7284987635,0.6178989267,0.513068284,0.57506496
2019-12-05,0.7631626957,0.633745275,0.523205778,-1.42012056
2019-12-06,0.7804169366,0.6749552851,0.5348945312,-0.04584679
2019-12-09,0.4649308231,0.6893548642,0.5352333124,-0.1214841
2019-12-10,0.5305089099,0.6535036257,0.5458776772,0.78601067
2019-12-11,0.6454051946,0.636884912,0.5576475451,0.47665167
2019-12-12,0.8440654856,0.6530654699,0.5751264272,0.33745696
2019-12-13,0.5633769879,0.6096574802,0.577160174,-0.1649986
2019-12-16,1.0876802526,0.7342073661,0.6002149848,0.71891498
2019-12-17,0.7399171012,0.7760890044,0.6147718507,-0.84841823
2019-12-18,0.8170523377,0.810418433,0.6375734737,-0.64030538
2019-12-19,0.8760409229,0.8168135204,0.6589782384,0.32807837
2019-12-20,0.9945576537,0.9030496536,0.6747964926,-0.95965833
2019-12-23,1.1982848435,0.9251705718,0.7056022825,0.64839701
2019-12-24,1.7140039765,1.1199879469,0.7591888156,-0.4794772
2019-12-25,1.8444250059,1.3254624805,0.8205338294,1.28030878
2019-12-26,1.6894529287,1.4881448817,0.8754487104,0.1449124
2019-12-27,0.8842867026,1.4660906914,0.8875937905,-2.03835688
2019-12-30,1.0913448255,1.4447026878,0.9061126029,-0.76747471
2019-12-31,0.8483956999,1.2715810325,0.9185684581,0.57252062
2020-01-01,0.6748866192,1.0376733552,0.9313845349,0.0071796
2020-01-02,0.9460680817,0.8889963858,0.9421255795,0.23562094
2020-01-03,0.8511737089,0.882373787,0.9477017133,0.01379206
2020-01-06,1.1693397676,0.8979727755,0.9661643075,-0.31000329
2020-01-07,0.6378065395,0.8558549434,0.9596820167,-0.53495469
2020-01-08,0.5260378207,0.8260851837,0.9624596076,-1.39158
2020-01-09,0.4838782125,0.7336472098,0.9603400304,0.42010199
2020-01-10,0.6089820499,0.685208878,0.9586844329,-0.03197215
2020-01-13,0.5281654876,0.556974022,0.9443253421,0.80640199
2020-01-14,0.5443073843,0.538274191,0.9434585419,0.04640977
2020-01-15,0.6939832851,0.5718632839,0.9255632252,0.6576558
2020-01-16,1.1994057444,0.7149687903,0.9464490726,2.00628994
2020-01-17,0.7084826,0.7348689003,0.9415140846,-0.13416029
2020-01-20,0.5321945293,0.7356747086,0.925884703,-1.28248977
2020-01-21,0.975119128,0.8218370574,0.9250011337,-0.53727916
2020-01-22,0.6131048512,0.8056613706,0.8984020431,-0.9172778
2020-01-23,0.8251150489,0.7308032315,0.857998001,0.89637705
2020-01-24,0.9304012953,0.7751869706,0.8164514687,2.46175752
2020-01-27,0.8097761967,0.830703304,0.7764661627,0.2574099
2020-01-28,0.7142500521,0.7785294888,0.768737224,0.52943996
2020-01-29,0.4975561746,0.7554197535,0.7417468308,0.27338097
2020-01-30,0.7076292407,0.7319225919,0.7353483554,-0.15499174
2020-01-31,0.5278020263,0.6514027381,0.7286626921,0.64183555
2020-02-03,0.7644659373,0.6423406862,0.7204080491,0.50784633
2020-02-04,0.6887522454,0.6372411249,0.7130252553,2.20689669
2020-02-05,0.5218145668,0.6420928033,0.6835922917,-0.54506056
2020-02-06,0.5946622585,0.6194994069,0.681631188,-0.70659499
2020-02-07,0.7356208272,0.6610631671,0.6911576883,-0.52636784
2020-02-10,0.7545306473,0.6590761091,0.7034600717,1.12772099
2020-02-11,0.7353244463,0.6683905492,0.7092029079,0.33189227
2020-02-12,0.6402207057,0.692071777,0.7142963269,0.88973241
2020-02-13,0.5688628645,0.6869118982,0.7154124851,-0.69798254
2020-02-14,0.9902863702,0.7378450068,0.7288808071,-0.70919565
2020-02-17,0.5077637463,0.6884916266,0.6974425345,0.84709729
2020-02-18,0.7952775834,0.700482254,0.701387761,-0.47314499
2020-02-19,0.560642043,0.6845665215,0.7026808298,-1.0055105
2020-02-20,0.6918073658,0.7091554217,0.6898030224,-0.15890591
2020-02-21,1.252492983,0.7615967443,0.7188661193,0.84315466
2020-02-24,1.0627822309,0.8726004412,0.7296691731,0.23051891
2020-02-25,0.8039447977,0.8743338841,0.7239211504,-0.37044368
2020-02-26,0.5941209828,0.881029672,0.7141186407,-0.82916398
2020-02-27,0.8321702203,0.9091022429,0.7194786484,0.38344223
2020-02-28,0.9262783264,0.8438593116,0.7389660189,-0.02888584
2020-03-02,0.5801536708,0.7473335996,0.7331716748,0.50343751
2020-03-03,0.6004447585,0.7066335918,0.7364736172,-0.42893676
2020-03-04,0.4374942322,0.6753082417,0.721611267,-0.82994363
2020-03-05,0.5339249808,0.6156591937,0.714573664,-0.49732359
2020-03-06,0.5549858607,0.5414007006,0.7160814501,0.65569757
2020-03-09,0.4393116723,0.5132323009,0.7090200598,0.24813035
2020-03-10,0.4568705855,0.4845174663,0.6963495943,-0.08011123
2020-03-11,0.437653667,0.4845493533,0.6819460952,2.02557696
2020-03-12,0.4201045808,0.4617852733,0.6676179195,0.09466415
2020-03-13,0.6539824343,0.481584588,0.6682434526,-0.92846531
2020-03-16,0.3784227965,0.4694068128,0.6595870859,-0.41299375
2020-03-17,0.5902977924,0.4960922542,0.6414057869,-0.42616162
2020-03-18,0.4597663983,0.5005148004,0.6392240892,0.20360061
2020-03-19,0.4263573882,0.5017653619,0.6224549895,-1.04779062
2020-03-20,0.4102001558,0.4530089062,0.6156167219,0.5788424
2020-03-23,0.5469337222,0.4867110914,0.6090315562,0.07160594
2020-03-24,0.4277497811,0.4542014891,0.5715432289,0.4645095
2020-03-25,0.528587467,0.4679657028,0.5472616487,0.26300523
2020-03-26,0.7189045292,0.526475131,0.543396182,-0.43384086
2020-03-27,0.5515245252,0.5547400049,0.5414599793,0.56419277
2020-03-30,0.4400127189,0.5333558043,0.5236346384,1.11389888
2020-03-31,0.4072539609,0.5292566402,0.5000426217,-0.37433752
2020-04-01,0.5208480072,0.5277087483,0.4973469098,0.35489671
2020-04-02,0.8204850533,0.5480248531,0.5073487413,0.13173794
2020-04-03,0.4557039242,0.5288607329,0.5081764546,0.00071868
2020-04-06,0.5693410211,0.5547263933,0.5097862746,0.07789235
2020-04-07,0.2323438314,0.5197443674,0.4951207278,1.0180892
2020-04-08,0.4940503489,0.5143848358,0.4976088495,0.5378432
2020-04-09,0.4799266188,0.4462731489,0.498656851,0.59850601
2020-04-10,0.6390077843,0.4829339209,0.5078093109,0.17341693
2020-04-13,0.5395832078,0.4769823582,0.5132401576,0.52451732
2020-04-14,0.5513686429,0.5407873206,0.5085758943,0.22199037
2020-04-15,0.4404478228,0.5300668153,0.5113952137,0.37065951
2020-04-16,0.352761582,0.504633808,0.5005981132,0.49839714
2020-04-17,0.630564677,0.5029451865,0.5083616714,-0.27886143
2020-04-20,0.4891975142,0.4928680478,0.5112180407,1.26906888
2020-04-21,0.4480664212,0.4722076035,0.5129392346,0.48616745
2020-04-22,0.4653488484,0.4771878086,0.5092308313,-0.06644708
2020-04-23,0.5272086676,0.5120772257,0.5137516897,-0.68733719
2020-04-24,0.6476968258,0.5155036555,0.5191657515,-0.80143875
2020-04-27,0.3988263112,0.4974294148,0.5046167416,0.39894704
2020-04-28,0.3241549711,0.4726471248,0.4942817619,-0.008096
2020-04-29,0.405201656,0.4606176863,0.4926994408,0.1273083
2020-04-30,0.4118887809,0.437553709,0.4929101145,0.77618456
2020-05-01,0.5910155495,0.4262174537,0.4960995482,-0.40052276
2020-05-04,0.5480495509,0.4560621017,0.4837161163,0.34358032
2020-05-05,0.7440133309,0.5400337736,0.4968210893,-0.33889954
2020-05-06,0.7340513864,0.6058037197,0.5043079241,0.48500274
2020-05-07,0.5293900325,0.62930397,0.5178100242,-1.07066158
2020-05-08,0.4994926254,0.6109993852,0.5180574004,-0.36053781
2020-05-11,0.4838600563,0.5981614863,0.518236193,-0.33173382
2020-05-12,0.3713663616,0.5236320924,0.5060706738,-0.59977331
2020-05-13,0.4108877625,0.4589993677,0.5002208808,-0.75601295
2020-05-14,0.4573215218,0.4445856655,0.4959460116,0.28621169
2020-05-15,0.4833385907,0.4413548586,0.497895592,-0.30808081
2020-05-18,0.5791705745,0.4604169622,0.5081869098,-0.65759699
2020-05-19,0.5253339283,0.4912104756,0.503403694,-0.47622664
2020-05-20,0.4449703343,0.4980269899,0.5013933676,0.63875873
2020-05-21,0.3392657038,0.4744158263,0.4964478805,-0.70585644
2020-05-22,0.3955341756,0.4568549433,0.4932744863,-0.43691721
2020-05-25,0.3282764187,0.4066761121,0.4842321113,0.04989335
2020-05-26,0.57191596,0.4159925185,0.4807875265,-0.74150449
2020-05-27,0.6518285796,0.4573641675,0.4922876296,0.04711764
2020-05-28,0.4926110146,0.4880332297,0.4999447225,-0.02905737
2020-05-29,0.7000152456,0.5489294437,0.5133453402,1.80816256
2020-06-01,0.9511836114,0.6735108822,0.5378587416,-0.60642091
2020-06-02,0.5165744798,0.6624425862,0.5344750566,0.54799601
2020-06-03,0.5321189504,0.6385006604,0.5337509384,0.00286244
2020-06-04,0.4933167386,0.6386418052,0.5223556387,-0.31014441
2020-06-05,0.4519631275,0.5890313815,0.5095334452,0.34938701
2020-06-08,0.5272754951,0.5042497583,0.5094373298,-0.19021465
2020-06-09,0.7598336847,0.5529015993,0.5212710143,-1.8389396
2020-06-10,0.5815726541,0.56279234,0.5257124961,-0.34655344
2020-06-11,0.3513767226,0.5344043368,0.5248038761,-0.13602071
2020-06-12,0.4845852946,0.5409287702,0.5281537639,0.05158884
2020-06-15,0.4449954684,0.5244727649,0.5275934888,-0.2312267
2020-06-16,0.4510562397,0.4627172759,0.5261261092,0.31755279
2020-06-17,0.3925376654,0.4249102781,0.5176427951,0.54324629
2020-06-18,0.5050777905,0.4556504917,0.5167220616,0.95013411
2020-06-19,0.5697273529,0.4726789034,0.5223928352,-0.12430992
2020-06-22,0.4422385249,0.4721275147,0.5270734179,-0.14129498
2020-06-23,0.4715032393,0.4762169146,0.5305265572,1.45452071
2020-06-24,0.3509437136,0.4678981242,0.5315568888,-0.74565931
2020-06-25,0.2726079136,0.4214041489,0.5179519776,-0.03377461
2020-06-26,0.5101620192,0.4094910821,0.5115125885,-0.96581467
2020-06-29,0.65282377,0.4516081311,0.5187949864,0.69503836
2020-06-30,0.4750356193,0.4523146071,0.5085686398,-0.51863128
2020-07-01,0.4918738426,0.4805006329,0.487690923,0.4584872
2020-07-02,0.4545073691,0.516880524,0.4848696907,0.41848782
2020-07-03,0.7338273732,0.5616135949,0.4940382554,0.19661843
2020-07-06,0.5362560139,0.5383000436,0.4959900406,1.3271479
2020-07-07,0.5412005306,0.5515330259,0.5000462862,1.53074389
2020-07-08,0.5100756899,0.5551733953,0.4992644769,0.18228445
2020-07-09,0.5541669061,0.5751053027,0.489915987,-1.01991468
2020-07-10,0.7359851423,0.5755368565,0.4969347364,0.20320013
2020-07-13,0.4902943177,0.5663445173,0.5032491726,-0.65197226
2020-07-14,0.403982897,0.5389009906,0.4995854272,0.02585217
2020-07-15,0.5327091759,0.5434276878,0.5035724139,0.50146702
2020-07-16,0.5082731806,0.5342489427,0.506173184,0.65285548
2020-07-17,0.5432048123,0.4956928767,0.5130216907,0.52411782
2020-07-20,0.4172250808,0.4810790293,0.5090283857,1.47700445
2020-07-21,0.4276174525,0.4858059404,0.5025688447,-0.98824487
2020-07-22,0.5311256957,0.4854892444,0.5066091707,-0.48316738
2020-07-23,0.6094509357,0.5057247954,0.5128795205,-1.27783131
2020-07-24,0.4522412139,0.4875320757,0.5174839524,-0.17289462
2020-07-27,0.6137979559,0.5268466507,0.5329925906,-0.77488656
2020-07-28,0.7603483783,0.5933928359,0.5443646979,-0.95802716
2020-07-29,0.7412267447,0.6354130457,0.5483830149,1.16392673
2020-07-30,0.4517022338,0.6038633053,0.5473224065,0.07784747
2020-07-31,0.7692490266,0.6672648679,0.5599303694,0.89659905
2020-08-03,0.4824047706,0.6409862308,0.5611984331,0.69290392
2020-08-04,0.4289723954,0.5747110342,0.5473413886,0.11749993
2020-08-05,0.4614548226,0.5187566498,0.5439413345,-0.0134001
2020-08-06,0.6017746431,0.5487711317,0.5466947032,0.14332722
2020-08-07,0.5967145237,0.5142642311,0.550632832,-0.68860138
2020-08-10,0.8568676967,0.5891568163,0.5643919589,-1.33597245
2020-08-11,0.4979810255,0.6029585423,0.55357359,-0.2778209
2020-08-12,0.7338915556,0.6574458889,0.5646461917,0.75202927
2020-08-13,0.5084463282,0.6387802259,0.5693945295,0.15083913
2020-08-14,0.567146293,0.6328665798,0.570959853,-0.35390299
2020-08-17,0.3550143898,0.5324959184,0.5639935443,-0.13201598
2020-08-18,0.4864228379,0.5301842809,0.5614125455,1.44685629
2020-08-19,0.5004577276,0.4834975153,0.5651958476,-0.99807321
2020-08-20,0.5918083192,0.5001699135,0.5726590688,-1.53473528
2020-08-21,0.6253515137,0.5118109576,0.5769420605,-0.37895398
2020-08-24,0.5866809007,0.5581442598,0.5759070589,0.95805893
2020-08-25,0.3178611876,0.5244319298,0.5697988759,0.35651595
2020-08-26,0.2635415483,0.4770486939,0.5538781301,-0.89344756
2020-08-27,0.3791303109,0.4345130922,0.5365500361,-0.47018593
2020-08-28,0.3732387868,0.3840905469,0.5198233108,-0.52457546
2020-08-31,0.641780176,0.3951104019,0.5284632173,0.16821383
2020-09-01,0.4502485905,0.4215878825,0.5139631974,0.83855301
2020-09-02,0.4660191061,0.462083394,0.5132183945,-0.65363087
2020-09-03,0.4617495359,0.4786072391,0.5147082645,0.08344661
2020-09-04,0.4935241281,0.5026643073,0.5161659602,0.2640922
2020-09-07,0.4872128616,0.4717508444,0.5109586065,0.10837216
2020-09-08,0.4610236633,0.473905859,0.5047908401,-0.16397028
2020-09-09,0.5591118288,0.4925244035,0.4912564825,-0.18737381
2020-09-10,0.5475635884,0.509687214,0.4935102354,0.13942008
2020-09-11,0.6541815962,0.5418187077,0.4898870554,-0.76187048
2020-09-14,0.6059069034,0.565557516,0.4943170815,0.95203999
2020-09-15,0.6543362495,0.6042200333,0.4982802614,-0.82078491
2020-09-16,0.7048932205,0.6333763116,0.5141838446,1.03790414
2020-09-17,0.3982337386,0.6035103416,0.5101752492,0.51602365
2020-09-18,1.0449055627,0.6816551349,0.534922878,-0.11204358
2020-09-21,0.4870748558,0.6578887254,0.5301622661,-0.61741984
2020-09-22,0.4371286394,0.6144472034,0.5216066809,0.38781158
2020-09-23,0.4604298309,0.5655545255,0.5158679959,-0.84124959
2020-09-24,0.463050081,0.578517794,0.522467491,-0.60494574
2020-09-25,0.376639789,0.4448646392,0.5276083201,-0.03827687
2020-09-28,0.4697208417,0.4413938364,0.5317260716,-0.88149216
2020-09-29,0.518661659,0.4577004403,0.5383362021,-0.22850968
2020-09-30,0.658993095,0.4974130932,0.5391186075,-0.8941927
2020-10-01,0.8004466753,0.564892412,0.5550367023,0.98252079
2020-10-02,0.94921643,0.6794077402,0.577000217,-0.47476141
2020-10-05,0.7020329655,0.725870165,0.5879221911,0.3657243
2020-10-06,0.9354637769,0.8092305885,0.6080103569,1.54323521
2020-10-07,0.7362782047,0.8246876105,0.6193315089,0.99994833
2020-10-08,0.5840940409,0.7814170836,0.624925617,-1.59862205
2020-10-09,0.4230084785,0.6761754933,0.618739101,-0.33744794
2020-10-12,0.3946046528,0.6146898308,0.6117864222,0.76199248
2020-10-13,0.4313946236,0.5138760001,0.6016597416,0.57274745
2020-10-14,0.4348576865,0.4535918965,0.5938847772,1.4939178
2020-10-15,0.9598576798,0.5287446243,0.6077721149,0.79385256
2020-10-16,0.9859452847,0.6413319855,0.6205472087,1.07167888
2020-10-19,0.838289869,0.7300690287,0.6405497601,-0.25272188
2020-10-20,0.9825566822,0.8403014405,0.6377157201,0.30354741
2020-10-21,1.0666770717,0.9666653175,0.6640612754,-0.55906457
2020-10-22,1.0839518094,0.9914841434,0.6934623286,1.52099419
2020-10-23,1.4585257844,1.0860002433,0.7388303264,0.16935754
2020-10-26,0.7018249858,1.0587072667,0.7496837312,0.31706355
2020-10-27,0.807915518,1.0237790339,0.7692871734,-0.98920287
2020-10-28,0.7741569199,0.9652750035,0.783125177,1.62588226
2020-10-29,0.5647203587,0.8614287134,0.7852187542,1.18192641
2020-10-30,1.0383090082,0.7773853581,0.8024603867,-1.93375417
2020-11-02,0.8022917258,0.7974787061,0.8025442526,-0.54958447
2020-11-03,0.8254714334,0.8009898892,0.79691948,0.52719862
2020-11-04,0.7550329902,0.7971651033,0.7993285721,-0.22760635
2020-11-05,0.6629346045,0.8168079524,0.7869408824,-0.99843155
2020-11-06,0.7352586514,0.7561978811,0.7868945391,1.01983752
2020-11-09,0.6910087865,0.7339412932,0.7917543002,0.37675872
2020-11-10,0.4640145562,0.6616499178,0.7936182129,0.29536846
2020-11-11,0.7845209351,0.6675475067,0.8113416802,0.69215375
2020-11-12,1.0227733767,0.7395152612,0.8382225327,-0.75497392
2020-11-13,0.6509190396,0.7226473388,0.8480435032,-0.62375292
2020-11-16,0.7897952074,0.742404623,0.8403133909,1.25793433
2020-11-17,0.638791603,0.7773600324,0.8245336781,0.14476645
2020-11-18,0.2907042276,0.6785966909,0.7996434216,0.31374433
2020-11-19,0.4837426997,0.5707905555,0.7769700588,1.15702503
2020-11-20,0.385649691,0.5177366857,0.7460142688,-0.03225656
2020-11-23,0.4744679858,0.4546712414,0.7183104586,-1.01030783
2020-11-24,0.5483289034,0.4365787015,0.6769378731,0.12119022
2020-11-25,0.3517820028,0.4487942565,0.6610268284,-0.63857545
2020-11-26,0.3199849094,0.4160426985,0.6388481644,-0.5912053
2020-11-27,0.3685583096,0.4126244222,0.6204118639,0.46429936
2020-11-30,0.3383724191,0.3854053089,0.6101233212,0.51067385
2020-12-01,0.3944811056,0.3546357493,0.5808584165,1.23439069
2020-12-02,0.2852620431,0.3413317574,0.5573570673,1.213105
2020-12-03,0.3324283362,0.3438204427,0.5349460175,0.42093663
2020-12-04,0.446594202,0.3594276212,0.5209260725,-0.44447475
2020-12-07,0.5337374098,0.3985006193,0.5150534728,0.14005523
2020-12-08,0.4092675469,0.4014579076,0.5002356953,1.09990973
2020-12-09,0.3510488846,0.4146152759,0.4847829725,-0.01397124
2020-12-10,0.4615507534,0.4404397593,0.4846709815,-0.3710469
2020-12-11,0.5767743017,0.4664757793,0.4752279527,-0.0413147
2020-12-14,0.9189912518,0.5435265477,0.4705105833,-0.68808843
2020-12-15,0.7045560037,0.602584239,0.4729486272,-0.17016226
2020-12-16,0.5488007806,0.6421346182,0.461994335,0.14840153
2020-12-17,0.4195710511,0.6337386778,0.4520297645,0.78070294
2020-12-18,0.2828138577,0.574946589,0.4516711113,0.63911754
2020-12-21,0.527185509,0.4965854404,0.4536457845,0.88910696
2020-12-22,0.5187914755,0.4594325348,0.4596976838,-1.41387461
2020-12-23,0.3274325491,0.4151588885,0.4530142548,0.02533855
2020-12-24,0.3082211253,0.3928889033,0.4421002649,0.64535168
2020-12-25,0.4559407559,0.427514283,0.4468347537,1.19197974
2020-12-28,0.4352887374,0.4091349287,0.4520758368,0.09377866
2020-12-29,0.6251392496,0.4304044835,0.4637386068,1.23095398
2020-12-30,0.2715005779,0.4192180892,0.4606989776,0.24745651
2020-12-31,0.4548017689,0.448534218,0.463440826,0.3939464
2021-01-01,0.8795454225,0.5332551513,0.4904537068,1.15566116
2021-01-04,0.9107149028,0.6283403844,0.5167394599,0.78958577
2021-01-05,0.5979863452,0.6229098035,0.5236209209,-0.00465708
2021-01-06,0.5503962975,0.6786889474,0.5243781431,0.19463908
2021-01-07,0.4732623213,0.6823810578,0.5272869965,-1.02040846
2021-01-08,0.6132055161,0.6291130766,0.539203207,0.33882409
2021-01-11,0.5322065604,0.5534114081,0.5424148346,1.11707577
2021-01-12,0.6283875626,0.5594916516,0.5447608919,-0.97503289
2021-01-13,0.452054986,0.5398233893,0.5235365162,-0.43163251
2021-01-14,0.4344540248,0.53206173,0.5112591535,-0.75876024
2021-01-15,0.4434511819,0.4981108631,0.5064705354,-0.55481727
2021-01-18,0.5681560776,0.5053007666,0.5132244002,-0.50859088
2021-01-19,0.4420550598,0.468034266,0.5204626367,0.91639361
2021-01-20,0.5214510172,0.4819134722,0.520201978,-1.66356336
2021-01-21,0.4209905816,0.4792207836,0.5157564828,-0.33699696
2021-01-22,0.6027165828,0.5110738638,0.5282693934,-1.47280858
2021-01-25,0.4832946799,0.4941015842,0.5362272823,0.47043623
2021-01-26,0.5517893245,0.5160484372,0.5405840354,0.41229866
2021-01-27,0.5750843413,0.526775102,0.546938381,-0.29069218
2021-01-28,0.6770685451,0.5779906947,0.5492988035,-0.66472522
2021-01-29,0.4939585334,0.5562390848,0.5594105288,-0.24058042
2021-02-01,0.6473731893,0.5890547867,0.5681637752,-0.73882275
2021-02-02,0.4643464666,0.5715662151,0.5492910953,0.15947219
2021-02-03,0.596435903,0.5758365275,0.5350056863,0.55520054
2021-02-04,0.4548846324,0.5313997449,0.528501063,0.38908896
2021-02-05,0.5518859963,0.5429852375,0.5285687765,0.06512562
2021-02-08,0.6791502877,0.5493406572,0.5379273205,1.21775488
2021-02-09,0.660364546,0.5885442731,0.5400709127,-0.33151038
2021-02-10,0.7547047422,0.6201980409,0.5501844665,-0.99473072
2021-02-11,0.602780196,0.6497771536,0.5490204952,-0.09298878
2021-02-12,0.8554615437,0.7104922631,0.567357157,-1.05511208
2021-02-15,0.6086056589,0.6963833373,0.5752731403,-0.2057553
2021-02-16,0.5370149131,0.6717134108,0.5795260372,-0.12220285
2021-02-17,0.5298254912,0.6267375605,0.5777837378,0.13217864
2021-02-18,0.4731887709,0.6008192755,0.5791989065,0.62978042
2021-02-19,0.5380784497,0.5373426567,0.5799546989,1.3704424
2021-02-22,0.408733667,0.4973682584,0.5793975664,-0.58729256
2021-02-23,0.7733965198,0.5446445797,0.5871557454,-0.59422534
2021-02-24,0.6079379019,0.5602670619,0.5928213464,-0.22615526
2021-02-25,0.7261769041,0.6108646885,0.6007480545,-1.83989987
2021-02-26,0.9926379576,0.7017765901,0.6197277643,-2.36401715
2021-03-01,0.8338434918,0.786798555,0.6268538983,-0.64528028
2021-03-02,0.4134037689,0.7148000049,0.6231923181,-1.77804433
2021-03-03,0.3479258191,0.6627975883,0.609581074,0.76713664
2021-03-04,0.4622337835,0.6100089642,0.6094850429,0.62408665
2021-03-05,0.5082217232,0.5131257173,0.6054753075,-0.39411658
2021-03-08,0.4311201947,0.4325810579,0.6043951058,-0.58525288
2021-03-09,0.3637699478,0.4226542937,0.5958443763,-1.3703978
2021-03-10,0.5379307194,0.4606552737,0.589425305,1.43774063
2021-03-11,0.4447327907,0.4571550752,0.5796238616,0.68224512
2021-03-12,0.3767930569,0.4308693419,0.5624460577,0.22197107
2021-03-15,0.4101968311,0.4266846692,0.5536922684,-0.07895345
2021-03-16,0.4659343384,0.4471175473,0.5359864863,-0.39964016
2021-03-17,0.5125865509,0.4420487136,0.5316219814,0.04927224
2021-03-18,0.4528355464,0.4436692647,0.5277956466,-0.31654371
2021-03-19,0.5795139103,0.4842134354,0.5300542111,0.52243655
2021-03-22,0.3219704399,0.4665681572,0.5231806506,0.26673248
2021-03-23,0.2317965536,0.4197406002,0.5092587462,0.04583418
2021-03-24,0.2156207633,0.3603474427,0.500480887,-0.11336153
2021-03-25,0.4123856641,0.3522574662,0.4840713026,0.44040943
2021-03-26,0.402302424,0.316815169,0.4747242354,0.44804226
2021-03-29,0.4472605671,0.3418731944,0.4620462201,0.40659037
2021-03-30,0.4884990744,0.3932136986,0.4391308163,0.02585729
2021-03-31,0.3334692281,0.4167833915,0.4163865316,-0.25791487
2021-04-01,0.368530619,0.4080123825,0.414346843,-0.7912698
2021-04-02,0.3542445966,0.398400817,0.4146340602,0.77928115
2021-04-05,0.345336162,0.378015936,0.4093205319,-0.01315755
2021-04-06,0.6374132836,0.4077987779,0.4151928756,0.64148536
2021-04-07,0.5413905544,0.4493830431,0.4202051646,1.41687766
2021-04-08,0.4757180702,0.4708205334,0.4252937157,0.10942468
2021-04-09,0.5007105612,0.5001137263,0.4236018903,0.10615576
2021-04-12,0.5551815896,0.5420828118,0.4286222902,0.01207773
2021-04-13,0.4043337388,0.4954669028,0.4298741394,0.37818492
2021-04-14,0.5358301636,0.4943548247,0.4355847454,-1.26137495
2021-04-15,0.7210928881,0.5434297883,0.4471828613,0.16460507
2021-04-16,0.7714230922,0.5975722944,0.4589481587,-0.67724152
2021-04-19,0.7765891431,0.6418538052,0.4736642312,1.36631082
2021-04-20,1.0138230545,0.7637516683,0.493405556,-0.77725077
2021-04-21,0.626234919,0.7818326194,0.5072357596,0.3547035
2021-04-22,0.5570144823,0.7490169382,0.5220183927,-0.79578959
2021-04-23,0.530746049,0.7008815296,0.5363422693,-1.6364103
2021-04-26,0.6066549275,0.6668946865,0.5451726904,0.7048627
2021-04-27,0.546143567,0.573358789,0.5517109242,0.49839281
2021-04-28,0.5740702739,0.56292586,0.5574750017,-0.11497776
2021-04-29,0.5452500852,0.5605729805,0.5600545931,-0.37584411
2021-04-30,0.4152589749,0.5374755657,0.5637723089,-0.53436298
2021-05-03,0.3940732838,0.494959237,0.5649333391,1.24854487
2021-05-04,0.3723694069,0.4602044049,0.5657571941,-1.28778748
2021-05-05,0.4744721843,0.440284787,0.5716270133,-0.03012837
2021-05-06,0.6793382228,0.4671024145,0.5735326924,-0.95193101
2021-05-07,0.379831462,0.460016912,0.5661890973,0.44035245
2021-05-10,0.3507529001,0.4513528352,0.5605088623,0.01748683
2021-05-11,0.4180973872,0.4604984313,0.556753718,0.75370742
2021-05-12,0.511513991,0.4679067926,0.5547688271,-0.65995991
2021-05-13,0.7085771183,0.4737545717,0.5685980717,0.52098769
2021-05-14,0.4640877999,0.4906058393,0.5653370551,-0.35682532
2021-05-17,1.0421040294,0.6288760652,0.5799284707,-0.51008156
2021-05-18,0.9309076566,0.731438119,0.587177769,1.16472923
2021-05-19,0.8369688846,0.7965290978,0.5899223027,1.72435709
2021-05-20,0.9951338107,0.8538404362,0.5890727917,-0.0500842
2021-05-21,0.9899558732,0.9590140509,0.6056055623,0.21929005
2021-05-24,0.8036470301,0.911322651,0.6168161327,0.68116267
2021-05-25,1.0071313783,0.9265673954,0.6384700113,-1.53616434
2021-05-26,0.4827136335,0.8557163451,0.6328363161,-0.57705708
2021-05-27,0.4070242801,0.738094439,0.6265127121,1.74142095
2021-05-28,0.6675002602,0.6736033164,0.6307595297,-0.42917982
2021-05-31,0.5707326779,0.627020446,0.6319178294,0.16039467
2021-06-01,0.7720389576,0.5800019619,0.6481351013,1.32872436
2021-06-02,0.7721946175,0.6378981587,0.6653224346,0.26731762
2021-06-03,0.6423681723,0.6849669371,0.6775951058,0.01417534
2021-06-04,0.6996037135,0.6913876277,0.6878283571,0.02362077
2021-06-07,0.5299932189,0.683239736,0.6810399479,-0.70462879
2021-06-08,0.478114943,0.624454933,0.6855073788,-0.02001105
2021-06-09,0.572193297,0.5844546689,0.6955728514,0.16319017
2021-06-10,0.6170126888,0.5793835722,0.704614456,0.13761103
2021-06-11,0.9003854194,0.6195399134,0.72229043,1.40273023
2021-06-14,0.5640535447,0.6263519786,0.7157211767,-0.1965941
2021-06-15,0.6152501,0.65377901,0.7225921903,-0.28925411
2021-06-16,0.4235620166,0.6240527539,0.6944766443,-0.86321229
2021-06-17,0.7404500704,0.6487402302,0.6858194813,-0.56623144
2021-06-18,0.6191130576,0.5924857579,0.6759169437,0.87940945
2021-06-21,0.6408164013,0.6078383292,0.6598116069,0.2083428
2021-06-22,1.1874799942,0.722284308,0.668789976,-1.292367
2021-06-23,0.5667502091,0.7509219465,0.6580219387,-0.72079801
2021-06-24,0.5198169392,0.7067953203,0.6358712824,-0.46564027
2021-06-25,0.896411263,0.7622549613,0.6546757201,-0.00137708
2021-06-28,0.6835818151,0.7708080441,0.6672465171,-0.6050302
2021-06-29,0.8177939011,0.6968708255,0.6740780463,0.22449736
2021-06-30,0.5901447705,0.7015497378,0.6749604141,0.11591493
2021-07-01,0.7837992231,0.7543461946,0.6754949716,1.11648455
2021-07-02,0.4998926867,0.6750424793,0.6631176112,0.93492938
2021-07-05,0.7703259225,0.6923913008,0.6689338725,0.21369399
2021-07-06,0.7307703547,0.6749865915,0.670350538,0.27279165
2021-07-07,0.6841285357,0.6937833445,0.6773566888,-0.02227041
2021-07-08,1.0558418361,0.7481918672,0.7036170021,-0.13846539
2021-07-09,0.761411484,0.8004956266,0.7122178288,0.50119679
2021-07-12,0.8047230316,0.8073750484,0.7207501171,-1.535748
2021-07-13,0.6161338807,0.7844477536,0.7078295926,-0.07843729
2021-07-14,0.4381595512,0.7352539567,0.7021071384,0.80715478
2021-07-15,0.5681077795,0.6377071454,0.6999643056,1.20843314
2021-07-16,0.5202760333,0.5894800553,0.7043603973,0.78753894
2021-07-19,0.589185654,0.5463725797,0.697484742,-0.46376018
2021-07-20,0.5611006773,0.5353659391,0.6948478156,0.35589593
2021-07-21,0.893960811,0.626526191,0.7063543797,-1.09529795
2021-07-22,1.0509436401,0.7230933631,0.7001481818,1.40478747
2021-07-23,0.902531277,0.7995444119,0.7154109576,-0.76576009
2021-07-26,0.952894005,0.8722860821,0.7350962788,-0.14798945
2021-07-27,0.7976384819,0.919593643,0.7306066069,-0.74920695
2021-07-28,0.5623896937,0.8532794195,0.7250978741,-0.0821865
2021-07-29,0.5046065151,0.7440119945,0.7108620838,0.73176137
2021-07-30,0.8293991237,0.7293855638,0.7217372817,0.29943383
2021-08-02,0.7735489181,0.6935165465,0.7212713588,-1.77575391
2021-08-03,0.5456873262,0.6431263153,0.7233529333,0.65629146
2021-08-04,0.7537755784,0.6814034923,0.7226006449,0.49911084
2021-08-05,1.0508357802,0.7906493453,0.7371490733,0.58658718
2021-08-06,0.5862822479,0.7420259702,0.7327015148,-0.3971261
2021-08-09,0.5851916875,0.704354524,0.7113083262,-0.05709358
2021-08-10,0.6658610785,0.7283892745,0.706965126,-0.04578084
2021-08-11,0.7685395554,0.7313420699,0.7053204225,-0.99015782
2021-08-12,0.7225001269,0.6656749392,0.7101552519,1.47262484
2021-08-13,0.7369157025,0.6958016302,0.723735077,-0.90383229
2021-08-16,1.1036678863,0.7994968699,0.7480787182,0.4630627
2021-08-17,1.5488461338,0.976093881,0.7948319046,0.49006785
2021-08-18,1.3510569563,1.0925973612,0.8294624183,-0.58084496
2021-08-19,1.0862226453,1.1653418648,0.8533315987,-1.37938292
2021-08-20,0.8999816624,1.1979550568,0.8536052737,1.03909982
2021-08-23,1.1748763715,1.2121967539,0.8592385797,-0.11677003
2021-08-24,0.8438607644,1.07119968,0.8565717382,0.86036418
2021-08-25,0.8315909737,0.9673064835,0.8510579641,-0.56325672
2021-08-26,0.6788189452,0.8858257434,0.845657076,-1.2628279
2021-08-27,0.6040345897,0.8266363289,0.8475500259,-0.76961822
2021-08-30,0.6771095761,0.7270829698,0.8553910741,-1.63898265
2021-08-31,0.5294020732,0.6641912316,0.8417548445,-1.61867748
2021-09-01,1.0056060027,0.6989942374,0.8523028938,0.40694514
2021-09-02,0.8208121414,0.7273928766,0.8648085672,0.28640682
2021-09-03,0.600103652,0.7266066891,0.8578234797,-0.56894534
2021-09-06,0.8453429109,0.760253356,0.8484828947,1.40927811
2021-09-07,1.0678368034,0.8679403021,0.8703717381,-2.23578275
2021-09-08,1.1077244209,0.8883639857,0.894123226,0.39136037
2021-09-09,0.9379757559,0.9117967086,0.906492075,-1.69058264
2021-09-10,1.1183744905,1.0154508763,0.922393663,-0.16635875
2021-09-13,1.4111997327,1.1286222407,0.9536981905,1.2074754
2021-09-14,0.9646310612,1.1079810923,0.9640488886,-0.43138781
2021-09-15,0.9232282054,1.0710818492,0.9558470849,-0.83591565
2021-09-16,0.7602724354,1.035541185,0.9200028259,-0.63754027
2021-09-17,1.310157968,1.0738978805,0.918143781,0.31550283
2021-09-20,1.5358334215,1.0988246183,0.9385806345,0.37952692
2021-09-21,1.0126394346,1.108426293,0.9437014423,0.82424991
2021-09-22,0.7285486482,1.0694903815,0.9234138185,-0.19846968
2021-09-23,1.0054049874,1.118516892,0.9307567377,1.69367493
2021-09-24,0.9985653837,1.0561983751,0.9383464836,-0.04467128
2021-09-27,0.6717651705,0.8833847249,0.9380258575,-1.28232427
2021-09-28,0.9089790759,0.8626526532,0.9518869705,0.33409172
2021-09-29,0.8554452559,0.8880319747,0.9599931378,0.71444519
2021-09-30,0.7946746922,0.8458859156,0.9720509841,-0.58643366
2021-10-01,0.9406744947,0.8343077379,0.9690995519,1.13117882
2021-10-04,0.6256799495,0.8250906936,0.9602299068,0.63481751
2021-10-05,0.8225199382,0.8077988661,0.970339738,-0.63942243
2021-10-06,0.7003901993,0.7767878548,0.9637509784,0.66142724
2021-10-07,0.877918646,0.7934366455,0.9551183349,-0.01641982
2021-10-08,0.7646136042,0.7582244674,0.9395223887,0.72613335
2021-10-11,0.5180934478,0.7367071671,0.9204368292,-0.0947043
2021-10-12,0.5835810926,0.688919398,0.8961280384,-0.22852993
2021-10-13,0.5878047739,0.6664023129,0.8587009948,-0.26805989
2021-10-14,0.8024813501,0.6513148537,0.8513305534,-0.36308113
2021-10-15,0.811312882,0.6606547093,0.8462434933,-1.74429456
2021-10-18,0.671677148,0.6913714493,0.8422164347,-1.75781049
2021-10-19,0.6907933894,0.7128139087,0.8140634993,0.04207107
2021-10-20,0.7437274969,0.7439984533,0.7780586846,-0.14339188
2021-10-21,0.6218900799,0.7078801992,0.7602973503,0.06112927
2021-10-22,0.9071817136,0.7270539656,0.7684170351,0.37168078
2021-10-25,0.6612894411,0.7249764242,0.7527754193,0.88515705
2021-10-26,0.850408693,0.7568994849,0.7460410243,-1.34281706
2021-10-27,0.6741435739,0.7429827003,0.7461491336,-0.97390132
2021-10-28,0.7207000286,0.7627446901,0.737590995,0.8643291
2021-10-29,0.5804981448,0.6974079763,0.7250933991,-0.46946838
2021-11-01,0.827484749,0.7306470379,0.7265847653,-1.82417096
2021-11-02,0.605593318,0.6816839629,0.7113538027,0.16269672
2021-11-03,0.4687636878,0.6406079856,0.7042212454,-0.24533772
2021-11-04,0.4866880927,0.5938055985,0.6889561615,0.34244172
2021-11-05,0.6115014371,0.6000062569,0.6849157632,0.02441591
2021-11-08,0.5718131234,0.5488719318,0.6710018758,-0.55540457
2021-11-09,0.6947464514,0.5667025585,0.6678260961,-1.10709313
2021-11-10,0.4479507909,0.5625399791,0.6646377936,-0.38844841
2021-11-11,0.4950668383,0.5642157282,0.6606144184,0.6887877
2021-11-12,0.5476003937,0.5514355195,0.6587869465,-0.00122207
2021-11-15,0.8061306797,0.5982990308,0.6589528252,-1.22407335
2021-11-16,0.441022389,0.5475542183,0.6421214391,-0.6259255
2021-11-17,0.361655137,0.5302950875,0.6280295295,0.51952062
2021-11-18,0.3757711475,0.5064359494,0.6137103367,0.31613757
2021-11-19,0.3888356133,0.4746829933,0.5975788874,-0.54931052
2021-11-22,0.5791274753,0.4292823524,0.5956351327,0.48283759
2021-11-23,0.4139695422,0.4238717831,0.5732163976,0.53956944
2021-11-24,0.406176769,0.4327761095,0.5616203671,0.1821781
2021-11-25,0.379289869,0.4334798538,0.5402058751,0.08295387
2021-11-26,0.3514341689,0.4259995649,0.5255372658,0.33006538
2021-11-29,0.3944935586,0.3890727815,0.5107096989,0.54775918
2021-11-30,0.4178536429,0.3898496017,0.503316767,-0.46211527
2021-12-01,0.4815298139,0.4049202107,0.4875915427,-0.18116971
2021-12-02,0.8074338063,0.4905489981,0.4967661104,-0.19046204
2021-12-03,0.4349207855,0.5072463214,0.4952277966,0.04676224
2021-12-06,0.4487165005,0.5180909098,0.4935018152,0.60318909
2021-12-07,0.6631066882,0.5671415189,0.4958475084,-0.84734272
2021-12-08,0.4426940519,0.5593743665,0.4899784597,-0.35098201
2021-12-09,0.5729159108,0.5124707874,0.4844407078,0.91096597
2021-12-10,0.6170032342,0.5488872771,0.4921249098,-0.86894568
2021-12-13,0.7382952117,0.6068030193,0.503180745,-0.65504231
2021-12-14,0.7471237254,0.6236064268,0.5122499873,1.26501632
2021-12-15,0.5028469658,0.6356370096,0.498464364,-0.89937495
2021-12-16,0.5048238102,0.6220185895,0.5013644286,-0.19007905
2021-12-17,0.4663729864,0.5918925399,0.5061243308,-0.06597088
2021-12-20,0.4594932206,0.5361321417,0.5099298796,-0.69220168
2021-12-21,0.5805480228,0.5028170011,0.51864408,0.05628525
2021-12-22,0.4529438771,0.4928363834,0.5129084619,0.98982945
2021-12-23,0.453610327,0.4825936868,0.5147103158,0.29622605
2021-12-24,0.3709691372,0.4635129169,0.5131099689,0.00319727
2021-12-27,0.4391703027,0.4594483334,0.5158318067,-0.0676425
2021-12-28,0.3223900129,0.4078167314,0.5145116178,0.22376324
2021-12-29,0.4237756858,0.4019830931,0.5158426236,-0.26923935
2021-12-30,0.3758476812,0.386430564,0.5139332617,-0.40739754
2021-12-31,0.3794605944,0.3881288554,0.5092937518,-0.45746704
2022-01-03,0.3597102864,0.3722368522,0.4889426827,0.26472998
2022-01-04,0.3128514384,0.3703291372,0.483394076,-0.29895535
2022-01-05,0.4694491243,0.379463825,0.484336468,-1.48694868
2022-01-06,0.4416740114,0.392629091,0.4742713463,0.11553937
2022-01-07,0.3999996647,0.396736905,0.4723306923,1.85479607
2022-01-10,0.5360504016,0.4320049281,0.4706549874,0.16329269
2022-01-11,0.5314575382,0.4757261481,0.4667665466,-1.22838947
2022-01-12,0.6722871155,0.5162937463,0.4637661786,-0.27959929
2022-01-13,0.3796261164,0.5038841673,0.4470617419,-0.68082213
2022-01-14,0.5613168271,0.5361475998,0.4497194628,-0.16221011
2022-01-17,0.3902201686,0.5069815532,0.4445102064,-0.46709637
2022-01-18,0.4135426252,0.4833985705,0.4421088263,0.33667577
2022-01-19,0.6689507093,0.4827312893,0.4516296213,-0.37876309
2022-01-20,0.5631221712,0.5194305003,0.4508375371,-0.3915495
2022-01-21,0.4574550182,0.4986581385,0.451042589,-0.47449439
2022-01-24,0.3604196137,0.4926980275,0.4468066475,-0.51839413
2022-01-25,0.5002917098,0.5100478445,0.4526849462,-0.50281057
2022-01-26,0.5611865142,0.4884950054,0.4582311377,1.90401136
2022-01-27,0.5075473816,0.4773800475,0.4666473817,0.45436471
2022-01-28,0.5601387128,0.4979167864,0.4728457011,1.78521328
2022-01-31,0.5739504703,0.5406229577,0.4818503733,-0.53271529
2022-02-01,0.5887340576,0.5583114273,0.4913628035,0.51252188
2022-02-02,0.405141455,0.5271024155,0.4934278566,-0.5138825
2022-02-03,0.3806288639,0.5017187119,0.4965086487,-0.3893886
2022-02-04,0.5054982605,0.4907906215,0.4981472458,0.01180743
2022-02-07,0.4762515312,0.4712508336,0.4997189512,0.43081785
2022-02-08,0.479934676,0.4494909573,0.5033523608,-0.77178096
2022-02-09,0.5832359525,0.4851098568,0.5054971586,0.0729158
2022-02-10,0.5518501987,0.5193541238,0.5064240977,0.36018884
2022-02-11,0.4924372647,0.5167419246,0.4982491045,-1.47635692
2022-02-14,0.4426938486,0.5100303881,0.5011158196,0.49025566
2022-02-15,0.3776472329,0.4895728995,0.4927672017,-0.92083269
2022-02-16,0.4251343211,0.4579525732,0.4943542086,0.46931733
2022-02-17,0.3920777124,0.4259980759,0.4933785307,0.45089713
2022-02-18,0.259961241,0.3795028712,0.4747881004,0.3987668
2022-02-21,0.2907487996,0.3491138614,0.4624074926,0.06988554
2022-02-22,0.2606124981,0.3257069145,0.4534601053,-1.25917567
2022-02-23,0.2678653112,0.2942531125,0.4492530915,-0.36170752
2022-02-24,0.4997680166,0.3157911733,0.4492292873,-1.07848852
2022-02-25,0.7270614487,0.4092112149,0.456769057,1.30775171
2022-02-28,0.4396634984,0.4389941546,0.453683426,1.00331046
2022-03-01,0.5022429946,0.4873202539,0.4510518024,0.10027986
2022-03-02,0.4619535689,0.5261379054,0.4459610342,0.61934852
2022-03-03,0.3173744038,0.4896591829,0.4336265045,0.10369459
2022-03-04,0.2467927866,0.3936054504,0.4264288377,0.18467319
2022-03-07,0.4567325728,0.3970192653,0.4298880972,1.11564914
2022-03-08,0.3226016833,0.3610910031,0.4215746164,-0.05586063
2022-03-09,0.3675952355,0.3422193364,0.4166356939,-0.52691285
2022-03-10,0.3376428999,0.3462730356,0.4101678859,0.07799153
2022-03-11,0.5097262854,0.3988597354,0.4068265374,-0.17169188
2022-03-14,0.294878526,0.366488926,0.3951460068,0.34748237
2022-03-15,0.2631788859,0.3546043666,0.3847251714,-0.13856207
2022-03-16,0.2430705202,0.3296994235,0.3756513838,0.39970785
2022-03-17,0.3299958561,0.3281700147,0.3734854121,-0.32546547
2022-03-18,0.3658861262,0.2994019829,0.3707923123,-0.52797996
2022-03-21,0.3443271777,0.3092917132,0.3686218335,0.29420036
2022-03-22,0.5007170676,0.3567993495,0.3795652801,0.40530269
2022-03-23,0.4634916691,0.4008835793,0.3874172287,-0.91797805
2022-03-24,0.5476143734,0.4444072828,0.4004627685,0.87442553
2022-03-25,0.6299853485,0.4972271272,0.4169227702,-1.34580032
2022-03-28,0.5740783993,0.5431773716,0.4203005149,-1.38897585
2022-03-29,0.6627474012,0.5755834383,0.4173771491,-1.76102467
2022-03-30,0.4034353311,0.5635721707,0.4157304142,0.30732279
2022-03-31,0.3513577145,0.5243208389,0.4088719924,-0.27380521
2022-04-01,0.3162795604,0.4615796813,0.4022504466,0.57908208
2022-04-04,0.2168216321,0.3901283279,0.397679866,-0.3329493
2022-04-05,0.380274521,0.3336337518,0.4037472176,-0.10765473
2022-04-06,0.2317591608,0.2992985178,0.3935211534,0.19139949
2022-04-07,0.2206736283,0.2731617005,0.38888806,-0.04409152
2022-04-08,0.2444972845,0.2588052454,0.3832926986,0.02703791
2022-04-11,0.2283706576,0.2611150504,0.3783257785,0.10361998
2022-04-12,0.2404803501,0.2331562163,0.3660873269,0.14845134
2022-04-13,0.2698253619,0.2407694565,0.3649485467,0.27033201
2022-04-14,0.1854259004,0.2337199109,0.3614143201,0.02076379
2022-04-15,0.172390232,0.2192985004,0.3582015797,-0.82857121
2022-04-18,0.473900212,0.2684044113,0.3647426868,0.6756791
2022-04-19,0.4446490967,0.3092381606,0.3683228218,-0.91569862
2022-04-20,0.3502674211,0.3253265724,0.3685928329,-0.13604738
2022-04-21,0.3287071932,0.353982831,0.3607742022,-0.05762839
2022-04-22,0.6064584366,0.4407964719,0.3672726917,-0.64102032
2022-04-25,0.3878596214,0.4235883538,0.360011112,-0.24892221
2022-04-26,0.3112463297,0.3969078004,0.3455229748,0.20397911
2022-04-27,0.2892310369,0.3847005235,0.3325753674,-0.23336201
2022-04-28,0.3776920471,0.3944974943,0.3196183059,-0.00398752
2022-04-29,0.4096632878,0.3551384646,0.3199013948,-0.79471022
2022-05-02,0.3163702099,0.3408405823,0.3183110537,-0.42450566
2022-05-03,0.3931591134,0.357223139,0.3218055788,-1.10240896
2022-05-04,0.4496144213,0.3892998159,0.3323870693,-0.63364672
2022-05-05,0.5850587653,0.4307731596,0.341695444,0.04178621
2022-05-06,0.6458346132,0.4780074246,0.3605170555,-0.77013426
2022-05-09,0.5962102146,0.5339754256,0.3775869003,-0.8585829
2022-05-10,0.6243768598,0.5802189748,0.3948541537,0.26048785
2022-05-11,0.4980278232,0.5899016552,0.4071112976,0.99201242
2022-05-12,0.6388376257,0.6006574273,0.4252184465,-0.81477622
2022-05-13,0.3630568916,0.544101883,0.4294562433,-0.38443598
2022-05-16,0.4276369945,0.5103872389,0.4404658385,-0.04832832
2022-05-17,0.3780547461,0.4611228162,0.4498142255,0.95988499
2022-05-18,0.5065938163,0.4628360148,0.4513002984,0.6158128
2022-05-19,0.4084729698,0.4167630837,0.449655929,-0.0788467
2022-05-20,0.4474459842,0.4336409022,0.4540731364,0.24346813
2022-05-23,0.401366246,0.4283867525,0.4573758206,-1.41421524
2022-05-24,0.4033293113,0.4334416655,0.4481426786,1.68729068
2022-05-25,0.2561229677,0.3833474958,0.4421546489,-1.05937741
2022-05-26,0.2657205643,0.3547970147,0.4400852959,-0.69632677
2022-05-27,0.2758980746,0.3204874328,0.4394792522,1.12441735
2022-05-30,0.3197877725,0.3041717381,0.4368472397,-0.35733126
2022-05-31,0.3761379786,0.2987334715,0.435323362,-0.26887323
2022-06-01,0.4963530008,0.3467794781,0.4435043979,0.6449611
2022-06-02,0.4390719875,0.3814497628,0.4455913468,-1.16697745
2022-06-03,0.4972264111,0.4257154301,0.4477555281,-0.67645791
2022-06-06,0.4228814672,0.446334169,0.4403838327,0.21190732
2022-06-07,0.6688463871,0.5048758508,0.4414298225,-0.49262932
2022-06-08,0.7184111252,0.5492874756,0.4469844093,-1.16220967
2022-06-09,0.3893545228,0.5393439827,0.4363015758,0.52223637
2022-06-10,0.5707465666,0.5540480138,0.4396069732,0.11440944
2022-06-13,0.7406747454,0.6176066694,0.4442359332,1.34042512
2022-06-14,0.5512639366,0.5940901793,0.4527907989,0.45567547
2022-06-15,0.7300366105,0.5964152764,0.466536236,0.47479039
2022-06-16,0.5429842379,0.6271412194,0.4740330311,0.74649731
2022-06-17,0.5277908701,0.6185500801,0.4749965335,-0.16882613
2022-06-20,0.7794693402,0.6263089991,0.4918600049,0.96859857
2022-06-21,0.7633076212,0.668717736,0.5062173521,1.87570876
2022-06-22,0.3886609968,0.6004426133,0.5056398407,0.49231851
2022-06-23,0.37027076,0.5658999177,0.5041371793,-0.44143506
2022-06-24,0.443402422,0.549022228,0.5126498818,0.60221948
2022-06-27,0.435197142,0.4801677884,0.5203533626,0.65014443
2022-06-28,0.6214209011,0.4517904444,0.5360589456,-0.3376815
2022-06-29,0.3584777674,0.4457537985,0.5378175817,-0.49519335
2022-06-30,0.3707651788,0.4458526823,0.5375733636,-1.37533634
2022-07-01,0.5899591696,0.4751640318,0.5418281894,-0.38339804
2022-07-04,0.5051321629,0.489151036,0.5448309247,-1.226495
2022-07-05,0.5005463805,0.4649761318,0.5449818324,0.42507432
2022-07-06,0.6647550254,0.5262315834,0.555976085,-0.67443071
2022-07-07,0.5324355702,0.5585656617,0.5497755933,-0.68812171
2022-07-08,0.4135246031,0.5232787484,0.5359171151,-0.39287403
2022-07-11,0.493531842,0.5209586843,0.5406524477,1.80067178
2022-07-12,0.4036127184,0.5015719518,0.5330554546,-0.21439757
2022-07-13,0.3479550195,0.4382119507,0.515204558,-0.31423308
2022-07-14,0.5600719278,0.4437392222,0.5156049213,0.37128464
2022-07-15,0.5242763294,0.4658895674,0.5062521812,-0.51248261
2022-07-18,0.4374448935,0.4546721777,0.5014549383,-1.19568169
2022-07-19,0.4618144779,0.4663125296,0.4984560114,0.35216409
2022-07-20,0.3218370034,0.4610889264,0.4776545415,0.11743125
2022-07-21,0.5245574093,0.4539860227,0.4668022591,-0.93759651
2022-07-22,0.4684962388,0.4428300046,0.4704311338,-1.21471886
2022-07-25,0.5606244294,0.4674659118,0.4790835733,0.31642087
2022-07-26,0.5108158229,0.4772661808,0.4821478188,-0.09015651
2022-07-27,0.544984759,0.5218957319,0.487138165,-0.58389306
2022-07-28,0.6050166891,0.5379875879,0.486392519,-0.32671553
2022-07-29,0.4611974983,0.5365278397,0.4910615977,-0.30027
2022-08-01,0.454758274,0.5153546087,0.4948794657,0.17868622
2022-08-02,0.5491802664,0.5230274974,0.4930258792,0.71549189
2022-08-03,0.5860462084,0.5312397872,0.4967037903,-0.08683473
2022-08-04,0.6010312978,0.530442709,0.5012712866,0.25942165
2022-08-05,0.4641148884,0.531026187,0.4921512803,1.32551182
2022-08-08,0.4817946804,0.5364334683,0.4898494217,0.20153481
2022-08-09,0.4078543338,0.5081682818,0.4895916822,1.92371194
2022-08-10,0.441187474,0.4791965349,0.4872123927,0.09631848
2022-08-11,0.6462676015,0.4882437956,0.4982421601,0.23823672
2022-08-12,0.4647968242,0.4883801828,0.5035531513,0.12353972
2022-08-15,0.3537893762,0.462779122,0.4941766716,-0.1154551
2022-08-16,0.4036130489,0.461930865,0.4886919771,0.57030463
2022-08-17,0.5042822885,0.4745498279,0.4917300405,0.46913669
2022-08-18,0.3480458106,0.4149054697,0.4865587374,-0.2719418
2022-08-19,0.3855093359,0.399047972,0.4894529344,-0.11900786
2022-08-22,0.4997757741,0.4282452516,0.4883264964,-0.07420224
2022-08-23,0.7182985324,0.4911823483,0.4996811461,1.68560871
2022-08-24,0.7796475834,0.5462554073,0.509636744,-1.06514329
2022-08-25,0.3745609393,0.551558433,0.5034433402,-0.185913
2022-08-26,0.5204281955,0.5785422049,0.5023271328,-0.85336628
2022-08-29,0.5808469659,0.5947564433,0.501228509,-1.14112389
2022-08-30,0.7004792804,0.5911925929,0.5121049536,0.37004
2022-08-31,0.722587116,0.5797804994,0.5242789919,-1.92901354
2022-09-01,0.4232782355,0.5895239587,0.5185561723,-0.21074831
2022-09-02,0.3226766914,0.5499736578,0.5065848306,1.20369903
2022-09-05,0.5471257622,0.5432294171,0.504134579,0.33503187
2022-09-06,0.4850763006,0.5001488212,0.5050873705,-0.86508214
2022-09-07,0.480693254,0.4517700487,0.5050373057,-0.51286591
2022-09-08,0.5703014702,0.4811746957,0.5124212664,-0.64629493
2022-09-09,0.5086338655,0.5183661305,0.5154870115,-0.9607536
2022-09-12,0.5577234604,0.5204856701,0.5114622778,1.06034693
2022-09-13,0.3865567014,0.5007817503,0.5079059086,0.17100402
2022-09-14,0.3990796092,0.4844590213,0.5099645555,0.01668651
2022-09-15,0.3522370571,0.4408461387,0.5076292832,-0.32511075
2022-09-16,0.2935430823,0.3978279821,0.4980502283,-1.31463032
2022-09-19,0.3017629978,0.3466358896,0.4959464641,-0.59886443
2022-09-20,0.3665729339,0.3426391361,0.4950857186,0.49860903
2022-09-21,0.3567892548,0.3341810652,0.4885863313,-0.55055969
2022-09-22,0.4226556924,0.3482647923,0.4751480204,-0.01980321
2022-09-23,0.5269619883,0.3949485735,0.4636623116,-0.74837328
2022-09-26,0.481528217,0.4309016173,0.4685244605,-0.07916912
2022-09-27,0.4916006704,0.4559071646,0.4672141185,1.24340087
2022-09-28,0.7899604517,0.542541404,0.4767192769,0.49591875
2022-09-29,0.4751832218,0.5530469098,0.466478547,-0.41692262
2022-09-30,0.5337299653,0.5544005052,0.4578941311,-0.74515134
2022-10-03,0.4625789376,0.5506106494,0.4596805266,0.94368317
2022-10-04,0.4642578692,0.5451420891,0.4661160347,0.09891947
2022-10-05,0.4465309146,0.4764561817,0.4615435416,-0.42762626
2022-10-06,0.4001105171,0.4614416408,0.4576814606,-0.07311276
2022-10-07,0.4443855086,0.4435727494,0.4560311085,-0.72254836
2022-10-10,0.5585486162,0.4627666851,0.4554968879,-0.17743128
2022-10-11,0.728572733,0.5156296579,0.4654941091,-0.07143989
2022-10-12,0.5590796614,0.5381394073,0.4655557546,-0.91778366
2022-10-13,0.5953286816,0.5771830402,0.4750453901,0.35721704
2022-10-14,0.4614724848,0.5806004354,0.4778814299,-0.46317571
2022-10-17,0.609037683,0.5906982488,0.4895541856,-0.128037
2022-10-18,0.612787726,0.5675412473,0.5040653058,0.01333239
2022-10-19,0.4890919049,0.553543696,0.5125802561,0.00971683
2022-10-20,0.5055117213,0.535580304,0.5188956555,0.23035469
2022-10-21,0.5189288076,0.5470715686,0.5262656352,-1.37863768
2022-10-24,0.4262065488,0.5105053417,0.5264270377,-0.29567658
2022-10-25,0.8696911094,0.5618860184,0.5420056342,-1.76632424
2022-10-26,0.5770045566,0.5794685487,0.5463454678,0.64834571
2022-10-27,0.4774236056,0.5738509256,0.5457010557,0.75533175
2022-10-28,0.391065493,0.5482782627,0.5275694667,-1.27109159
2022-10-31,0.4363536093,0.5503076748,0.5258044843,-1.31010797
2022-11-01,0.2810776406,0.432584981,0.5143202877,-1.10616496
2022-11-02,0.2405414383,0.3652923574,0.5042276741,0.51085705
2022-11-03,0.3252401898,0.3348556742,0.4979086887,0.08058005
2022-11-04,0.2847217487,0.3135869254,0.4905537266,0.17589834
2022-11-07,0.2873231859,0.2837808407,0.4854270297,0.34147089
2022-11-08,0.3198085496,0.2915270225,0.4797644407,-0.02460989
2022-11-09,0.3974065795,0.3229000507,0.4724398027,0.65764425
2022-11-10,0.4191541449,0.3416828417,0.4583753214,0.415155
2022-11-11,0.6905801904,0.4228545301,0.4643526182,1.11811993
2022-11-14,0.7251826916,0.5104264312,0.4702550732,-0.06429372
2022-11-15,0.5453035944,0.5555254402,0.4740655782,0.11246844
2022-11-16,0.6409967688,0.604243478,0.4755182639,0.33175998
2022-11-17,0.5329661292,0.6270058749,0.4718900095,0.28929287
2022-11-18,0.4383509518,0.5765600272,0.4695836025,-0.5161538
2022-11-21,0.5951859328,0.5505606754,0.473659703,-0.32587165
2022-11-22,0.6117691411,0.5638537847,0.4778797182,0.87973701
2022-11-23,0.7122084593,0.5780961228,0.490879805,-0.66002409
2022-11-24,0.4991105907,0.5713250151,0.474035236,0.63635368
2022-11-25,0.4225285293,0.5681605306,0.4670135984,0.36061244
2022-11-28,0.6252649191,0.5741763279,0.4737336581,0.45836265
2022-11-29,0.7619151049,0.6042055207,0.4905904586,1.97021743
2022-11-30,0.6853939364,0.5988426161,0.5019104735,-0.73248701
2022-12-01,0.7641828158,0.6518570611,0.5238697997,-1.14128466
2022-12-02,0.580725148,0.6834963849,0.5393326955,-0.06798704
2022-12-05,0.5779282591,0.6740290528,0.5508185169,0.34864548
2022-12-06,0.4257781167,0.6068016552,0.55723017,-0.90818197
2022-12-07,0.4841998851,0.5665628449,0.5661791108,-0.96011054
2022-12-08,0.5984537444,0.5334170307,0.5788448015,0.74380263
2022-12-09,0.6768774677,0.5526474946,0.5915480237,0.93657464
2022-12-12,0.5037253044,0.5378069037,0.5953921673,0.79755009
2022-12-13,0.49812173,0.5522756263,0.5866440555,0.18116193
2022-12-14,0.5366435525,0.5627643598,0.5780740946,-0.15382171
2022-12-15,0.5049077776,0.5440551664,0.5762379211,-0.97230363
2022-12-16,0.4878031312,0.5062402991,0.569274574,0.05271896
2022-12-19,0.5231785287,0.510130944,0.568829683,0.74864382
2022-12-20,0.4392198034,0.4983505587,0.5688691763,0.15192638
2022-12-21,0.6153640269,0.5140946536,0.5697863624,0.26156079
2022-12-22,0.4947578972,0.5120646775,0.5644676695,-1.05613489
2022-12-23,0.4893287858,0.5123698084,0.5543367752,1.17577388
2022-12-26,0.4652272281,0.5007795483,0.5527966224,0.07238286
2022-12-27,0.7062027715,0.5541761419,0.5656909061,1.02617423
2022-12-28,0.5011801237,0.5313393613,0.5600506881,-0.14246371
2022-12-29,0.6463744023,0.5616626623,0.554798838,0.26825342
2022-12-30,0.6468297886,0.5931628629,0.5530459222,-1.36283099
2023-01-02,0.5178044121,0.6036782996,0.5418469039,-0.16073342
2023-01-03,0.5224089164,0.5669195286,0.5391961661,0.25983899
2023-01-04,0.4217700063,0.5510375051,0.5320980637,-0.10915397
2023-01-05,0.4781446574,0.5173915562,0.534478361,-0.01128114
2023-01-06,0.5340801072,0.4948416199,0.5367456438,-1.06577055
2023-01-09,0.4457818114,0.4804370997,0.5298060105,0.05440493
2023-01-10,0.7457034277,0.525096002,0.5329344632,0.10941351
2023-01-11,0.7175804117,0.5842580831,0.5426551499,-2.57024282
2023-01-12,0.6719533595,0.6230198235,0.5505565876,0.33574216
2023-01-13,0.7587123553,0.6679462731,0.5606506241,-0.67407762
2023-01-16,0.7762278752,0.7340354859,0.5729833558,0.58085839
2023-01-17,0.6564437916,0.7161835587,0.5806488404,-0.90906914
2023-01-18,0.4849369114,0.6696548586,0.578910585,-0.26146913
2023-01-19,0.8387570022,0.7030155871,0.5970713668,-0.00033494
2023-01-20,0.8019549854,0.7116641132,0.605552774,-1.36716205
2023-01-23,0.6105121649,0.6785209711,0.6108143316,-0.81080538
2023-01-24,0.7729467431,0.7018215614,0.623706057,0.72738277
2023-01-25,0.6889363389,0.7426214469,0.6338746529,0.53891861
2023-01-26,0.4828698981,0.6714440261,0.6237231586,-0.69434782
2023-01-27,0.6245884744,0.6359707239,0.6293326291,0.22201712
2023-01-30,1.2702439094,0.7679170728,0.657690334,1.13135757
2023-01-31,0.853939191,0.7841155623,0.6671043977,-0.29504482
2023-02-01,1.005148074,0.8473579094,0.6892563824,-0.21271252
2023-02-02,1.0421115651,0.9592062428,0.71287923,0.88957491
2023-02-03,0.576153204,0.9495191887,0.7198966481,-0.1320082
2023-02-06,0.7444430463,0.8443590161,0.7320011203,-0.43260522
2023-02-07,0.7928133743,0.8321338527,0.7437617234,0.22951902
2023-02-08,0.7334350433,0.7777912466,0.7568368703,0.5487075
2023-02-09,0.6246404647,0.6942970265,0.7513340083,1.21775662
2023-02-10,0.7092666852,0.7209197228,0.7509561117,0.45637132
2023-02-13,1.0851973707,0.7890705876,0.7697399304,0.49787214
2023-02-14,1.0238387533,0.8352756634,0.7817911303,-2.24895306
2023-02-15,0.8590028791,0.8603892306,0.7855536305,-0.49216018
2023-02-16,0.9412764934,0.9237164364,0.7985005715,1.44901294
2023-02-17,0.7710538935,0.936073878,0.8115058888,-0.2618156
2023-02-20,0.6746648731,0.8539673785,0.8040471557,-1.36363836
2023-02-21,0.6644561811,0.782090864,0.79779721,-2.20028921
2023-02-22,0.7410584289,0.758501974,0.8037311311,0.88073067
2023-02-23,1.1162382463,0.7934943246,0.8193352904,-0.14813746
2023-02-24,1.1087946725,0.8610424804,0.8384197601,-1.12206607
2023-02-27,0.9853715499,0.9231838157,0.8612607442,-0.35751407
2023-02-28,0.825399249,0.9553724293,0.8703885067,-0.58265795
2023-03-01,1.2312676574,1.053414275,0.8686168589,-1.13463827
2023-03-02,0.7427156811,0.978709762,0.8635612448,0.13828433
2023-03-03,0.7785912149,0.9126690705,0.8532632058,-0.50904073
2023-03-06,1.2482054134,0.9652358432,0.862631108,-1.07819251
2023-03-07,1.4140931219,1.0829746177,0.9007192861,-2.26864934
2023-03-08,1.2743225127,1.0915855888,0.9248047163,-1.22646812
2023-03-09,1.2803902229,1.1991204972,0.9469673004,0.73780529
2023-03-10,0.9262647456,1.2286552033,0.9557322868,-0.89410659
2023-03-13,1.2212041515,1.2232549509,0.9828488181,-0.1964871
2023-03-14,1.2184624831,1.1841288231,1.0059940816,0.00705186
2023-03-15,1.5723878694,1.2437418945,1.0281391043,-0.28671683
2023-03-16,1.0589972516,1.1994633002,1.0297372178,-1.33207843
2023-03-17,1.3121334956,1.2766370502,1.050334064,1.75982803
2023-03-20,1.1425969728,1.2609156145,1.0594849949,-1.2409872
2023-03-21,1.4323798512,1.3036990881,1.0895452657,-2.95428192
2023-03-22,1.0112187306,1.1914652604,1.1048431683,-1.66961745
2023-03-23,0.8281846705,1.1453027441,1.1122853724,-0.08717187
2023-03-24,0.8303965762,1.0489553602,1.1163461973,0.6425385
2023-03-27,0.9213894573,1.0047138572,1.1074894341,-0.14715888
2023-03-28,1.1692241867,0.9520827243,1.1102362302,0.24626146
2023-03-29,0.6118144157,0.8722018613,1.0932563605,-0.21224255
2023-03-30,0.8819597678,0.8829568807,1.0958272932,0.8688535
2023-03-31,0.7421771497,0.8653129954,1.0735959065,-0.84069
2023-04-03,0.9737993711,0.8757949782,1.0840997105,-0.50479942
2023-04-04,0.5287905915,0.7477082591,1.0727451368,-1.12556625
2023-04-05,0.7253577173,0.7704169195,1.0489793324,-0.4966974
2023-04-06,0.626295365,0.7192840389,1.0131703434,0.96363893
2023-04-07,0.920410536,0.7549307162,0.9970834354,-0.0359864
2023-04-10,0.6865525299,0.697481348,0.970090813,-1.5378548
2023-04-11,0.4856910626,0.6888614422,0.9500647365,-1.54718514
2023-04-12,0.478849531,0.6395598049,0.9163213447,-0.09873416
2023-04-13,0.3611140431,0.5865235405,0.877350961,0.02594514
2023-04-14,0.6788484819,0.5382111297,0.8367355343,0.09371939
2023-04-17,0.6876236256,0.5384253488,0.819854915,0.10530785
2023-04-18,0.7470304022,0.5906932168,0.7941684107,-2.40470146
2023-04-19,0.8571496719,0.6663532449,0.7811935334,0.9361606
2023-04-20,0.5283463239,0.6997997011,0.7401011003,-0.51319951
2023-04-21,0.46441608,0.6569132207,0.7152464344,0.41144072
2023-04-24,0.6128329385,0.6419550833,0.7054577193,-0.12926078
2023-04-25,0.4458891276,0.5817268284,0.687980108,0.64035571
2023-04-26,0.5571261729,0.5217221286,0.671422686,0.03523012
2023-04-27,0.5726093395,0.5305747317,0.6443038293,0.76271933
2023-04-28,0.5958130089,0.5568541175,0.6435764926,-0.66538107
2023-05-01,0.4175693059,0.517801391,0.6224678353,-0.24387537
2023-05-02,0.5757846936,0.5437805042,0.6149045418,0.18311538
2023-05-03,0.6606916556,0.5644936007,0.6006723729,-0.34743871
2023-05-04,0.4052802222,0.5310277773,0.5950582652,0.25914765
2023-05-05,0.4765675573,0.5071786869,0.5837496216,-0.2362233
2023-05-08,0.6094582471,0.5455564752,0.5829842981,1.43538167
2023-05-09,0.4404314674,0.5184858299,0.5611670677,0.06172559
2023-05-10,0.5561457551,0.4975766498,0.555239487,-0.63533773
2023-05-11,0.400176414,0.4965558882,0.5513524575,-0.32519497
2023-05-12,0.5381391182,0.5088702003,0.5540474387,-0.36022507
2023-05-15,0.5531510526,0.4976087614,0.5627763937,0.88078135
2023-05-16,0.7065524084,0.5508329496,0.5640356631,-0.43119509
2023-05-17,0.3094955465,0.5015029079,0.5468480231,-0.48902252
2023-05-18,0.2500109537,0.4714698159,0.52425623,0.18126781
2023-05-19,0.4500791409,0.4538578204,0.5057530241,-0.84727266
2023-05-22,0.5387989885,0.4509874076,0.5062281452,0.92694236
2023-05-23,0.7420530995,0.4580875458,0.5188480097,1.10425098
2023-05-24,0.5659523302,0.5093789026,0.516717073,0.49606468
2023-05-25,0.6256512543,0.5845069627,0.5248880787,-0.49395799
2023-05-26,0.6112918741,0.6167495093,0.5273501561,1.66993451
2023-05-29,0.5637392478,0.6217375612,0.5269469701,-1.55651662
2023-05-30,0.4416944818,0.5616658376,0.5199415825,0.38315419
2023-05-31,0.362359441,0.5209472598,0.5174320432,-0.12186223
2023-06-01,0.309568243,0.4577306575,0.5053312954,0.40168851
2023-06-02,0.4874978339,0.4329718495,0.497458849,0.57870515
2023-06-05,0.3044643378,0.3811168675,0.4928763088,0.04425091
2023-06-06,0.4078451915,0.3743470095,0.4897525649,0.27790567
2023-06-07,0.344886959,0.3708525131,0.4777265972,0.24751072
2023-06-08,0.3652509968,0.3819890638,0.4743093031,-0.22312379
2023-06-09,0.6122594845,0.4069413939,0.4768599272,1.05266319
2023-06-12,0.3127860897,0.4086057443,0.4728876397,0.8032111
2023-06-13,0.317651983,0.3905671026,0.4628654972,-0.57359891
2023-06-14,0.5929127276,0.4401722563,0.4646728461,-0.79347622
2023-06-15,0.5915571378,0.4854334845,0.4594457883,0.23113364
2023-06-16,0.4324973548,0.4494810586,0.4650367796,0.32010994
2023-06-19,0.6516533793,0.5172545165,0.4832932535,-0.91508002
2023-06-20,0.3733054576,0.5283852114,0.4798035406,0.02038475
2023-06-21,0.6426428357,0.538331233,0.4845237155,0.78646302
2023-06-22,1.0219475791,0.6244093213,0.4972461918,1.31257408
2023-06-23,0.5241855151,0.6427469534,0.4953477002,-0.67895787
2023-06-26,0.487855542,0.6099873859,0.4890842588,-0.04186057
2023-06-27,0.5876852969,0.6528633538,0.4880112325,-0.51661153
2023-06-28,0.6640041469,0.657135616,0.4925687279,-2.12458649
2023-06-29,0.6428611035,0.5813183209,0.5017126653,0.47623581
2023-06-30,0.5539053483,0.5872622875,0.5104192974,0.96075422
2023-07-03,0.4689950462,0.5834901884,0.5176659703,0.78887745
2023-07-04,0.7617887104,0.618310871,0.5301337374,-0.79405498
2023-07-05,0.5768481805,0.6008796778,0.5425148212,-1.45321674
2023-07-06,0.6361992926,0.5995473156,0.552894553,-0.46350074
2023-07-07,0.7401717536,0.6368005967,0.5708620437,1.37878908
2023-07-10,0.7812836833,0.6992583241,0.5897726204,-0.15338625
2023-07-11,0.4208325799,0.631067098,0.5810713974,-0.99409837
2023-07-12,0.5616212115,0.6280217042,0.5923820848,0.08942065
2023-07-13,0.5247852028,0.6057388862,0.6017972312,-1.46072649
2023-07-14,0.5338258387,0.5644697033,0.5991114635,0.08830528
2023-07-17,0.5299270531,0.5141983772,0.596310096,-0.31725536
2023-07-18,0.606368797,0.5513056206,0.6042133434,0.46864157
2023-07-19,0.6511568926,0.5692127568,0.6041907758,-0.16392055
2023-07-20,0.5210933736,0.568474391,0.6109084083,-0.67233966
2023-07-21,0.6491015258,0.5915295284,0.6112019852,2.702463
2023-07-24,0.4886169807,0.583267514,0.5869596852,0.1704084
2023-07-25,0.5685921159,0.5757121777,0.5889781671,0.05488301
2023-07-26,0.3301465174,0.5115101027,0.5818095751,-0.83551152
2023-07-27,0.364814964,0.4802544208,0.5716791054,-0.28660272
2023-07-28,0.7369907043,0.4978322565,0.5749966762,0.18525873
2023-07-31,0.6373877718,0.5275864147,0.5747478884,1.4467849
2023-08-01,0.480297228,0.5099274371,0.5714020647,1.23075734
2023-08-02,0.6580363099,0.5755053956,0.5799948494,0.70866985
